sku,category,sub_category,product_name,brand_name,high_price,low_price,tax,date_scrapped
12969,Mercearia,Massas e molhos,Molho de Tomate Heinz Tradicional Pouch com 300g,Heinz,3.59,3.49,0.0,2024-11-01
38763,Mercearia,Massas e molhos,Molho de Tomate Salsaretti Tradicional Pouch com 300g,Salsaretti,1.89,1.69,0.0,2024-11-01
13480,Mercearia,Massas e molhos,Molho de Tomate Salsaretti Passata Rústica Vidro com 680g,Salsaretti,12.99,12.49,0.0,2024-11-01
12948,Mercearia,Massas e molhos,Molho de Tomate Heinz Manjericão Pouch com 300g,Heinz,4.78,4.78,0.0,2024-11-01
12942,Mercearia,Massas e molhos,Molho de Tomate Heinz Bolonhesa Pouch com 300g,Heinz,4.89,4.69,0.0,2024-11-01
36732,Limpeza,Limpeza de cozinha,Detergente Líquido Ypê Neutro Frasco com 500ml,Ypê,2.39,2.19,0.0,2024-11-01
36708,Limpeza,Limpeza de cozinha,Detergente Líquido Ypê Clear Frasco com 500ml,Ypê,2.39,2.19,0.0,2024-11-01
36410,Limpeza,Limpeza de cozinha,Detergente Líquido Limpol Neutro Frasco com 500ml,Limpol,2.09,1.99,0.0,2024-11-01
36362,Limpeza,Limpeza de cozinha,Detergente Líquido Limpol Coco Frasco com 500ml,Limpol,2.09,1.99,0.0,2024-11-01
28319,Higiene e perfumaria,Higiene bucal,Creme Dental Colgate Máxima Proteção Anticáries Tubo com 90g,Colgate,3.89,3.64,0.0,2024-11-01
28585,Higiene e perfumaria,Higiene bucal,Creme Dental Colgate Tripla Ação Original Tubo com 90g,Colgate,4.44,4.24,0.0,2024-11-01
28697,Higiene e perfumaria,Higiene bucal,Creme Dental Oral-B 1-2-3 Tubo com 70g,Oral-B,2.29,2.29,0.0,2024-11-01
28745,Higiene e perfumaria,Higiene bucal,Creme Dental Oral-B 4 em 1 Tubo com 70g,Oral-B,3.58,3.58,0.0,2024-11-01
12460,Bebidas,Cervejas,Cerveja Heineken Lata com 269ml,Heineken,3.49,3.49,0.0,2024-11-01
13362,Bebidas,Cervejas,Cerveja Stella Artois Long neck com 330ml,Stella Artois,5.39,5.29,0.0,2024-11-01
13351,Bebidas,Cervejas,Cerveja Spaten Puro Malte Lata com 350ml,Spaten,4.35,4.25,0.0,2024-11-01
12498,Bebidas,Cervejas,Cerveja Heineken Zero Long neck com 330ml,Heineken,5.49,5.49,0.0,2024-11-01
13164,Bebidas,Cervejas,Cerveja Puro Malte Spaten Lata com 269ml,Spaten,2.99,2.99,0.0,2024-11-01
12490,Bebidas,Cervejas,Cerveja Heineken Zero Lata com 269ml,Heineken,3.49,3.49,0.0,2024-11-01
12389,Bebidas,Cervejas,Cerveja Estrella Galicia Lata com 350ml,Estrella Galicia,4.59,4.39,0.0,2024-11-01
12385,Bebidas,Cervejas,Cerveja Estrella Galicia Lata com 269ml,Estrella Galicia,3.29,3.09,0.0,2024-11-01
13356,Bebidas,Cervejas,Cerveja Spaten Puro Malte Long Neck com 355ml,Spaten,5.49,5.29,0.0,2024-11-01
12880,Bebidas,Cervejas,Cerveja Patagonia Amber Lager Lata com 350ml,Patagonia,5.69,5.49,0.0,2024-11-01
34777,Limpeza,Limpeza de casa,Limpador Perfumado Concentrado Coala Cereja e Avelã Frasco com 120ml,Coala,10.49,9.99,0.0,2024-11-01
1187,Mercearia,Massas e molhos,Macarrão com Ovos Dona Benta Espaguete Pacote com 500g,Dona Benta,3.59,3.19,0.0,2024-11-01
1061,Mercearia,Massas e molhos,Macarrão com Ovos Adria Espaguete Pacote com 500g,Adria,3.69,3.39,0.0,2024-11-01
1203,Mercearia,Massas e molhos,Macarrão com Ovos Dona Benta Penne Pacote com 500g,Dona Benta,3.59,3.19,0.0,2024-11-01
1090,Mercearia,Massas e molhos,Macarrão com Ovos Adria Pena Pacote com 500g,Adria,3.69,3.39,0.0,2024-11-01
1433,Mercearia,Massas e molhos,Macarrão com Ovos Renata Espaguete Pacote com 500g,Renata,3.79,3.49,0.0,2024-11-01
1065,Mercearia,Massas e molhos,Macarrão com Ovos Adria Espaguetinho Nº9 Pacote com 500g,Adria,3.69,3.39,0.0,2024-11-01
13073,Mercearia,"Cafés, chás e achocolatados",Filtro de Papel para Café Melitta Nº 103 Caixeta com 30 unidades,Melitta,3.99,3.69,0.0,2024-11-01
39240,Mercearia,Grãos,Milho para Pipoca Yoki Pacote com 400g,Yoki,5.49,4.99,0.0,2024-11-01
39238,Mercearia,Grãos,Milho para Pipoca Yoki Premium Pacote com 400g,Yoki,8.49,7.99,0.0,2024-11-01
31766,Limpeza,Limpeza de banheiro,Desinfetante Pinho Sol Original Frasco com 500ml,Pinho Sol,6.9,6.49,0.0,2024-11-01
38161,Limpeza,Limpeza de banheiro,Desinfetante Pinho Bril Plus Frasco com 500ml,Pinho Bril,4.88,4.55,0.0,2024-11-01
31494,Limpeza,Limpeza de banheiro,Desinfetante Lysoform Suave Frasco com 1L,Lysoform,14.9,14.1,0.0,2024-11-01
30600,Mercearia,Confeitaria,Leite Condensado Moça Integral Lata com 395g,Nestlé,8.49,8.09,0.0,2024-11-01
32839,Padaria e matinais,Leites,Leite Longa Vida Piracanjuba Com tampa Integral TP com 1L,Piracanjuba,5.39,5.19,0.0,2024-11-01
32447,Padaria e matinais,Leites,Leite Longa Vida Jussara Com tampa Integral TP com 1L,Jussara,5.39,5.19,0.0,2024-11-01
32828,Padaria e matinais,Leites,Leite Longa Vida Piracanjuba A2 Semidesnatado TP com 1L,Piracanjuba,6.49,6.49,0.0,2024-11-01
32452,Padaria e matinais,Leites,Leite Longa Vida Jussara Com tampa Semidesnatado TP com 1L,Jussara,5.39,5.19,0.0,2024-11-01
27280,Mercearia,Confeitaria,Creme de Leite Italac TP com 200g,Italac,3.05,2.79,0.0,2024-11-01
3984,Bebidas,Refrigerantes,Refrigerante Coca-Cola Sem açúcar Pet com 1L,Coca-Cola,5.69,5.49,0.0,2024-11-01
38145,Bebidas,Refrigerantes,Refrigerante Coca-Cola Sem açúcar Pet com 600ml,Coca-Cola,5.19,4.99,0.0,2024-11-01
36611,Mercearia,Massas e molhos,Queijo Parmesão Ralado Vigor Sachê com 50g,Vigor,6.2,5.79,0.0,2024-11-01
64,Mercearia,Massas e molhos,Queijo Ralado Parmesão Président Pacote com 50g,Président,5.6,5.19,0.0,2024-11-01
5350,Limpeza,Limpeza de banheiro,Água Sanitária Super Candida Frasco com 2L,Super Candida,5.49,4.95,0.0,2024-11-01
22295,Padaria e matinais,Pães e torradas,Pão de Forma Pullman Tradicional Pacote com 480g,Pullman,7.48,7.48,0.0,2024-11-01
17933,Mercearia,Chocolates,Chocolate Nestlé Crunch Unidade com 80g,Nestlé,6.79,6.19,0.0,2024-11-01
13743,Mercearia,Grãos,Arroz Camil Agulhinha - Tipo 1 Pacote com 5kg,Camil,29.9,29.69,0.0,2024-11-01
13757,Mercearia,Grãos,Arroz Camil Integral Pacote com 1kg,Camil,6.9,6.7,0.0,2024-11-01
9742,Mercearia,Grãos,Feijão Carioca Camil Tipo 1 Pacote com 1kg,Camil,6.05,5.95,0.0,2024-11-01
10394,Limpeza,Limpeza de roupas,Amaciante para Roupas Concentrado Comfort Azul Frasco com 500ml,Comfort,9.99,9.19,0.0,2024-11-01
10340,Limpeza,Limpeza de roupas,Amaciante para Roupas Comfort Lavanda Refil com 900ml,Comfort,14.9,13.9,0.0,2024-11-01
10382,Limpeza,Limpeza de roupas,"Amaciante para Roupas Concentrado Baby Soft Inspiração Fascinante Frasco com 1,5L",Baby Soft,14.5,13.5,0.0,2024-11-01
32659,Higiene e perfumaria,Desodorantes,Desodorante Aerossol Dove Men+Care Frasco com 200ml,Dove,19.9,18.9,0.0,2024-11-01
32932,Higiene e perfumaria,Desodorantes,Desodorante Aerossol Nivea Men Deep carvão Frasco com 150ml,Nivea,12.9,11.5,0.0,2024-11-01
29864,Limpeza,Limpeza de roupas,Tira Manchas em Gel Vanish Refil com 500ml,Vanish,11.7,10.7,0.0,2024-11-01
5057,Frios e congelados,Margarinas e manteigas,Manteiga Aviação Com sal Pote com 500g,Aviação,32.9,30.9,0.0,2024-11-01
5054,Frios e congelados,Margarinas e manteigas,Manteiga Aviação Com sal Pote com 200g,Aviação,0.0,0.0,0.0,2024-11-01
30248,Limpeza,Limpeza de roupas,Lava Roupas Líquido Omo Lavanda Refil com 900ml,Omo,13.9,12.9,0.0,2024-11-01
9235,Limpeza,Limpeza de roupas,Sabão em Barra Ypê Toque de Aveia e Coco Pacote com 5x180g,Ypê,14.9,13.9,0.0,2024-11-01
41949,Limpeza,Limpeza de roupas,Sabão em Barra Glicerinado Ypê Fresh Pacote com 900g,Ypê,14.89,13.89,0.0,2024-11-01
25610,Higiene e perfumaria,Papel higiênico,Papel Higiênico Personal Vip Folha dupla - 30m Pacote com 12 rolos,Personal,19.89,18.89,0.0,2024-11-01
11516,Higiene e perfumaria,Sabonetes,Sabonete Líquido Protex Nutri protect Refil com 500ml,Protex,18.9,17.5,0.0,2024-11-01
915,Mercearia,"Cafés, chás e achocolatados",Café 3 Corações Tradicional Pacote com 500g,3 Corações,19.98,19.98,0.0,2024-11-01
924,Mercearia,"Cafés, chás e achocolatados",Café 3 Corações Tradicional - Vácuo Pacote com 500g,3 Corações,19.98,19.98,0.0,2024-11-01
2584,Mercearia,"Cafés, chás e achocolatados",Café Melitta Sabor da Fazenda Vácuo Caixeta com 500g,Melitta,24.68,23.68,0.0,2024-11-01
2588,Mercearia,"Cafés, chás e achocolatados",Café Melitta Tradicional Pouch com 500g,Melitta,23.68,22.68,0.0,2024-11-01
3148,Mercearia,"Cafés, chás e achocolatados",Café Premium 3 Corações Estrada Real Pacote com 500g,3 Corações,24.48,23.48,0.0,2024-11-01
3259,Mercearia,"Cafés, chás e achocolatados",Café Sabor da Fazenda Tradicional Pouch com 500g,Melitta,24.68,23.68,0.0,2024-11-01
20602,Higiene e perfumaria,Cabelo,Shampoo Clear Ice Cool Menthol Frasco com 400ml,Clear,23.84,22.6,0.0,2024-11-01
20562,Higiene e perfumaria,Cabelo,Shampoo Clear 2 em 1 Frasco com 400ml,Clear,23.84,22.6,0.0,2024-11-01
20745,Higiene e perfumaria,Cabelo,Shampoo Elseve Hidra Hialurônico Frasco com 400ml,Elseve,24.99,23.99,0.0,2024-11-01
33807,Bebidas,Vinhos,Vinho Argentino Concha Y Toro Malbec Garrafa com 750ml,Concha Y Toro,29.8,28.3,0.0,2024-11-01
37130,Bebidas,Destilados,Cachaça Salinas Bálsamo Garrafa com 1L,Salinas,44.99,39.99,0.0,2024-11-01
37135,Bebidas,Destilados,Cachaça Salinas Ipê Garrafa com 700ml,Salinas,47.99,45.49,0.0,2024-11-01
37139,Bebidas,Destilados,Cachaça Salinas Tradicional Garrafa com 600ml,Salinas,36.49,35.49,0.0,2024-11-01
16327,Mercearia,"Azeites, óleos e vinagres",Azeite de Oliva Andorinha Extra Virgem Vidro com 500ml,Andorinha,45.8,43.8,0.0,2024-11-01
16464,Mercearia,"Azeites, óleos e vinagres",Azeite de Oliva Gallo Extra virgem Vidro com 500ml,Gallo,46.9,44.9,0.0,2024-11-01
39643,Mercearia,"Azeites, óleos e vinagres",Azeite de Oliva Deleyda Extra Virgem Premium Vidro com 500ml,Deleyda,74.9,70.9,0.0,2024-11-01
7433,Mercearia,Farinhas,Farinha de Mandioca D'Cheff Temperada Tradicional Pacote com 300g,D'Cheff,6.49,5.99,0.0,2024-11-01
12638,Mercearia,Temperos e condimentos,Molho de Pimenta Knorr Vermelha Pet com 150ml,Knorr,5.4,5.2,0.0,2024-11-01
26381,Mercearia,Temperos e condimentos,Ketchup Heinz Tradicional Pet com 397g,Heinz,11.89,11.89,0.0,2024-11-01
17035,Mercearia,Temperos e condimentos,Orégano Kitano Sachê com 10g,Kitano,3.49,3.49,0.0,2024-11-01
19822,Bebidas,Destilados,Gin Seagers Garrafa com 1L,Seagers,44.89,42.89,0.0,2024-11-01
5634,Mercearia,Temperos e condimentos,Ajinomoto Refil com 100g,Ajinomoto,6.99,6.29,0.0,2024-11-01
14436,Mercearia,Temperos e condimentos,Molho Shoyu Sakura Pet com 150ml,Sakura,3.49,3.15,0.0,2024-11-01
12293,Mercearia,Temperos e condimentos,Molho de Mostarda Heinz Pet com 255g,Heinz,11.99,11.99,0.0,2024-11-01
38668,Padaria e matinais,Pães e torradas,Pullman Rap 10 Original Pacote com 297g,Pullman,9.98,9.98,0.0,2024-11-01
5666,Limpeza,Limpeza de cozinha,Esponja Scotch-Brite Pacote com 4 unidades,Scotch-Brite,6.65,6.2,0.0,2024-11-01
5658,Limpeza,Limpeza de cozinha,Esponja Scotch-Brite Não Risca Pacote com 3 unidades,Scotch-Brite,8.15,7.35,0.0,2024-11-01
16022,Mercearia,Bomboniere,Chiclete Mentos Fresh Mint Unidade com 56g,Mentos,10.9,10.49,0.0,2024-11-01
12969,Mercearia,Massas e molhos,Molho de Tomate Heinz Tradicional Pouch com 300g,Heinz,3.59,3.49,0.0,2024-11-08
38763,Mercearia,Massas e molhos,Molho de Tomate Salsaretti Tradicional Pouch com 300g,Salsaretti,1.35,1.35,0.0,2024-11-08
13480,Mercearia,Massas e molhos,Molho de Tomate Salsaretti Passata Rústica Vidro com 680g,Salsaretti,10.9,10.9,0.0,2024-11-08
12948,Mercearia,Massas e molhos,Molho de Tomate Heinz Manjericão Pouch com 300g,Heinz,4.78,4.78,0.0,2024-11-08
12942,Mercearia,Massas e molhos,Molho de Tomate Heinz Bolonhesa Pouch com 300g,Heinz,4.89,4.69,0.0,2024-11-08
36708,Limpeza,Limpeza de cozinha,Detergente Líquido Ypê Clear Frasco com 500ml,Ypê,1.99,1.99,0.0,2024-11-08
36410,Limpeza,Limpeza de cozinha,Detergente Líquido Limpol Neutro Frasco com 500ml,Limpol,1.99,1.99,0.0,2024-11-08
36362,Limpeza,Limpeza de cozinha,Detergente Líquido Limpol Coco Frasco com 500ml,Limpol,1.99,1.99,0.0,2024-11-08
28319,Higiene e perfumaria,Higiene bucal,Creme Dental Colgate Máxima Proteção Anticáries Tubo com 90g,Colgate,3.89,3.64,0.0,2024-11-08
28585,Higiene e perfumaria,Higiene bucal,Creme Dental Colgate Tripla Ação Original Tubo com 90g,Colgate,4.44,4.24,0.0,2024-11-08
28697,Higiene e perfumaria,Higiene bucal,Creme Dental Oral-B 1-2-3 Tubo com 70g,Oral-B,2.39,2.39,0.0,2024-11-08
28745,Higiene e perfumaria,Higiene bucal,Creme Dental Oral-B 4 em 1 Tubo com 70g,Oral-B,3.98,3.98,0.0,2024-11-08
12460,Bebidas,Cervejas,Cerveja Heineken Lata com 269ml,Heineken,3.49,3.49,0.0,2024-11-08
13362,Bebidas,Cervejas,Cerveja Stella Artois Long neck com 330ml,Stella Artois,5.49,5.39,0.0,2024-11-08
12498,Bebidas,Cervejas,Cerveja Heineken Zero Long neck com 330ml,Heineken,5.49,5.49,0.0,2024-11-08
13351,Bebidas,Cervejas,Cerveja Spaten Puro Malte Lata com 350ml,Spaten,4.35,4.25,0.0,2024-11-08
13164,Bebidas,Cervejas,Cerveja Puro Malte Spaten Lata com 269ml,Spaten,3.09,2.99,0.0,2024-11-08
12490,Bebidas,Cervejas,Cerveja Heineken Zero Lata com 269ml,Heineken,3.49,3.49,0.0,2024-11-08
12389,Bebidas,Cervejas,Cerveja Estrella Galicia Lata com 350ml,Estrella Galicia,4.59,4.39,0.0,2024-11-08
12385,Bebidas,Cervejas,Cerveja Estrella Galicia Lata com 269ml,Estrella Galicia,3.29,3.09,0.0,2024-11-08
12880,Bebidas,Cervejas,Cerveja Patagonia Amber Lager Lata com 350ml,Patagonia,5.69,5.49,0.0,2024-11-08
13356,Bebidas,Cervejas,Cerveja Spaten Puro Malte Long Neck com 355ml,Spaten,5.49,5.29,0.0,2024-11-08
1187,Mercearia,Massas e molhos,Macarrão com Ovos Dona Benta Espaguete Pacote com 500g,Dona Benta,3.59,3.19,0.0,2024-11-08
1061,Mercearia,Massas e molhos,Macarrão com Ovos Adria Espaguete Pacote com 500g,Adria,3.55,3.29,0.0,2024-11-08
1203,Mercearia,Massas e molhos,Macarrão com Ovos Dona Benta Penne Pacote com 500g,Dona Benta,3.59,3.19,0.0,2024-11-08
1433,Mercearia,Massas e molhos,Macarrão com Ovos Renata Espaguete Pacote com 500g,Renata,3.79,3.49,0.0,2024-11-08
1065,Mercearia,Massas e molhos,Macarrão com Ovos Adria Espaguetinho Nº9 Pacote com 500g,Adria,3.55,3.29,0.0,2024-11-08
13073,Mercearia,"Cafés, chás e achocolatados",Filtro de Papel para Café Melitta Nº 103 Caixeta com 30 unidades,Melitta,3.99,3.69,0.0,2024-11-08
39240,Mercearia,Grãos,Milho para Pipoca Yoki Pacote com 400g,Yoki,5.49,4.99,0.0,2024-11-08
39238,Mercearia,Grãos,Milho para Pipoca Yoki Premium Pacote com 400g,Yoki,8.49,7.99,0.0,2024-11-08
31766,Limpeza,Limpeza de banheiro,Desinfetante Pinho Sol Original Frasco com 500ml,Pinho Sol,6.9,6.49,0.0,2024-11-08
38161,Limpeza,Limpeza de banheiro,Desinfetante Pinho Bril Plus Frasco com 500ml,Pinho Bril,3.99,3.99,0.0,2024-11-08
31494,Limpeza,Limpeza de banheiro,Desinfetante Lysoform Suave Frasco com 1L,Lysoform,12.99,12.99,0.0,2024-11-08
30600,Mercearia,Confeitaria,Leite Condensado Moça Integral Lata com 395g,Nestlé,7.09,7.09,0.0,2024-11-08
32839,Padaria e matinais,Leites,Leite Longa Vida Piracanjuba Com tampa Integral TP com 1L,Piracanjuba,5.35,5.15,0.0,2024-11-08
32447,Padaria e matinais,Leites,Leite Longa Vida Jussara Com tampa Integral TP com 1L,Jussara,5.19,4.95,0.0,2024-11-08
32828,Padaria e matinais,Leites,Leite Longa Vida Piracanjuba A2 Semidesnatado TP com 1L,Piracanjuba,6.49,6.49,0.0,2024-11-08
32452,Padaria e matinais,Leites,Leite Longa Vida Jussara Com tampa Semidesnatado TP com 1L,Jussara,5.19,4.95,0.0,2024-11-08
3984,Bebidas,Refrigerantes,Refrigerante Coca-Cola Sem açúcar Pet com 1L,Coca-Cola,5.69,5.49,0.0,2024-11-08
38145,Bebidas,Refrigerantes,Refrigerante Coca-Cola Sem açúcar Pet com 600ml,Coca-Cola,5.19,4.99,0.0,2024-11-08
36611,Mercearia,Massas e molhos,Queijo Parmesão Ralado Vigor Sachê com 50g,Vigor,5.49,5.49,0.0,2024-11-08
64,Mercearia,Massas e molhos,Queijo Ralado Parmesão Président Pacote com 50g,Président,5.6,5.19,0.0,2024-11-08
5350,Limpeza,Limpeza de banheiro,Água Sanitária Super Candida Frasco com 2L,Super Candida,5.48,4.94,0.0,2024-11-08
22295,Padaria e matinais,Pães e torradas,Pão de Forma Pullman Tradicional Pacote com 480g,Pullman,7.48,7.48,0.0,2024-11-08
17933,Mercearia,Chocolates,Chocolate Nestlé Crunch Unidade com 80g,Nestlé,6.79,6.19,0.0,2024-11-08
13743,Mercearia,Grãos,Arroz Camil Agulhinha - Tipo 1 Pacote com 5kg,Camil,29.9,29.69,0.0,2024-11-08
13757,Mercearia,Grãos,Arroz Camil Integral Pacote com 1kg,Camil,6.9,6.7,0.0,2024-11-08
9742,Mercearia,Grãos,Feijão Carioca Camil Tipo 1 Pacote com 1kg,Camil,6.15,5.95,0.0,2024-11-08
10394,Limpeza,Limpeza de roupas,Amaciante para Roupas Concentrado Comfort Azul Frasco com 500ml,Comfort,9.99,9.19,0.0,2024-11-08
10340,Limpeza,Limpeza de roupas,Amaciante para Roupas Comfort Lavanda Refil com 900ml,Comfort,14.9,13.9,0.0,2024-11-08
10382,Limpeza,Limpeza de roupas,"Amaciante para Roupas Concentrado Baby Soft Inspiração Fascinante Frasco com 1,5L",Baby Soft,14.5,13.5,0.0,2024-11-08
32659,Higiene e perfumaria,Desodorantes,Desodorante Aerossol Dove Men+Care Frasco com 200ml,Dove,14.9,14.9,0.0,2024-11-08
32932,Higiene e perfumaria,Desodorantes,Desodorante Aerossol Nivea Men Deep carvão Frasco com 150ml,Nivea,12.89,11.49,0.0,2024-11-08
29864,Limpeza,Limpeza de roupas,Tira Manchas em Gel Vanish Refil com 500ml,Vanish,11.9,10.9,0.0,2024-11-08
14304,Mercearia,Salgadinhos e snacks,Salgadinho Batata Pringles Creme e Cebola Tubo com 109g,Pringles,11.89,10.79,0.0,2024-11-08
5057,Frios e congelados,Margarinas e manteigas,Manteiga Aviação Com sal Pote com 500g,Aviação,32.9,30.9,0.0,2024-11-08
5054,Frios e congelados,Margarinas e manteigas,Manteiga Aviação Com sal Pote com 200g,Aviação,14.5,13.9,0.0,2024-11-08
30248,Limpeza,Limpeza de roupas,Lava Roupas Líquido Omo Lavanda Refil com 900ml,Omo,13.9,12.9,0.0,2024-11-08
9235,Limpeza,Limpeza de roupas,Sabão em Barra Ypê Toque de Aveia e Coco Pacote com 5x180g,Ypê,14.9,13.9,0.0,2024-11-08
41949,Limpeza,Limpeza de roupas,Sabão em Barra Glicerinado Ypê Fresh Pacote com 900g,Ypê,14.89,13.89,0.0,2024-11-08
25610,Higiene e perfumaria,Papel higiênico,Papel Higiênico Personal Vip Folha dupla - 30m Pacote com 12 rolos,Personal,16.89,16.89,0.0,2024-11-08
915,Mercearia,"Cafés, chás e achocolatados",Café 3 Corações Tradicional Pacote com 500g,3 Corações,19.98,19.98,0.0,2024-11-08
924,Mercearia,"Cafés, chás e achocolatados",Café 3 Corações Tradicional - Vácuo Pacote com 500g,3 Corações,19.98,19.98,0.0,2024-11-08
2584,Mercearia,"Cafés, chás e achocolatados",Café Melitta Sabor da Fazenda Vácuo Caixeta com 500g,Melitta,24.68,23.68,0.0,2024-11-08
2588,Mercearia,"Cafés, chás e achocolatados",Café Melitta Tradicional Pouch com 500g,Melitta,23.68,22.68,0.0,2024-11-08
3148,Mercearia,"Cafés, chás e achocolatados",Café Premium 3 Corações Estrada Real Pacote com 500g,3 Corações,24.48,23.48,0.0,2024-11-08
3259,Mercearia,"Cafés, chás e achocolatados",Café Sabor da Fazenda Tradicional Pouch com 500g,Melitta,24.68,23.68,0.0,2024-11-08
20602,Higiene e perfumaria,Cabelo,Shampoo Clear Ice Cool Menthol Frasco com 400ml,Clear,19.89,19.89,0.0,2024-11-08
20562,Higiene e perfumaria,Cabelo,Shampoo Clear 2 em 1 Frasco com 400ml,Clear,19.89,19.89,0.0,2024-11-08
20745,Higiene e perfumaria,Cabelo,Shampoo Elseve Hidra Hialurônico Frasco com 400ml,Elseve,24.99,23.99,0.0,2024-11-08
33807,Bebidas,Vinhos,Vinho Argentino Concha Y Toro Malbec Garrafa com 750ml,Concha Y Toro,29.8,28.3,0.0,2024-11-08
37130,Bebidas,Destilados,Cachaça Salinas Bálsamo Garrafa com 1L,Salinas,44.99,39.99,0.0,2024-11-08
37135,Bebidas,Destilados,Cachaça Salinas Ipê Garrafa com 700ml,Salinas,47.99,45.49,0.0,2024-11-08
37139,Bebidas,Destilados,Cachaça Salinas Tradicional Garrafa com 600ml,Salinas,36.49,35.49,0.0,2024-11-08
16327,Mercearia,"Azeites, óleos e vinagres",Azeite de Oliva Andorinha Extra Virgem Vidro com 500ml,Andorinha,45.8,43.8,0.0,2024-11-08
16464,Mercearia,"Azeites, óleos e vinagres",Azeite de Oliva Gallo Extra virgem Vidro com 500ml,Gallo,46.9,44.9,0.0,2024-11-08
39643,Mercearia,"Azeites, óleos e vinagres",Azeite de Oliva Deleyda Extra Virgem Premium Vidro com 500ml,Deleyda,74.9,70.9,0.0,2024-11-08
7433,Mercearia,Farinhas,Farinha de Mandioca D'Cheff Temperada Tradicional Pacote com 300g,D'Cheff,6.49,5.99,0.0,2024-11-08
12638,Mercearia,Temperos e condimentos,Molho de Pimenta Knorr Vermelha Pet com 150ml,Knorr,5.4,5.2,0.0,2024-11-08
26381,Mercearia,Temperos e condimentos,Ketchup Heinz Tradicional Pet com 397g,Heinz,13.49,12.88,0.0,2024-11-08
17035,Mercearia,Temperos e condimentos,Orégano Kitano Sachê com 10g,Kitano,3.89,3.59,0.0,2024-11-08
19822,Bebidas,Destilados,Gin Seagers Garrafa com 1L,Seagers,37.89,37.89,0.0,2024-11-08
5634,Mercearia,Temperos e condimentos,Ajinomoto Refil com 100g,Ajinomoto,6.99,6.29,0.0,2024-11-08
14436,Mercearia,Temperos e condimentos,Molho Shoyu Sakura Pet com 150ml,Sakura,3.49,3.15,0.0,2024-11-08
12293,Mercearia,Temperos e condimentos,Molho de Mostarda Heinz Pet com 255g,Heinz,12.89,12.89,0.0,2024-11-08
27280,Mercearia,Confeitaria,Creme de Leite Italac TP com 200g,Italac,2.65,2.65,0.0,2024-11-08
38668,Padaria e matinais,Pães e torradas,Pullman Rap 10 Original Pacote com 297g,Pullman,9.98,9.98,0.0,2024-11-08
5666,Limpeza,Limpeza de cozinha,Esponja Scotch-Brite Pacote com 4 unidades,Scotch-Brite,6.29,5.79,0.0,2024-11-08
5658,Limpeza,Limpeza de cozinha,Esponja Scotch-Brite Não Risca Pacote com 3 unidades,Scotch-Brite,8.15,7.35,0.0,2024-11-08
16022,Mercearia,Bomboniere,Chiclete Mentos Fresh Mint Unidade com 56g,Mentos,10.9,9.9,0.0,2024-11-08
34777,Limpeza,Limpeza de casa,Limpador Perfumado Concentrado Coala Cereja e Avelã Frasco com 120ml,Coala,8.99,8.99,0.0,2024-11-08
12969,Mercearia,Massas e molhos,Molho de Tomate Heinz Tradicional Pouch com 300g,Heinz,3.34,3.34,0.0,2024-11-15
38763,Mercearia,Massas e molhos,Molho de Tomate Salsaretti Tradicional Pouch com 300g,Salsaretti,1.89,1.79,0.0,2024-11-15
13480,Mercearia,Massas e molhos,Molho de Tomate Salsaretti Passata Rústica Vidro com 680g,Salsaretti,10.9,10.9,0.0,2024-11-15
12948,Mercearia,Massas e molhos,Molho de Tomate Heinz Manjericão Pouch com 300g,Heinz,4.78,4.78,0.0,2024-11-15
13206,Mercearia,Massas e molhos,Molho de Tomate Pomarola Chef Passata Vidro com 700g,Pomarola,18.9,18.3,0.0,2024-11-15
12942,Mercearia,Massas e molhos,Molho de Tomate Heinz Bolonhesa Pouch com 300g,Heinz,4.89,4.69,0.0,2024-11-15
36732,Limpeza,Limpeza de cozinha,Detergente Líquido Ypê Neutro Frasco com 500ml,Ypê,2.39,2.19,0.0,2024-11-15
36708,Limpeza,Limpeza de cozinha,Detergente Líquido Ypê Clear Frasco com 500ml,Ypê,2.39,2.19,0.0,2024-11-15
36410,Limpeza,Limpeza de cozinha,Detergente Líquido Limpol Neutro Frasco com 500ml,Limpol,2.25,2.15,0.0,2024-11-15
36362,Limpeza,Limpeza de cozinha,Detergente Líquido Limpol Coco Frasco com 500ml,Limpol,2.25,2.15,0.0,2024-11-15
28319,Higiene e perfumaria,Higiene bucal,Creme Dental Colgate Máxima Proteção Anticáries Tubo com 90g,Colgate,3.89,3.64,0.0,2024-11-15
28585,Higiene e perfumaria,Higiene bucal,Creme Dental Colgate Tripla Ação Original Tubo com 90g,Colgate,4.44,4.24,0.0,2024-11-15
28697,Higiene e perfumaria,Higiene bucal,Creme Dental Oral-B 1-2-3 Tubo com 70g,Oral-B,2.46,2.46,0.0,2024-11-15
28745,Higiene e perfumaria,Higiene bucal,Creme Dental Oral-B 4 em 1 Tubo com 70g,Oral-B,3.98,3.98,0.0,2024-11-15
12460,Bebidas,Cervejas,Cerveja Heineken Lata com 269ml,Heineken,3.99,3.99,0.0,2024-11-15
13362,Bebidas,Cervejas,Cerveja Stella Artois Long neck com 330ml,Stella Artois,5.59,5.49,0.0,2024-11-15
12498,Bebidas,Cervejas,Cerveja Heineken Zero Long neck com 330ml,Heineken,6.79,6.59,0.0,2024-11-15
13351,Bebidas,Cervejas,Cerveja Spaten Puro Malte Lata com 350ml,Spaten,4.35,4.25,0.0,2024-11-15
13164,Bebidas,Cervejas,Cerveja Puro Malte Spaten Lata com 269ml,Spaten,3.09,2.99,0.0,2024-11-15
12490,Bebidas,Cervejas,Cerveja Heineken Zero Lata com 269ml,Heineken,3.99,3.99,0.0,2024-11-15
12385,Bebidas,Cervejas,Cerveja Estrella Galicia Lata com 269ml,Estrella Galicia,3.49,3.29,0.0,2024-11-15
12389,Bebidas,Cervejas,Cerveja Estrella Galicia Lata com 350ml,Estrella Galicia,4.59,4.39,0.0,2024-11-15
13356,Bebidas,Cervejas,Cerveja Spaten Puro Malte Long Neck com 355ml,Spaten,3.99,3.99,0.0,2024-11-15
12880,Bebidas,Cervejas,Cerveja Patagonia Amber Lager Lata com 350ml,Patagonia,3.99,3.99,0.0,2024-11-15
34777,Limpeza,Limpeza de casa,Limpador Perfumado Concentrado Coala Cereja e Avelã Frasco com 120ml,Coala,8.99,8.99,0.0,2024-11-15
1187,Mercearia,Massas e molhos,Macarrão com Ovos Dona Benta Espaguete Pacote com 500g,Dona Benta,3.89,3.49,0.0,2024-11-15
1203,Mercearia,Massas e molhos,Macarrão com Ovos Dona Benta Penne Pacote com 500g,Dona Benta,3.89,3.49,0.0,2024-11-15
1065,Mercearia,Massas e molhos,Macarrão com Ovos Adria Espaguetinho Nº9 Pacote com 500g,Adria,3.65,3.29,0.0,2024-11-15
1433,Mercearia,Massas e molhos,Macarrão com Ovos Renata Espaguete Pacote com 500g,Renata,3.79,3.49,0.0,2024-11-15
13073,Mercearia,"Cafés, chás e achocolatados",Filtro de Papel para Café Melitta Nº 103 Caixeta com 30 unidades,Melitta,4.19,3.89,0.0,2024-11-15
39240,Mercearia,Grãos,Milho para Pipoca Yoki Pacote com 400g,Yoki,5.29,4.89,0.0,2024-11-15
39238,Mercearia,Grãos,Milho para Pipoca Yoki Premium Pacote com 400g,Yoki,8.29,7.79,0.0,2024-11-15
31766,Limpeza,Limpeza de banheiro,Desinfetante Pinho Sol Original Frasco com 500ml,Pinho Sol,6.9,6.49,0.0,2024-11-15
38161,Limpeza,Limpeza de banheiro,Desinfetante Pinho Bril Plus Frasco com 500ml,Pinho Bril,4.9,4.6,0.0,2024-11-15
31494,Limpeza,Limpeza de banheiro,Desinfetante Lysoform Suave Frasco com 1L,Lysoform,15.5,14.9,0.0,2024-11-15
30600,Mercearia,Confeitaria,Leite Condensado Moça Integral Lata com 395g,Nestlé,8.48,7.99,0.0,2024-11-15
32839,Padaria e matinais,Leites,Leite Longa Vida Piracanjuba Com tampa Integral TP com 1L,Piracanjuba,5.39,5.19,0.0,2024-11-15
32447,Padaria e matinais,Leites,Leite Longa Vida Jussara Com tampa Integral TP com 1L,Jussara,5.39,5.09,0.0,2024-11-15
32828,Padaria e matinais,Leites,Leite Longa Vida Piracanjuba A2 Semidesnatado TP com 1L,Piracanjuba,6.49,6.49,0.0,2024-11-15
38145,Bebidas,Refrigerantes,Refrigerante Coca-Cola Sem açúcar Pet com 600ml,Coca-Cola,5.19,4.99,0.0,2024-11-15
36611,Mercearia,Massas e molhos,Queijo Parmesão Ralado Vigor Sachê com 50g,Vigor,5.49,5.49,0.0,2024-11-15
64,Mercearia,Massas e molhos,Queijo Ralado Parmesão Président Pacote com 50g,Président,5.6,5.19,0.0,2024-11-15
5350,Limpeza,Limpeza de banheiro,Água Sanitária Super Candida Frasco com 2L,Super Candida,5.49,4.95,0.0,2024-11-15
22295,Padaria e matinais,Pães e torradas,Pão de Forma Pullman Tradicional Pacote com 480g,Pullman,5.98,5.98,0.0,2024-11-15
38793,Padaria e matinais,Pães e torradas,Pão de Forma Visconti Tradicional Pacote com 400g,Visconti,6.39,5.79,0.0,2024-11-15
17933,Mercearia,Chocolates,Chocolate Nestlé Crunch Unidade com 80g,Nestlé,6.79,5.99,0.0,2024-11-15
13743,Mercearia,Grãos,Arroz Camil Agulhinha - Tipo 1 Pacote com 5kg,Camil,31.9,31.69,0.0,2024-11-15
13757,Mercearia,Grãos,Arroz Camil Integral Pacote com 1kg,Camil,7.9,7.7,0.0,2024-11-15
9742,Mercearia,Grãos,Feijão Carioca Camil Tipo 1 Pacote com 1kg,Camil,6.95,6.75,0.0,2024-11-15
10394,Limpeza,Limpeza de roupas,Amaciante para Roupas Concentrado Comfort Azul Frasco com 500ml,Comfort,8.5,8.5,0.0,2024-11-15
10340,Limpeza,Limpeza de roupas,Amaciante para Roupas Comfort Lavanda Refil com 900ml,Comfort,14.9,13.9,0.0,2024-11-15
10382,Limpeza,Limpeza de roupas,"Amaciante para Roupas Concentrado Baby Soft Inspiração Fascinante Frasco com 1,5L",Baby Soft,14.5,13.5,0.0,2024-11-15
32659,Higiene e perfumaria,Desodorantes,Desodorante Aerossol Dove Men+Care Frasco com 200ml,Dove,15.9,15.9,0.0,2024-11-15
32932,Higiene e perfumaria,Desodorantes,Desodorante Aerossol Nivea Men Deep carvão Frasco com 150ml,Nivea,14.03,12.79,0.0,2024-11-15
29864,Limpeza,Limpeza de roupas,Tira Manchas em Gel Vanish Refil com 500ml,Vanish,11.9,10.9,0.0,2024-11-15
5057,Frios e congelados,Margarinas e manteigas,Manteiga Aviação Com sal Pote com 500g,Aviação,32.9,30.9,0.0,2024-11-15
5054,Frios e congelados,Margarinas e manteigas,Manteiga Aviação Com sal Pote com 200g,Aviação,14.5,13.9,0.0,2024-11-15
30248,Limpeza,Limpeza de roupas,Lava Roupas Líquido Omo Lavanda Refil com 900ml,Omo,13.99,13.99,0.0,2024-11-15
41949,Limpeza,Limpeza de roupas,Sabão em Barra Glicerinado Ypê Fresh Pacote com 900g,Ypê,14.89,13.89,0.0,2024-11-15
25610,Higiene e perfumaria,Papel higiênico,Papel Higiênico Personal Vip Folha dupla - 30m Pacote com 12 rolos,Personal,17.89,17.89,0.0,2024-11-15
915,Mercearia,"Cafés, chás e achocolatados",Café 3 Corações Tradicional Pacote com 500g,3 Corações,23.38,22.38,0.0,2024-11-15
924,Mercearia,"Cafés, chás e achocolatados",Café 3 Corações Tradicional - Vácuo Pacote com 500g,3 Corações,23.38,22.38,0.0,2024-11-15
2584,Mercearia,"Cafés, chás e achocolatados",Café Melitta Sabor da Fazenda Vácuo Caixeta com 500g,Melitta,24.68,23.68,0.0,2024-11-15
2588,Mercearia,"Cafés, chás e achocolatados",Café Melitta Tradicional Pouch com 500g,Melitta,20.98,20.98,0.0,2024-11-15
3148,Mercearia,"Cafés, chás e achocolatados",Café Premium 3 Corações Estrada Real Pacote com 500g,3 Corações,24.48,23.48,0.0,2024-11-15
3259,Mercearia,"Cafés, chás e achocolatados",Café Sabor da Fazenda Tradicional Pouch com 500g,Melitta,24.68,23.68,0.0,2024-11-15
20602,Higiene e perfumaria,Cabelo,Shampoo Clear Ice Cool Menthol Frasco com 400ml,Clear,19.89,19.89,0.0,2024-11-15
20562,Higiene e perfumaria,Cabelo,Shampoo Clear 2 em 1 Frasco com 400ml,Clear,19.89,19.89,0.0,2024-11-15
20745,Higiene e perfumaria,Cabelo,Shampoo Elseve Hidra Hialurônico Frasco com 400ml,Elseve,24.99,23.99,0.0,2024-11-15
33807,Bebidas,Vinhos,Vinho Argentino Concha Y Toro Malbec Garrafa com 750ml,Concha Y Toro,29.8,28.3,0.0,2024-11-15
37130,Bebidas,Destilados,Cachaça Salinas Bálsamo Garrafa com 1L,Salinas,46.99,44.99,0.0,2024-11-15
37139,Bebidas,Destilados,Cachaça Salinas Tradicional Garrafa com 600ml,Salinas,41.89,39.89,0.0,2024-11-15
37135,Bebidas,Destilados,Cachaça Salinas Ipê Garrafa com 700ml,Salinas,47.99,45.49,0.0,2024-11-15
16327,Mercearia,"Azeites, óleos e vinagres",Azeite de Oliva Andorinha Extra Virgem Vidro com 500ml,Andorinha,45.8,43.8,0.0,2024-11-15
16464,Mercearia,"Azeites, óleos e vinagres",Azeite de Oliva Gallo Extra virgem Vidro com 500ml,Gallo,45.7,43.7,0.0,2024-11-15
39643,Mercearia,"Azeites, óleos e vinagres",Azeite de Oliva Deleyda Extra Virgem Premium Vidro com 500ml,Deleyda,74.9,70.9,0.0,2024-11-15
7433,Mercearia,Farinhas,Farinha de Mandioca D'Cheff Temperada Tradicional Pacote com 300g,D'Cheff,6.49,5.99,0.0,2024-11-15
12638,Mercearia,Temperos e condimentos,Molho de Pimenta Knorr Vermelha Pet com 150ml,Knorr,5.4,5.2,0.0,2024-11-15
26381,Mercearia,Temperos e condimentos,Ketchup Heinz Tradicional Pet com 397g,Heinz,14.99,14.99,0.0,2024-11-15
17035,Mercearia,Temperos e condimentos,Orégano Kitano Sachê com 10g,Kitano,3.49,3.49,0.0,2024-11-15
19822,Bebidas,Destilados,Gin Seagers Garrafa com 1L,Seagers,44.89,42.89,0.0,2024-11-15
5634,Mercearia,Temperos e condimentos,Ajinomoto Refil com 100g,Ajinomoto,6.99,6.29,0.0,2024-11-15
14436,Mercearia,Temperos e condimentos,Molho Shoyu Sakura Pet com 150ml,Sakura,3.49,3.15,0.0,2024-11-15
12293,Mercearia,Temperos e condimentos,Molho de Mostarda Heinz Pet com 255g,Heinz,15.99,15.99,0.0,2024-11-15
27280,Mercearia,Confeitaria,Creme de Leite Italac TP com 200g,Italac,3.29,2.99,0.0,2024-11-15
38668,Padaria e matinais,Pães e torradas,Pullman Rap 10 Original Pacote com 297g,Pullman,9.98,9.98,0.0,2024-11-15
5666,Limpeza,Limpeza de cozinha,Esponja Scotch-Brite Pacote com 4 unidades,Scotch-Brite,7.49,6.9,0.0,2024-11-15
5658,Limpeza,Limpeza de cozinha,Esponja Scotch-Brite Não Risca Pacote com 3 unidades,Scotch-Brite,8.49,7.9,0.0,2024-11-15
16022,Mercearia,Bomboniere,Chiclete Mentos Fresh Mint Unidade com 56g,Mentos,10.9,9.9,0.0,2024-11-15
12969,Mercearia,Massas e molhos,Molho de Tomate Heinz Tradicional Pouch com 300g,Heinz,2.89,2.89,0.0,2024-11-22
38763,Mercearia,Massas e molhos,Molho de Tomate Salsaretti Tradicional Pouch com 300g,Salsaretti,1.9,1.79,0.0,2024-11-22
13480,Mercearia,Massas e molhos,Molho de Tomate Salsaretti Passata Rústica Vidro com 680g,Salsaretti,12.99,12.49,0.0,2024-11-22
12948,Mercearia,Massas e molhos,Molho de Tomate Heinz Manjericão Pouch com 300g,Heinz,4.78,4.78,0.0,2024-11-22
13206,Mercearia,Massas e molhos,Molho de Tomate Pomarola Chef Passata Vidro com 700g,Pomarola,18.9,18.3,0.0,2024-11-22
12942,Mercearia,Massas e molhos,Molho de Tomate Heinz Bolonhesa Pouch com 300g,Heinz,4.89,4.69,0.0,2024-11-22
36708,Limpeza,Limpeza de cozinha,Detergente Líquido Ypê Clear Frasco com 500ml,Ypê,2.39,2.19,0.0,2024-11-22
36732,Limpeza,Limpeza de cozinha,Detergente Líquido Ypê Neutro Frasco com 500ml,Ypê,2.39,2.19,0.0,2024-11-22
36410,Limpeza,Limpeza de cozinha,Detergente Líquido Limpol Neutro Frasco com 500ml,Limpol,2.15,1.99,0.0,2024-11-22
36362,Limpeza,Limpeza de cozinha,Detergente Líquido Limpol Coco Frasco com 500ml,Limpol,2.15,1.99,0.0,2024-11-22
28319,Higiene e perfumaria,Higiene bucal,Creme Dental Colgate Máxima Proteção Anticáries Tubo com 90g,Colgate,3.89,3.64,0.0,2024-11-22
28585,Higiene e perfumaria,Higiene bucal,Creme Dental Colgate Tripla Ação Original Tubo com 90g,Colgate,4.44,4.24,0.0,2024-11-22
28697,Higiene e perfumaria,Higiene bucal,Creme Dental Oral-B 1-2-3 Tubo com 70g,Oral-B,2.46,2.46,0.0,2024-11-22
28745,Higiene e perfumaria,Higiene bucal,Creme Dental Oral-B 4 em 1 Tubo com 70g,Oral-B,3.98,3.98,0.0,2024-11-22
12460,Bebidas,Cervejas,Cerveja Heineken Lata com 269ml,Heineken,4.29,4.09,0.0,2024-11-22
13362,Bebidas,Cervejas,Cerveja Stella Artois Long neck com 330ml,Stella Artois,5.09,5.09,0.0,2024-11-22
13351,Bebidas,Cervejas,Cerveja Spaten Puro Malte Lata com 350ml,Spaten,3.69,3.69,0.0,2024-11-22
12498,Bebidas,Cervejas,Cerveja Heineken Zero Long neck com 330ml,Heineken,6.79,6.49,0.0,2024-11-22
13164,Bebidas,Cervejas,Cerveja Puro Malte Spaten Lata com 269ml,Spaten,2.69,2.69,0.0,2024-11-22
12389,Bebidas,Cervejas,Cerveja Estrella Galicia Lata com 350ml,Estrella Galicia,4.59,4.39,0.0,2024-11-22
12385,Bebidas,Cervejas,Cerveja Estrella Galicia Lata com 269ml,Estrella Galicia,3.49,3.29,0.0,2024-11-22
13356,Bebidas,Cervejas,Cerveja Spaten Puro Malte Long Neck com 355ml,Spaten,5.49,5.29,0.0,2024-11-22
12880,Bebidas,Cervejas,Cerveja Patagonia Amber Lager Lata com 350ml,Patagonia,4.99,4.99,0.0,2024-11-22
34777,Limpeza,Limpeza de casa,Limpador Perfumado Concentrado Coala Cereja e Avelã Frasco com 120ml,Coala,11.5,10.5,0.0,2024-11-22
1187,Mercearia,Massas e molhos,Macarrão com Ovos Dona Benta Espaguete Pacote com 500g,Dona Benta,3.69,3.29,0.0,2024-11-22
1203,Mercearia,Massas e molhos,Macarrão com Ovos Dona Benta Penne Pacote com 500g,Dona Benta,3.69,3.29,0.0,2024-11-22
1065,Mercearia,Massas e molhos,Macarrão com Ovos Adria Espaguetinho Nº9 Pacote com 500g,Adria,3.65,3.29,0.0,2024-11-22
1433,Mercearia,Massas e molhos,Macarrão com Ovos Renata Espaguete Pacote com 500g,Renata,3.79,3.49,0.0,2024-11-22
13073,Mercearia,"Cafés, chás e achocolatados",Filtro de Papel para Café Melitta Nº 103 Caixeta com 30 unidades,Melitta,3.49,3.49,0.0,2024-11-22
39240,Mercearia,Grãos,Milho para Pipoca Yoki Pacote com 400g,Yoki,3.99,3.99,0.0,2024-11-22
39238,Mercearia,Grãos,Milho para Pipoca Yoki Premium Pacote com 400g,Yoki,8.29,7.79,0.0,2024-11-22
31766,Limpeza,Limpeza de banheiro,Desinfetante Pinho Sol Original Frasco com 500ml,Pinho Sol,6.9,6.49,0.0,2024-11-22
38161,Limpeza,Limpeza de banheiro,Desinfetante Pinho Bril Plus Frasco com 500ml,Pinho Bril,3.99,3.99,0.0,2024-11-22
31494,Limpeza,Limpeza de banheiro,Desinfetante Lysoform Suave Frasco com 1L,Lysoform,12.99,12.99,0.0,2024-11-22
30600,Mercearia,Confeitaria,Leite Condensado Moça Integral Lata com 395g,Nestlé,7.35,7.35,0.0,2024-11-22
32839,Padaria e matinais,Leites,Leite Longa Vida Piracanjuba Com tampa Integral TP com 1L,Piracanjuba,5.39,5.19,0.0,2024-11-22
32447,Padaria e matinais,Leites,Leite Longa Vida Jussara Com tampa Integral TP com 1L,Jussara,5.39,5.09,0.0,2024-11-22
32828,Padaria e matinais,Leites,Leite Longa Vida Piracanjuba A2 Semidesnatado TP com 1L,Piracanjuba,6.49,6.49,0.0,2024-11-22
32452,Padaria e matinais,Leites,Leite Longa Vida Jussara Com tampa Semidesnatado TP com 1L,Jussara,5.09,5.09,0.0,2024-11-22
3984,Bebidas,Refrigerantes,Refrigerante Coca-Cola Sem açúcar Pet com 1L,Coca-Cola,6.19,5.99,0.0,2024-11-22
38145,Bebidas,Refrigerantes,Refrigerante Coca-Cola Sem açúcar Pet com 600ml,Coca-Cola,5.19,4.99,0.0,2024-11-22
64,Mercearia,Massas e molhos,Queijo Ralado Parmesão Président Pacote com 50g,Président,5.6,5.19,0.0,2024-11-22
36611,Mercearia,Massas e molhos,Queijo Parmesão Ralado Vigor Sachê com 50g,Vigor,6.2,5.79,0.0,2024-11-22
5350,Limpeza,Limpeza de banheiro,Água Sanitária Super Candida Frasco com 2L,Super Candida,5.48,4.94,0.0,2024-11-22
22295,Padaria e matinais,Pães e torradas,Pão de Forma Pullman Tradicional Pacote com 480g,Pullman,7.48,7.48,0.0,2024-11-22
38793,Padaria e matinais,Pães e torradas,Pão de Forma Visconti Tradicional Pacote com 400g,Visconti,6.39,5.79,0.0,2024-11-22
17933,Mercearia,Chocolates,Chocolate Nestlé Crunch Unidade com 80g,Nestlé,6.79,5.99,0.0,2024-11-22
13743,Mercearia,Grãos,Arroz Camil Agulhinha - Tipo 1 Pacote com 5kg,Camil,29.95,29.59,0.0,2024-11-22
13757,Mercearia,Grãos,Arroz Camil Integral Pacote com 1kg,Camil,7.05,6.89,0.0,2024-11-22
10394,Limpeza,Limpeza de roupas,Amaciante para Roupas Concentrado Comfort Azul Frasco com 500ml,Comfort,9.99,9.29,0.0,2024-11-22
10340,Limpeza,Limpeza de roupas,Amaciante para Roupas Comfort Lavanda Refil com 900ml,Comfort,14.9,13.9,0.0,2024-11-22
10382,Limpeza,Limpeza de roupas,"Amaciante para Roupas Concentrado Baby Soft Inspiração Fascinante Frasco com 1,5L",Baby Soft,14.9,13.5,0.0,2024-11-22
32659,Higiene e perfumaria,Desodorantes,Desodorante Aerossol Dove Men+Care Frasco com 200ml,Dove,15.9,15.9,0.0,2024-11-22
32932,Higiene e perfumaria,Desodorantes,Desodorante Aerossol Nivea Men Deep carvão Frasco com 150ml,Nivea,13.5,11.9,0.0,2024-11-22
29864,Limpeza,Limpeza de roupas,Tira Manchas em Gel Vanish Refil com 500ml,Vanish,11.9,10.9,0.0,2024-11-22
14304,Mercearia,Salgadinhos e snacks,Salgadinho Batata Pringles Creme e Cebola Tubo com 109g,Pringles,11.89,10.79,0.0,2024-11-22
5057,Frios e congelados,Margarinas e manteigas,Manteiga Aviação Com sal Pote com 500g,Aviação,32.9,30.9,0.0,2024-11-22
5054,Frios e congelados,Margarinas e manteigas,Manteiga Aviação Com sal Pote com 200g,Aviação,14.5,13.9,0.0,2024-11-22
30248,Limpeza,Limpeza de roupas,Lava Roupas Líquido Omo Lavanda Refil com 900ml,Omo,13.99,13.19,0.0,2024-11-22
41949,Limpeza,Limpeza de roupas,Sabão em Barra Glicerinado Ypê Fresh Pacote com 900g,Ypê,14.89,13.89,0.0,2024-11-22
25621,Higiene e perfumaria,Papel higiênico,Papel Higiênico Personal Vip Folha dupla - 30m Pacote com 24 rolos,Personal,39.77,37.78,0.0,2024-11-22
25610,Higiene e perfumaria,Papel higiênico,Papel Higiênico Personal Vip Folha dupla - 30m Pacote com 12 rolos,Personal,19.89,18.89,0.0,2024-11-22
915,Mercearia,"Cafés, chás e achocolatados",Café 3 Corações Tradicional Pacote com 500g,3 Corações,23.48,22.48,0.0,2024-11-22
924,Mercearia,"Cafés, chás e achocolatados",Café 3 Corações Tradicional - Vácuo Pacote com 500g,3 Corações,23.48,22.48,0.0,2024-11-22
2584,Mercearia,"Cafés, chás e achocolatados",Café Melitta Sabor da Fazenda Vácuo Caixeta com 500g,Melitta,24.68,23.68,0.0,2024-11-22
2588,Mercearia,"Cafés, chás e achocolatados",Café Melitta Tradicional Pouch com 500g,Melitta,25.48,24.48,0.0,2024-11-22
3148,Mercearia,"Cafés, chás e achocolatados",Café Premium 3 Corações Estrada Real Pacote com 500g,3 Corações,24.48,23.48,0.0,2024-11-22
3259,Mercearia,"Cafés, chás e achocolatados",Café Sabor da Fazenda Tradicional Pouch com 500g,Melitta,24.68,23.68,0.0,2024-11-22
20602,Higiene e perfumaria,Cabelo,Shampoo Clear Ice Cool Menthol Frasco com 400ml,Clear,19.89,19.89,0.0,2024-11-22
20562,Higiene e perfumaria,Cabelo,Shampoo Clear 2 em 1 Frasco com 400ml,Clear,19.89,19.89,0.0,2024-11-22
20745,Higiene e perfumaria,Cabelo,Shampoo Elseve Hidra Hialurônico Frasco com 400ml,Elseve,24.99,23.99,0.0,2024-11-22
33807,Bebidas,Vinhos,Vinho Argentino Concha Y Toro Malbec Garrafa com 750ml,Concha Y Toro,26.9,26.9,0.0,2024-11-22
37130,Bebidas,Destilados,Cachaça Salinas Bálsamo Garrafa com 1L,Salinas,46.99,44.99,0.0,2024-11-22
37139,Bebidas,Destilados,Cachaça Salinas Tradicional Garrafa com 600ml,Salinas,41.89,39.89,0.0,2024-11-22
37135,Bebidas,Destilados,Cachaça Salinas Ipê Garrafa com 700ml,Salinas,47.99,45.49,0.0,2024-11-22
16327,Mercearia,"Azeites, óleos e vinagres",Azeite de Oliva Andorinha Extra Virgem Vidro com 500ml,Andorinha,45.8,43.8,0.0,2024-11-22
16464,Mercearia,"Azeites, óleos e vinagres",Azeite de Oliva Gallo Extra virgem Vidro com 500ml,Gallo,46.9,44.9,0.0,2024-11-22
39643,Mercearia,"Azeites, óleos e vinagres",Azeite de Oliva Deleyda Extra Virgem Premium Vidro com 500ml,Deleyda,74.9,70.9,0.0,2024-11-22
7433,Mercearia,Farinhas,Farinha de Mandioca D'Cheff Temperada Tradicional Pacote com 300g,D'Cheff,6.49,5.99,0.0,2024-11-22
12638,Mercearia,Temperos e condimentos,Molho de Pimenta Knorr Vermelha Pet com 150ml,Knorr,5.4,5.2,0.0,2024-11-22
26381,Mercearia,Temperos e condimentos,Ketchup Heinz Tradicional Pet com 397g,Heinz,14.99,14.99,0.0,2024-11-22
17035,Mercearia,Temperos e condimentos,Orégano Kitano Sachê com 10g,Kitano,3.49,3.49,0.0,2024-11-22
19822,Bebidas,Destilados,Gin Seagers Garrafa com 1L,Seagers,44.89,42.89,0.0,2024-11-22
5634,Mercearia,Temperos e condimentos,Ajinomoto Refil com 100g,Ajinomoto,6.99,6.29,0.0,2024-11-22
14436,Mercearia,Temperos e condimentos,Molho Shoyu Sakura Pet com 150ml,Sakura,3.79,3.39,0.0,2024-11-22
27280,Mercearia,Confeitaria,Creme de Leite Italac TP com 200g,Italac,3.29,2.99,0.0,2024-11-22
38668,Padaria e matinais,Pães e torradas,Pullman Rap 10 Original Pacote com 297g,Pullman,9.98,9.98,0.0,2024-11-22
5666,Limpeza,Limpeza de cozinha,Esponja Scotch-Brite Pacote com 4 unidades,Scotch-Brite,6.9,6.35,0.0,2024-11-22
5658,Limpeza,Limpeza de cozinha,Esponja Scotch-Brite Não Risca Pacote com 3 unidades,Scotch-Brite,8.15,7.35,0.0,2024-11-22
16022,Mercearia,Bomboniere,Chiclete Mentos Fresh Mint Unidade com 56g,Mentos,10.9,9.9,0.0,2024-11-22
12969,Mercearia,Massas e molhos,Molho de Tomate Heinz Tradicional Pouch com 300g,Heinz,3.49,3.39,0.0,2024-11-30
38763,Mercearia,Massas e molhos,Molho de Tomate Salsaretti Tradicional Pouch com 300g,Salsaretti,1.9,1.79,0.0,2024-11-30
13480,Mercearia,Massas e molhos,Molho de Tomate Salsaretti Passata Rústica Vidro com 680g,Salsaretti,10.9,10.9,0.0,2024-11-30
12948,Mercearia,Massas e molhos,Molho de Tomate Heinz Manjericão Pouch com 300g,Heinz,4.78,4.78,0.0,2024-11-30
13206,Mercearia,Massas e molhos,Molho de Tomate Pomarola Chef Passata Vidro com 700g,Pomarola,18.9,18.3,0.0,2024-11-30
12942,Mercearia,Massas e molhos,Molho de Tomate Heinz Bolonhesa Pouch com 300g,Heinz,4.89,4.69,0.0,2024-11-30
36708,Limpeza,Limpeza de cozinha,Detergente Líquido Ypê Clear Frasco com 500ml,Ypê,2.39,2.19,0.0,2024-11-30
36732,Limpeza,Limpeza de cozinha,Detergente Líquido Ypê Neutro Frasco com 500ml,Ypê,2.39,2.19,0.0,2024-11-30
36410,Limpeza,Limpeza de cozinha,Detergente Líquido Limpol Neutro Frasco com 500ml,Limpol,2.15,2.1,0.0,2024-11-30
28319,Higiene e perfumaria,Higiene bucal,Creme Dental Colgate Máxima Proteção Anticáries Tubo com 90g,Colgate,3.89,3.64,0.0,2024-11-30
28585,Higiene e perfumaria,Higiene bucal,Creme Dental Colgate Tripla Ação Original Tubo com 90g,Colgate,4.44,4.24,0.0,2024-11-30
28697,Higiene e perfumaria,Higiene bucal,Creme Dental Oral-B 1-2-3 Tubo com 70g,Oral-B,2.46,2.46,0.0,2024-11-30
28745,Higiene e perfumaria,Higiene bucal,Creme Dental Oral-B 4 em 1 Tubo com 70g,Oral-B,3.98,3.98,0.0,2024-11-30
12460,Bebidas,Cervejas,Cerveja Heineken Lata com 269ml,Heineken,4.29,4.09,0.0,2024-11-30
13362,Bebidas,Cervejas,Cerveja Stella Artois Long neck com 330ml,Stella Artois,5.59,5.49,0.0,2024-11-30
13164,Bebidas,Cervejas,Cerveja Puro Malte Spaten Lata com 269ml,Spaten,2.59,2.59,0.0,2024-11-30
12498,Bebidas,Cervejas,Cerveja Heineken Zero Long neck com 330ml,Heineken,6.79,6.49,0.0,2024-11-30
13351,Bebidas,Cervejas,Cerveja Spaten Puro Malte Lata com 350ml,Spaten,3.59,3.59,0.0,2024-11-30
12389,Bebidas,Cervejas,Cerveja Estrella Galicia Lata com 350ml,Estrella Galicia,2.99,2.99,0.0,2024-11-30
13356,Bebidas,Cervejas,Cerveja Spaten Puro Malte Long Neck com 355ml,Spaten,5.49,5.29,0.0,2024-11-30
34777,Limpeza,Limpeza de casa,Limpador Perfumado Concentrado Coala Cereja e Avelã Frasco com 120ml,Coala,11.5,10.5,0.0,2024-11-30
1187,Mercearia,Massas e molhos,Macarrão com Ovos Dona Benta Espaguete Pacote com 500g,Dona Benta,3.49,3.09,0.0,2024-11-30
1203,Mercearia,Massas e molhos,Macarrão com Ovos Dona Benta Penne Pacote com 500g,Dona Benta,3.49,3.09,0.0,2024-11-30
1433,Mercearia,Massas e molhos,Macarrão com Ovos Renata Espaguete Pacote com 500g,Renata,3.79,3.49,0.0,2024-11-30
1442,Mercearia,Massas e molhos,Macarrão com Ovos Renata Pena Pacote com 500g,Renata,3.79,3.49,0.0,2024-11-30
13073,Mercearia,"Cafés, chás e achocolatados",Filtro de Papel para Café Melitta Nº 103 Caixeta com 30 unidades,Melitta,3.99,3.69,0.0,2024-11-30
39240,Mercearia,Grãos,Milho para Pipoca Yoki Pacote com 400g,Yoki,3.49,3.49,0.0,2024-11-30
39238,Mercearia,Grãos,Milho para Pipoca Yoki Premium Pacote com 400g,Yoki,3.99,3.99,0.0,2024-11-30
31766,Limpeza,Limpeza de banheiro,Desinfetante Pinho Sol Original Frasco com 500ml,Pinho Sol,6.9,6.49,0.0,2024-11-30
38161,Limpeza,Limpeza de banheiro,Desinfetante Pinho Bril Plus Frasco com 500ml,Pinho Bril,3.99,3.99,0.0,2024-11-30
31494,Limpeza,Limpeza de banheiro,Desinfetante Lysoform Suave Frasco com 1L,Lysoform,10.49,10.49,0.0,2024-11-30
32839,Padaria e matinais,Leites,Leite Longa Vida Piracanjuba Com tampa Integral TP com 1L,Piracanjuba,5.45,5.15,0.0,2024-11-30
32447,Padaria e matinais,Leites,Leite Longa Vida Jussara Com tampa Integral TP com 1L,Jussara,5.25,4.99,0.0,2024-11-30
32828,Padaria e matinais,Leites,Leite Longa Vida Piracanjuba A2 Semidesnatado TP com 1L,Piracanjuba,6.49,6.49,0.0,2024-11-30
3984,Bebidas,Refrigerantes,Refrigerante Coca-Cola Sem açúcar Pet com 1L,Coca-Cola,6.19,5.99,0.0,2024-11-30
38145,Bebidas,Refrigerantes,Refrigerante Coca-Cola Sem açúcar Pet com 600ml,Coca-Cola,5.19,4.99,0.0,2024-11-30
64,Mercearia,Massas e molhos,Queijo Ralado Parmesão Président Pacote com 50g,Président,5.6,5.19,0.0,2024-11-30
36611,Mercearia,Massas e molhos,Queijo Parmesão Ralado Vigor Sachê com 50g,Vigor,6.2,5.79,0.0,2024-11-30
22295,Padaria e matinais,Pães e torradas,Pão de Forma Pullman Tradicional Pacote com 480g,Pullman,5.48,5.48,0.0,2024-11-30
38793,Padaria e matinais,Pães e torradas,Pão de Forma Visconti Tradicional Pacote com 400g,Visconti,6.39,5.79,0.0,2024-11-30
17933,Mercearia,Chocolates,Chocolate Nestlé Crunch Unidade com 80g,Nestlé,5.49,5.49,0.0,2024-11-30
44028,Limpeza,Limpeza de casa,Removedor Suprema Tradicional Frasco com 1L,Suprema,7.59,6.99,0.0,2024-11-30
13743,Mercearia,Grãos,Arroz Camil Agulhinha - Tipo 1 Pacote com 5kg,Camil,29.8,29.5,0.0,2024-11-30
13757,Mercearia,Grãos,Arroz Camil Integral Pacote com 1kg,Camil,7.05,6.89,0.0,2024-11-30
9742,Mercearia,Grãos,Feijão Carioca Camil Tipo 1 Pacote com 1kg,Camil,6.2,5.99,0.0,2024-11-30
10394,Limpeza,Limpeza de roupas,Amaciante para Roupas Concentrado Comfort Azul Frasco com 500ml,Comfort,9.99,9.29,0.0,2024-11-30
10340,Limpeza,Limpeza de roupas,Amaciante para Roupas Comfort Lavanda Refil com 900ml,Comfort,14.9,13.9,0.0,2024-11-30
10382,Limpeza,Limpeza de roupas,"Amaciante para Roupas Concentrado Baby Soft Inspiração Fascinante Frasco com 1,5L",Baby Soft,14.9,13.5,0.0,2024-11-30
32659,Higiene e perfumaria,Desodorantes,Desodorante Aerossol Dove Men+Care Frasco com 200ml,Dove,12.9,12.9,0.0,2024-11-30
29864,Limpeza,Limpeza de roupas,Tira Manchas em Gel Vanish Refil com 500ml,Vanish,12.9,11.9,0.0,2024-11-30
14304,Mercearia,Salgadinhos e snacks,Salgadinho Batata Pringles Creme e Cebola Tubo com 109g,Pringles,11.9,10.9,0.0,2024-11-30
5057,Frios e congelados,Margarinas e manteigas,Manteiga Aviação Com sal Pote com 500g,Aviação,27.9,27.9,0.0,2024-11-30
5054,Frios e congelados,Margarinas e manteigas,Manteiga Aviação Com sal Pote com 200g,Aviação,14.5,13.9,0.0,2024-11-30
30248,Limpeza,Limpeza de roupas,Lava Roupas Líquido Omo Lavanda Refil com 900ml,Omo,13.99,13.19,0.0,2024-11-30
41949,Limpeza,Limpeza de roupas,Sabão em Barra Glicerinado Ypê Fresh Pacote com 900g,Ypê,14.89,13.89,0.0,2024-11-30
25610,Higiene e perfumaria,Papel higiênico,Papel Higiênico Personal Vip Folha dupla - 30m Pacote com 12 rolos,Personal,19.89,18.89,0.0,2024-11-30
915,Mercearia,"Cafés, chás e achocolatados",Café 3 Corações Tradicional Pacote com 500g,3 Corações,23.48,22.48,0.0,2024-11-30
2584,Mercearia,"Cafés, chás e achocolatados",Café Melitta Sabor da Fazenda Vácuo Caixeta com 500g,Melitta,24.68,23.68,0.0,2024-11-30
2588,Mercearia,"Cafés, chás e achocolatados",Café Melitta Tradicional Pouch com 500g,Melitta,25.48,24.48,0.0,2024-11-30
3148,Mercearia,"Cafés, chás e achocolatados",Café Premium 3 Corações Estrada Real Pacote com 500g,3 Corações,24.48,23.48,0.0,2024-11-30
3259,Mercearia,"Cafés, chás e achocolatados",Café Sabor da Fazenda Tradicional Pouch com 500g,Melitta,24.68,23.68,0.0,2024-11-30
20602,Higiene e perfumaria,Cabelo,Shampoo Clear Ice Cool Menthol Frasco com 400ml,Clear,19.89,19.89,0.0,2024-11-30
20562,Higiene e perfumaria,Cabelo,Shampoo Clear 2 em 1 Frasco com 400ml,Clear,19.89,19.89,0.0,2024-11-30
20745,Higiene e perfumaria,Cabelo,Shampoo Elseve Hidra Hialurônico Frasco com 400ml,Elseve,24.99,23.99,0.0,2024-11-30
33807,Bebidas,Vinhos,Vinho Argentino Concha Y Toro Malbec Garrafa com 750ml,Concha Y Toro,25.9,25.9,0.0,2024-11-30
33964,Bebidas,Vinhos,Vinho Argentino Trapiche Malbec Garrafa com 750ml,Trapiche,36.9,34.9,0.0,2024-11-30
37130,Bebidas,Destilados,Cachaça Salinas Bálsamo Garrafa com 1L,Salinas,46.99,44.99,0.0,2024-11-30
37139,Bebidas,Destilados,Cachaça Salinas Tradicional Garrafa com 600ml,Salinas,41.89,39.89,0.0,2024-11-30
37135,Bebidas,Destilados,Cachaça Salinas Ipê Garrafa com 700ml,Salinas,47.99,45.49,0.0,2024-11-30
16464,Mercearia,"Azeites, óleos e vinagres",Azeite de Oliva Gallo Extra virgem Vidro com 500ml,Gallo,46.9,44.9,0.0,2024-11-30
39643,Mercearia,"Azeites, óleos e vinagres",Azeite de Oliva Deleyda Extra Virgem Premium Vidro com 500ml,Deleyda,74.9,70.9,0.0,2024-11-30
7433,Mercearia,Farinhas,Farinha de Mandioca D'Cheff Temperada Tradicional Pacote com 300g,D'Cheff,6.49,5.99,0.0,2024-11-30
12638,Mercearia,Temperos e condimentos,Molho de Pimenta Knorr Vermelha Pet com 150ml,Knorr,5.4,5.2,0.0,2024-11-30
26381,Mercearia,Temperos e condimentos,Ketchup Heinz Tradicional Pet com 397g,Heinz,14.99,14.99,0.0,2024-11-30
17035,Mercearia,Temperos e condimentos,Orégano Kitano Sachê com 10g,Kitano,3.49,3.49,0.0,2024-11-30
19822,Bebidas,Destilados,Gin Seagers Garrafa com 1L,Seagers,35.98,35.98,0.0,2024-11-30
5634,Mercearia,Temperos e condimentos,Ajinomoto Refil com 100g,Ajinomoto,6.99,6.29,0.0,2024-11-30
27280,Mercearia,Confeitaria,Creme de Leite Italac TP com 200g,Italac,3.29,2.99,0.0,2024-11-30
38668,Padaria e matinais,Pães e torradas,Pullman Rap 10 Original Pacote com 297g,Pullman,9.98,9.98,0.0,2024-11-30
5666,Limpeza,Limpeza de cozinha,Esponja Scotch-Brite Pacote com 4 unidades,Scotch-Brite,6.9,6.35,0.0,2024-11-30
5658,Limpeza,Limpeza de cozinha,Esponja Scotch-Brite Não Risca Pacote com 3 unidades,Scotch-Brite,8.15,7.35,0.0,2024-11-30
16022,Mercearia,Bomboniere,Chiclete Mentos Fresh Mint Unidade com 56g,Mentos,10.9,9.9,0.0,2024-11-30
12969,Mercearia,Massas e molhos,Molho de Tomate Heinz Tradicional Pouch com 300g,Heinz,3.19,2.89,0.0,2024-12-06
38763,Mercearia,Massas e molhos,Molho de Tomate Salsaretti Tradicional Pouch com 300g,Salsaretti,1.79,1.69,0.0,2024-12-06
13480,Mercearia,Massas e molhos,Molho de Tomate Salsaretti Passata Rústica Vidro com 680g,Salsaretti,12.99,12.49,0.0,2024-12-06
12948,Mercearia,Massas e molhos,Molho de Tomate Heinz Manjericão Pouch com 300g,Heinz,4.78,4.78,0.0,2024-12-06
13206,Mercearia,Massas e molhos,Molho de Tomate Pomarola Chef Passata Vidro com 700g,Pomarola,18.9,18.3,0.0,2024-12-06
12942,Mercearia,Massas e molhos,Molho de Tomate Heinz Bolonhesa Pouch com 300g,Heinz,4.89,4.69,0.0,2024-12-06
36708,Limpeza,Limpeza de cozinha,Detergente Líquido Ypê Clear Frasco com 500ml,Ypê,2.35,2.15,0.0,2024-12-06
36732,Limpeza,Limpeza de cozinha,Detergente Líquido Ypê Neutro Frasco com 500ml,Ypê,2.35,2.15,0.0,2024-12-06
36410,Limpeza,Limpeza de cozinha,Detergente Líquido Limpol Neutro Frasco com 500ml,Limpol,2.15,2.1,0.0,2024-12-06
36362,Limpeza,Limpeza de cozinha,Detergente Líquido Limpol Coco Frasco com 500ml,Limpol,2.15,2.1,0.0,2024-12-06
28319,Higiene e perfumaria,Higiene bucal,Creme Dental Colgate Máxima Proteção Anticáries Tubo com 90g,Colgate,3.89,3.64,0.0,2024-12-06
28585,Higiene e perfumaria,Higiene bucal,Creme Dental Colgate Tripla Ação Original Tubo com 90g,Colgate,4.44,4.24,0.0,2024-12-06
28697,Higiene e perfumaria,Higiene bucal,Creme Dental Oral-B 1-2-3 Tubo com 70g,Oral-B,2.65,2.65,0.0,2024-12-06
28745,Higiene e perfumaria,Higiene bucal,Creme Dental Oral-B 4 em 1 Tubo com 70g,Oral-B,4.2,3.8,0.0,2024-12-06
12460,Bebidas,Cervejas,Cerveja Heineken Lata com 269ml,Heineken,4.29,4.09,0.0,2024-12-06
13362,Bebidas,Cervejas,Cerveja Stella Artois Long neck com 330ml,Stella Artois,5.09,5.09,0.0,2024-12-06
13164,Bebidas,Cervejas,Cerveja Puro Malte Spaten Lata com 269ml,Spaten,2.69,2.69,0.0,2024-12-06
12498,Bebidas,Cervejas,Cerveja Heineken Zero Long neck com 330ml,Heineken,6.79,6.49,0.0,2024-12-06
13351,Bebidas,Cervejas,Cerveja Spaten Puro Malte Lata com 350ml,Spaten,3.89,3.89,0.0,2024-12-06
12389,Bebidas,Cervejas,Cerveja Estrella Galicia Lata com 350ml,Estrella Galicia,4.49,4.29,0.0,2024-12-06
13356,Bebidas,Cervejas,Cerveja Spaten Puro Malte Long Neck com 355ml,Spaten,5.49,5.29,0.0,2024-12-06
12880,Bebidas,Cervejas,Cerveja Patagonia Amber Lager Lata com 350ml,Patagonia,4.99,4.99,0.0,2024-12-06
1187,Mercearia,Massas e molhos,Macarrão com Ovos Dona Benta Espaguete Pacote com 500g,Dona Benta,3.59,3.19,0.0,2024-12-06
1203,Mercearia,Massas e molhos,Macarrão com Ovos Dona Benta Penne Pacote com 500g,Dona Benta,3.59,3.19,0.0,2024-12-06
1061,Mercearia,Massas e molhos,Macarrão com Ovos Adria Espaguete Pacote com 500g,Adria,3.69,3.29,0.0,2024-12-06
1090,Mercearia,Massas e molhos,Macarrão com Ovos Adria Pena Pacote com 500g,Adria,3.69,3.29,0.0,2024-12-06
1065,Mercearia,Massas e molhos,Macarrão com Ovos Adria Espaguetinho Nº9 Pacote com 500g,Adria,3.69,3.29,0.0,2024-12-06
1442,Mercearia,Massas e molhos,Macarrão com Ovos Renata Pena Pacote com 500g,Renata,3.79,3.49,0.0,2024-12-06
13073,Mercearia,"Cafés, chás e achocolatados",Filtro de Papel para Café Melitta Nº 103 Caixeta com 30 unidades,Melitta,3.99,3.69,0.0,2024-12-06
39240,Mercearia,Grãos,Milho para Pipoca Yoki Pacote com 400g,Yoki,5.29,4.79,0.0,2024-12-06
31766,Limpeza,Limpeza de banheiro,Desinfetante Pinho Sol Original Frasco com 500ml,Pinho Sol,6.9,6.49,0.0,2024-12-06
38161,Limpeza,Limpeza de banheiro,Desinfetante Pinho Bril Plus Frasco com 500ml,Pinho Bril,5.44,4.66,0.0,2024-12-06
31494,Limpeza,Limpeza de banheiro,Desinfetante Lysoform Suave Frasco com 1L,Lysoform,12.99,12.99,0.0,2024-12-06
32839,Padaria e matinais,Leites,Leite Longa Vida Piracanjuba Com tampa Integral TP com 1L,Piracanjuba,5.45,5.15,0.0,2024-12-06
32447,Padaria e matinais,Leites,Leite Longa Vida Jussara Com tampa Integral TP com 1L,Jussara,5.25,4.99,0.0,2024-12-06
32828,Padaria e matinais,Leites,Leite Longa Vida Piracanjuba A2 Semidesnatado TP com 1L,Piracanjuba,6.49,6.49,0.0,2024-12-06
3984,Bebidas,Refrigerantes,Refrigerante Coca-Cola Sem açúcar Pet com 1L,Coca-Cola,6.19,5.99,0.0,2024-12-06
38145,Bebidas,Refrigerantes,Refrigerante Coca-Cola Sem açúcar Pet com 600ml,Coca-Cola,5.19,4.99,0.0,2024-12-06
64,Mercearia,Massas e molhos,Queijo Ralado Parmesão Président Pacote com 50g,Président,5.6,5.19,0.0,2024-12-06
36611,Mercearia,Massas e molhos,Queijo Parmesão Ralado Vigor Sachê com 50g,Vigor,5.09,4.89,0.0,2024-12-06
22295,Padaria e matinais,Pães e torradas,Pão de Forma Pullman Tradicional Pacote com 480g,Pullman,8.48,8.48,0.0,2024-12-06
38793,Padaria e matinais,Pães e torradas,Pão de Forma Visconti Tradicional Pacote com 400g,Visconti,6.39,5.79,0.0,2024-12-06
17933,Mercearia,Chocolates,Chocolate Nestlé Crunch Unidade com 80g,Nestlé,6.79,5.99,0.0,2024-12-06
44028,Limpeza,Limpeza de casa,Removedor Suprema Tradicional Frasco com 1L,Suprema,7.59,6.99,0.0,2024-12-06
13743,Mercearia,Grãos,Arroz Camil Agulhinha - Tipo 1 Pacote com 5kg,Camil,29.8,29.5,0.0,2024-12-06
13757,Mercearia,Grãos,Arroz Camil Integral Pacote com 1kg,Camil,7.05,6.89,0.0,2024-12-06
9742,Mercearia,Grãos,Feijão Carioca Camil Tipo 1 Pacote com 1kg,Camil,5.59,5.59,0.0,2024-12-06
10394,Limpeza,Limpeza de roupas,Amaciante para Roupas Concentrado Comfort Azul Frasco com 500ml,Comfort,9.99,9.29,0.0,2024-12-06
10340,Limpeza,Limpeza de roupas,Amaciante para Roupas Comfort Lavanda Refil com 900ml,Comfort,14.9,13.9,0.0,2024-12-06
10382,Limpeza,Limpeza de roupas,"Amaciante para Roupas Concentrado Baby Soft Inspiração Fascinante Frasco com 1,5L",Baby Soft,14.9,12.9,0.0,2024-12-06
32659,Higiene e perfumaria,Desodorantes,Desodorante Aerossol Dove Men+Care Frasco com 200ml,Dove,17.9,17.9,0.0,2024-12-06
29864,Limpeza,Limpeza de roupas,Tira Manchas em Gel Vanish Refil com 500ml,Vanish,12.9,11.9,0.0,2024-12-06
14304,Mercearia,Salgadinhos e snacks,Salgadinho Batata Pringles Creme e Cebola Tubo com 109g,Pringles,11.89,10.79,0.0,2024-12-06
5057,Frios e congelados,Margarinas e manteigas,Manteiga Aviação Com sal Pote com 500g,Aviação,27.9,27.9,0.0,2024-12-06
5054,Frios e congelados,Margarinas e manteigas,Manteiga Aviação Com sal Pote com 200g,Aviação,14.5,13.9,0.0,2024-12-06
30248,Limpeza,Limpeza de roupas,Lava Roupas Líquido Omo Lavanda Refil com 900ml,Omo,13.99,13.19,0.0,2024-12-06
41949,Limpeza,Limpeza de roupas,Sabão em Barra Glicerinado Ypê Fresh Pacote com 900g,Ypê,14.89,13.89,0.0,2024-12-06
25610,Higiene e perfumaria,Papel higiênico,Papel Higiênico Personal Vip Folha dupla - 30m Pacote com 12 rolos,Personal,15.89,15.89,0.0,2024-12-06
915,Mercearia,"Cafés, chás e achocolatados",Café 3 Corações Tradicional Pacote com 500g,3 Corações,25.78,24.78,0.0,2024-12-06
2584,Mercearia,"Cafés, chás e achocolatados",Café Melitta Sabor da Fazenda Vácuo Caixeta com 500g,Melitta,27.48,26.48,0.0,2024-12-06
2588,Mercearia,"Cafés, chás e achocolatados",Café Melitta Tradicional Pouch com 500g,Melitta,25.98,24.98,0.0,2024-12-06
3148,Mercearia,"Cafés, chás e achocolatados",Café Premium 3 Corações Estrada Real Pacote com 500g,3 Corações,27.48,26.48,0.0,2024-12-06
3259,Mercearia,"Cafés, chás e achocolatados",Café Sabor da Fazenda Tradicional Pouch com 500g,Melitta,27.48,26.48,0.0,2024-12-06
20602,Higiene e perfumaria,Cabelo,Shampoo Clear Ice Cool Menthol Frasco com 400ml,Clear,19.89,19.89,0.0,2024-12-06
20562,Higiene e perfumaria,Cabelo,Shampoo Clear 2 em 1 Frasco com 400ml,Clear,19.89,19.89,0.0,2024-12-06
20745,Higiene e perfumaria,Cabelo,Shampoo Elseve Hidra Hialurônico Frasco com 400ml,Elseve,19.9,19.9,0.0,2024-12-06
33807,Bebidas,Vinhos,Vinho Argentino Concha Y Toro Malbec Garrafa com 750ml,Concha Y Toro,29.8,28.3,0.0,2024-12-06
33964,Bebidas,Vinhos,Vinho Argentino Trapiche Malbec Garrafa com 750ml,Trapiche,36.9,34.9,0.0,2024-12-06
37130,Bebidas,Destilados,Cachaça Salinas Bálsamo Garrafa com 1L,Salinas,46.99,44.99,0.0,2024-12-06
37139,Bebidas,Destilados,Cachaça Salinas Tradicional Garrafa com 600ml,Salinas,41.89,39.89,0.0,2024-12-06
37135,Bebidas,Destilados,Cachaça Salinas Ipê Garrafa com 700ml,Salinas,47.99,45.49,0.0,2024-12-06
16327,Mercearia,"Azeites, óleos e vinagres",Azeite de Oliva Andorinha Extra Virgem Vidro com 500ml,Andorinha,45.9,43.9,0.0,2024-12-06
16464,Mercearia,"Azeites, óleos e vinagres",Azeite de Oliva Gallo Extra virgem Vidro com 500ml,Gallo,46.9,44.9,0.0,2024-12-06
12638,Mercearia,Temperos e condimentos,Molho de Pimenta Knorr Vermelha Pet com 150ml,Knorr,5.4,5.2,0.0,2024-12-06
26381,Mercearia,Temperos e condimentos,Ketchup Heinz Tradicional Pet com 397g,Heinz,14.99,14.99,0.0,2024-12-06
17035,Mercearia,Temperos e condimentos,Orégano Kitano Sachê com 10g,Kitano,3.89,3.59,0.0,2024-12-06
19822,Bebidas,Destilados,Gin Seagers Garrafa com 1L,Seagers,42.89,40.79,0.0,2024-12-06
5634,Mercearia,Temperos e condimentos,Ajinomoto Refil com 100g,Ajinomoto,6.99,6.29,0.0,2024-12-06
14436,Mercearia,Temperos e condimentos,Molho Shoyu Sakura Pet com 150ml,Sakura,4.19,3.49,0.0,2024-12-06
27280,Mercearia,Confeitaria,Creme de Leite Italac TP com 200g,Italac,3.29,2.99,0.0,2024-12-06
38668,Padaria e matinais,Pães e torradas,Pullman Rap 10 Original Pacote com 297g,Pullman,9.98,9.98,0.0,2024-12-06
5666,Limpeza,Limpeza de cozinha,Esponja Scotch-Brite Pacote com 4 unidades,Scotch-Brite,6.9,6.35,0.0,2024-12-06
5658,Limpeza,Limpeza de cozinha,Esponja Scotch-Brite Não Risca Pacote com 3 unidades,Scotch-Brite,8.15,7.35,0.0,2024-12-06
16022,Mercearia,Bomboniere,Chiclete Mentos Fresh Mint Unidade com 56g,Mentos,10.9,9.9,0.0,2024-12-06
34777,Limpeza,Limpeza de casa,Limpador Perfumado Concentrado Coala Cereja e Avelã Frasco com 120ml,Coala,11.5,10.5,0.0,2024-12-06
12969,Mercearia,Massas e molhos,Molho de Tomate Heinz Tradicional Pouch com 300g,Heinz,2.84,2.84,0.0,2024-12-13
38763,Mercearia,Massas e molhos,Molho de Tomate Salsaretti Tradicional Pouch com 300g,Salsaretti,1.79,1.69,0.0,2024-12-13
13480,Mercearia,Massas e molhos,Molho de Tomate Salsaretti Passata Rústica Vidro com 680g,Salsaretti,12.99,12.49,0.0,2024-12-13
12948,Mercearia,Massas e molhos,Molho de Tomate Heinz Manjericão Pouch com 300g,Heinz,4.78,4.78,0.0,2024-12-13
12942,Mercearia,Massas e molhos,Molho de Tomate Heinz Bolonhesa Pouch com 300g,Heinz,4.89,4.69,0.0,2024-12-13
36708,Limpeza,Limpeza de cozinha,Detergente Líquido Ypê Clear Frasco com 500ml,Ypê,1.85,1.85,0.0,2024-12-13
36732,Limpeza,Limpeza de cozinha,Detergente Líquido Ypê Neutro Frasco com 500ml,Ypê,1.85,1.85,0.0,2024-12-13
36410,Limpeza,Limpeza de cozinha,Detergente Líquido Limpol Neutro Frasco com 500ml,Limpol,2.3,2.15,0.0,2024-12-13
36362,Limpeza,Limpeza de cozinha,Detergente Líquido Limpol Coco Frasco com 500ml,Limpol,2.3,2.15,0.0,2024-12-13
28319,Higiene e perfumaria,Higiene bucal,Creme Dental Colgate Máxima Proteção Anticáries Tubo com 90g,Colgate,3.89,3.64,0.0,2024-12-13
28585,Higiene e perfumaria,Higiene bucal,Creme Dental Colgate Tripla Ação Original Tubo com 90g,Colgate,4.44,4.24,0.0,2024-12-13
28697,Higiene e perfumaria,Higiene bucal,Creme Dental Oral-B 1-2-3 Tubo com 70g,Oral-B,2.39,2.39,0.0,2024-12-13
28745,Higiene e perfumaria,Higiene bucal,Creme Dental Oral-B 4 em 1 Tubo com 70g,Oral-B,4.2,3.8,0.0,2024-12-13
12460,Bebidas,Cervejas,Cerveja Heineken Lata com 269ml,Heineken,3.29,3.29,0.0,2024-12-13
13362,Bebidas,Cervejas,Cerveja Stella Artois Long neck com 330ml,Stella Artois,5.09,5.09,0.0,2024-12-13
13164,Bebidas,Cervejas,Cerveja Puro Malte Spaten Lata com 269ml,Spaten,2.69,2.69,0.0,2024-12-13
12498,Bebidas,Cervejas,Cerveja Heineken Zero Long neck com 330ml,Heineken,5.29,5.29,0.0,2024-12-13
13351,Bebidas,Cervejas,Cerveja Spaten Puro Malte Lata com 350ml,Spaten,3.89,3.89,0.0,2024-12-13
12490,Bebidas,Cervejas,Cerveja Heineken Zero Lata com 269ml,Heineken,3.29,3.29,0.0,2024-12-13
12389,Bebidas,Cervejas,Cerveja Estrella Galicia Lata com 350ml,Estrella Galicia,4.49,4.29,0.0,2024-12-13
13356,Bebidas,Cervejas,Cerveja Spaten Puro Malte Long Neck com 355ml,Spaten,5.49,5.29,0.0,2024-12-13
12880,Bebidas,Cervejas,Cerveja Patagonia Amber Lager Lata com 350ml,Patagonia,4.99,4.99,0.0,2024-12-13
1187,Mercearia,Massas e molhos,Macarrão com Ovos Dona Benta Espaguete Pacote com 500g,Dona Benta,2.69,2.69,0.0,2024-12-13
1203,Mercearia,Massas e molhos,Macarrão com Ovos Dona Benta Penne Pacote com 500g,Dona Benta,2.69,2.69,0.0,2024-12-13
1061,Mercearia,Massas e molhos,Macarrão com Ovos Adria Espaguete Pacote com 500g,Adria,2.99,2.99,0.0,2024-12-13
1090,Mercearia,Massas e molhos,Macarrão com Ovos Adria Pena Pacote com 500g,Adria,2.99,2.99,0.0,2024-12-13
1065,Mercearia,Massas e molhos,Macarrão com Ovos Adria Espaguetinho Nº9 Pacote com 500g,Adria,2.99,2.99,0.0,2024-12-13
1442,Mercearia,Massas e molhos,Macarrão com Ovos Renata Pena Pacote com 500g,Renata,3.79,3.49,0.0,2024-12-13
13073,Mercearia,"Cafés, chás e achocolatados",Filtro de Papel para Café Melitta Nº 103 Caixeta com 30 unidades,Melitta,3.99,3.69,0.0,2024-12-13
39240,Mercearia,Grãos,Milho para Pipoca Yoki Pacote com 400g,Yoki,5.29,4.79,0.0,2024-12-13
39238,Mercearia,Grãos,Milho para Pipoca Yoki Premium Pacote com 400g,Yoki,5.99,5.99,0.0,2024-12-13
31766,Limpeza,Limpeza de banheiro,Desinfetante Pinho Sol Original Frasco com 500ml,Pinho Sol,6.9,6.49,0.0,2024-12-13
38161,Limpeza,Limpeza de banheiro,Desinfetante Pinho Bril Plus Frasco com 500ml,Pinho Bril,5.44,4.66,0.0,2024-12-13
31494,Limpeza,Limpeza de banheiro,Desinfetante Lysoform Suave Frasco com 1L,Lysoform,15.5,14.9,0.0,2024-12-13
30600,Mercearia,Confeitaria,Leite Condensado Moça Integral Lata com 395g,Nestlé,8.39,7.79,0.0,2024-12-13
32447,Padaria e matinais,Leites,Leite Longa Vida Jussara Com tampa Integral TP com 1L,Jussara,5.25,4.99,0.0,2024-12-13
32452,Padaria e matinais,Leites,Leite Longa Vida Jussara Com tampa Semidesnatado TP com 1L,Jussara,5.25,4.99,0.0,2024-12-13
3984,Bebidas,Refrigerantes,Refrigerante Coca-Cola Sem açúcar Pet com 1L,Coca-Cola,6.19,5.99,0.0,2024-12-13
38145,Bebidas,Refrigerantes,Refrigerante Coca-Cola Sem açúcar Pet com 600ml,Coca-Cola,5.19,4.99,0.0,2024-12-13
64,Mercearia,Massas e molhos,Queijo Ralado Parmesão Président Pacote com 50g,Président,5.6,5.19,0.0,2024-12-13
36611,Mercearia,Massas e molhos,Queijo Parmesão Ralado Vigor Sachê com 50g,Vigor,5.35,5.05,0.0,2024-12-13
22295,Padaria e matinais,Pães e torradas,Pão de Forma Pullman Tradicional Pacote com 480g,Pullman,6.98,6.98,0.0,2024-12-13
38793,Padaria e matinais,Pães e torradas,Pão de Forma Visconti Tradicional Pacote com 400g,Visconti,6.39,5.79,0.0,2024-12-13
17933,Mercearia,Chocolates,Chocolate Nestlé Crunch Unidade com 80g,Nestlé,5.49,5.49,0.0,2024-12-13
44028,Limpeza,Limpeza de casa,Removedor Suprema Tradicional Frasco com 1L,Suprema,7.59,6.99,0.0,2024-12-13
13743,Mercearia,Grãos,Arroz Camil Agulhinha - Tipo 1 Pacote com 5kg,Camil,29.7,29.4,0.0,2024-12-13
13757,Mercearia,Grãos,Arroz Camil Integral Pacote com 1kg,Camil,7.05,6.89,0.0,2024-12-13
9742,Mercearia,Grãos,Feijão Carioca Camil Tipo 1 Pacote com 1kg,Camil,5.9,5.7,0.0,2024-12-13
10394,Limpeza,Limpeza de roupas,Amaciante para Roupas Concentrado Comfort Azul Frasco com 500ml,Comfort,7.9,7.9,0.0,2024-12-13
10340,Limpeza,Limpeza de roupas,Amaciante para Roupas Comfort Lavanda Refil com 900ml,Comfort,14.9,13.9,0.0,2024-12-13
10382,Limpeza,Limpeza de roupas,"Amaciante para Roupas Concentrado Baby Soft Inspiração Fascinante Frasco com 1,5L",Baby Soft,14.9,13.5,0.0,2024-12-13
32659,Higiene e perfumaria,Desodorantes,Desodorante Aerossol Dove Men+Care Frasco com 200ml,Dove,18.9,18.9,0.0,2024-12-13
29864,Limpeza,Limpeza de roupas,Tira Manchas em Gel Vanish Refil com 500ml,Vanish,10.5,10.5,0.0,2024-12-13
14304,Mercearia,Salgadinhos e snacks,Salgadinho Batata Pringles Creme e Cebola Tubo com 109g,Pringles,11.89,10.79,0.0,2024-12-13
5057,Frios e congelados,Margarinas e manteigas,Manteiga Aviação Com sal Pote com 500g,Aviação,27.9,27.9,0.0,2024-12-13
5054,Frios e congelados,Margarinas e manteigas,Manteiga Aviação Com sal Pote com 200g,Aviação,14.5,13.9,0.0,2024-12-13
30248,Limpeza,Limpeza de roupas,Lava Roupas Líquido Omo Lavanda Refil com 900ml,Omo,13.99,13.19,0.0,2024-12-13
9235,Limpeza,Limpeza de roupas,Sabão em Barra Ypê Toque de Aveia e Coco Pacote com 5x180g,Ypê,13.9,11.9,0.0,2024-12-13
41949,Limpeza,Limpeza de roupas,Sabão em Barra Glicerinado Ypê Fresh Pacote com 900g,Ypê,14.89,13.89,0.0,2024-12-13
25621,Higiene e perfumaria,Papel higiênico,Papel Higiênico Personal Vip Folha dupla - 30m Pacote com 24 rolos,Personal,33.78,33.78,0.0,2024-12-13
25610,Higiene e perfumaria,Papel higiênico,Papel Higiênico Personal Vip Folha dupla - 30m Pacote com 12 rolos,Personal,16.89,16.89,0.0,2024-12-13
915,Mercearia,"Cafés, chás e achocolatados",Café 3 Corações Tradicional Pacote com 500g,3 Corações,25.78,24.78,0.0,2024-12-13
2584,Mercearia,"Cafés, chás e achocolatados",Café Melitta Sabor da Fazenda Vácuo Caixeta com 500g,Melitta,27.48,26.48,0.0,2024-12-13
2588,Mercearia,"Cafés, chás e achocolatados",Café Melitta Tradicional Pouch com 500g,Melitta,25.98,24.98,0.0,2024-12-13
3148,Mercearia,"Cafés, chás e achocolatados",Café Premium 3 Corações Estrada Real Pacote com 500g,3 Corações,27.48,26.48,0.0,2024-12-13
3259,Mercearia,"Cafés, chás e achocolatados",Café Sabor da Fazenda Tradicional Pouch com 500g,Melitta,27.48,26.48,0.0,2024-12-13
20602,Higiene e perfumaria,Cabelo,Shampoo Clear Ice Cool Menthol Frasco com 400ml,Clear,19.89,19.89,0.0,2024-12-13
20562,Higiene e perfumaria,Cabelo,Shampoo Clear 2 em 1 Frasco com 400ml,Clear,19.89,19.89,0.0,2024-12-13
20745,Higiene e perfumaria,Cabelo,Shampoo Elseve Hidra Hialurônico Frasco com 400ml,Elseve,19.9,19.9,0.0,2024-12-13
33807,Bebidas,Vinhos,Vinho Argentino Concha Y Toro Malbec Garrafa com 750ml,Concha Y Toro,29.8,24.8,0.0,2024-12-13
33964,Bebidas,Vinhos,Vinho Argentino Trapiche Malbec Garrafa com 750ml,Trapiche,36.9,34.9,0.0,2024-12-13
37130,Bebidas,Destilados,Cachaça Salinas Bálsamo Garrafa com 1L,Salinas,46.99,44.99,0.0,2024-12-13
37139,Bebidas,Destilados,Cachaça Salinas Tradicional Garrafa com 600ml,Salinas,41.89,39.89,0.0,2024-12-13
37135,Bebidas,Destilados,Cachaça Salinas Ipê Garrafa com 700ml,Salinas,47.99,45.49,0.0,2024-12-13
16327,Mercearia,"Azeites, óleos e vinagres",Azeite de Oliva Andorinha Extra Virgem Vidro com 500ml,Andorinha,45.9,43.9,0.0,2024-12-13
16464,Mercearia,"Azeites, óleos e vinagres",Azeite de Oliva Gallo Extra virgem Vidro com 500ml,Gallo,46.9,44.9,0.0,2024-12-13
12638,Mercearia,Temperos e condimentos,Molho de Pimenta Knorr Vermelha Pet com 150ml,Knorr,5.4,5.2,0.0,2024-12-13
26381,Mercearia,Temperos e condimentos,Ketchup Heinz Tradicional Pet com 397g,Heinz,14.99,14.99,0.0,2024-12-13
17035,Mercearia,Temperos e condimentos,Orégano Kitano Sachê com 10g,Kitano,3.49,3.49,0.0,2024-12-13
19822,Bebidas,Destilados,Gin Seagers Garrafa com 1L,Seagers,42.89,40.79,0.0,2024-12-13
5634,Mercearia,Temperos e condimentos,Ajinomoto Refil com 100g,Ajinomoto,6.99,6.29,0.0,2024-12-13
14436,Mercearia,Temperos e condimentos,Molho Shoyu Sakura Pet com 150ml,Sakura,3.49,3.19,0.0,2024-12-13
27280,Mercearia,Confeitaria,Creme de Leite Italac TP com 200g,Italac,3.29,2.99,0.0,2024-12-13
38668,Padaria e matinais,Pães e torradas,Pullman Rap 10 Original Pacote com 297g,Pullman,9.98,9.98,0.0,2024-12-13
5666,Limpeza,Limpeza de cozinha,Esponja Scotch-Brite Pacote com 4 unidades,Scotch-Brite,4.98,4.98,0.0,2024-12-13
5658,Limpeza,Limpeza de cozinha,Esponja Scotch-Brite Não Risca Pacote com 3 unidades,Scotch-Brite,8.15,7.35,0.0,2024-12-13
16022,Mercearia,Bomboniere,Chiclete Mentos Fresh Mint Unidade com 56g,Mentos,10.9,9.9,0.0,2024-12-13
34777,Limpeza,Limpeza de casa,Limpador Perfumado Concentrado Coala Cereja e Avelã Frasco com 120ml,Coala,11.5,10.5,0.0,2024-12-13
12969,Mercearia,Massas e molhos,Molho de Tomate Heinz Tradicional Pouch com 300g,Heinz,2.89,2.89,0.0,2024-12-20
38763,Mercearia,Massas e molhos,Molho de Tomate Salsaretti Tradicional Pouch com 300g,Salsaretti,1.75,1.68,0.0,2024-12-20
13480,Mercearia,Massas e molhos,Molho de Tomate Salsaretti Passata Rústica Vidro com 680g,Salsaretti,12.99,12.49,0.0,2024-12-20
12948,Mercearia,Massas e molhos,Molho de Tomate Heinz Manjericão Pouch com 300g,Heinz,4.78,4.78,0.0,2024-12-20
12942,Mercearia,Massas e molhos,Molho de Tomate Heinz Bolonhesa Pouch com 300g,Heinz,4.89,4.69,0.0,2024-12-20
36708,Limpeza,Limpeza de cozinha,Detergente Líquido Ypê Clear Frasco com 500ml,Ypê,2.19,1.99,0.0,2024-12-20
36732,Limpeza,Limpeza de cozinha,Detergente Líquido Ypê Neutro Frasco com 500ml,Ypê,2.19,1.99,0.0,2024-12-20
36410,Limpeza,Limpeza de cozinha,Detergente Líquido Limpol Neutro Frasco com 500ml,Limpol,2.3,2.3,0.0,2024-12-20
36362,Limpeza,Limpeza de cozinha,Detergente Líquido Limpol Coco Frasco com 500ml,Limpol,2.3,2.3,0.0,2024-12-20
28319,Higiene e perfumaria,Higiene bucal,Creme Dental Colgate Máxima Proteção Anticáries Tubo com 90g,Colgate,3.89,3.64,0.0,2024-12-20
28585,Higiene e perfumaria,Higiene bucal,Creme Dental Colgate Tripla Ação Original Tubo com 90g,Colgate,4.44,4.24,0.0,2024-12-20
28697,Higiene e perfumaria,Higiene bucal,Creme Dental Oral-B 1-2-3 Tubo com 70g,Oral-B,2.65,2.65,0.0,2024-12-20
28745,Higiene e perfumaria,Higiene bucal,Creme Dental Oral-B 4 em 1 Tubo com 70g,Oral-B,4.2,3.8,0.0,2024-12-20
12460,Bebidas,Cervejas,Cerveja Heineken Lata com 269ml,Heineken,3.99,3.99,0.0,2024-12-20
13362,Bebidas,Cervejas,Cerveja Stella Artois Long neck com 330ml,Stella Artois,5.59,5.49,0.0,2024-12-20
13164,Bebidas,Cervejas,Cerveja Puro Malte Spaten Lata com 269ml,Spaten,2.79,2.79,0.0,2024-12-20
12498,Bebidas,Cervejas,Cerveja Heineken Zero Long neck com 330ml,Heineken,5.49,5.49,0.0,2024-12-20
12490,Bebidas,Cervejas,Cerveja Heineken Zero Lata com 269ml,Heineken,3.99,3.99,0.0,2024-12-20
13351,Bebidas,Cervejas,Cerveja Spaten Puro Malte Lata com 350ml,Spaten,4.35,4.25,0.0,2024-12-20
12389,Bebidas,Cervejas,Cerveja Estrella Galicia Lata com 350ml,Estrella Galicia,4.49,4.29,0.0,2024-12-20
13356,Bebidas,Cervejas,Cerveja Spaten Puro Malte Long Neck com 355ml,Spaten,5.49,5.29,0.0,2024-12-20
12880,Bebidas,Cervejas,Cerveja Patagonia Amber Lager Lata com 350ml,Patagonia,4.3,4.3,0.0,2024-12-20
1187,Mercearia,Massas e molhos,Macarrão com Ovos Dona Benta Espaguete Pacote com 500g,Dona Benta,2.79,2.79,0.0,2024-12-20
1203,Mercearia,Massas e molhos,Macarrão com Ovos Dona Benta Penne Pacote com 500g,Dona Benta,2.79,2.79,0.0,2024-12-20
1061,Mercearia,Massas e molhos,Macarrão com Ovos Adria Espaguete Pacote com 500g,Adria,2.89,2.89,0.0,2024-12-20
1090,Mercearia,Massas e molhos,Macarrão com Ovos Adria Pena Pacote com 500g,Adria,2.89,2.89,0.0,2024-12-20
1065,Mercearia,Massas e molhos,Macarrão com Ovos Adria Espaguetinho Nº9 Pacote com 500g,Adria,2.89,2.89,0.0,2024-12-20
1442,Mercearia,Massas e molhos,Macarrão com Ovos Renata Pena Pacote com 500g,Renata,3.79,3.49,0.0,2024-12-20
13073,Mercearia,"Cafés, chás e achocolatados",Filtro de Papel para Café Melitta Nº 103 Caixeta com 30 unidades,Melitta,3.99,3.69,0.0,2024-12-20
39240,Mercearia,Grãos,Milho para Pipoca Yoki Pacote com 400g,Yoki,5.29,4.79,0.0,2024-12-20
39238,Mercearia,Grãos,Milho para Pipoca Yoki Premium Pacote com 400g,Yoki,8.49,7.99,0.0,2024-12-20
31766,Limpeza,Limpeza de banheiro,Desinfetante Pinho Sol Original Frasco com 500ml,Pinho Sol,6.9,6.49,0.0,2024-12-20
38161,Limpeza,Limpeza de banheiro,Desinfetante Pinho Bril Plus Frasco com 500ml,Pinho Bril,3.98,3.98,0.0,2024-12-20
32839,Padaria e matinais,Leites,Leite Longa Vida Piracanjuba Com tampa Integral TP com 1L,Piracanjuba,5.59,5.29,0.0,2024-12-20
32447,Padaria e matinais,Leites,Leite Longa Vida Jussara Com tampa Integral TP com 1L,Jussara,5.25,4.99,0.0,2024-12-20
32452,Padaria e matinais,Leites,Leite Longa Vida Jussara Com tampa Semidesnatado TP com 1L,Jussara,5.25,4.99,0.0,2024-12-20
3984,Bebidas,Refrigerantes,Refrigerante Coca-Cola Sem açúcar Pet com 1L,Coca-Cola,6.19,5.99,0.0,2024-12-20
38145,Bebidas,Refrigerantes,Refrigerante Coca-Cola Sem açúcar Pet com 600ml,Coca-Cola,5.19,4.99,0.0,2024-12-20
36611,Mercearia,Massas e molhos,Queijo Parmesão Ralado Vigor Sachê com 50g,Vigor,4.69,4.39,0.0,2024-12-20
64,Mercearia,Massas e molhos,Queijo Ralado Parmesão Président Pacote com 50g,Président,5.6,5.19,0.0,2024-12-20
5350,Limpeza,Limpeza de banheiro,Água Sanitária Super Candida Frasco com 2L,Super Candida,5.48,4.94,0.0,2024-12-20
22295,Padaria e matinais,Pães e torradas,Pão de Forma Pullman Tradicional Pacote com 480g,Pullman,6.98,6.98,0.0,2024-12-20
38793,Padaria e matinais,Pães e torradas,Pão de Forma Visconti Tradicional Pacote com 400g,Visconti,6.39,5.79,0.0,2024-12-20
17933,Mercearia,Chocolates,Chocolate Nestlé Crunch Unidade com 80g,Nestlé,6.79,6.29,0.0,2024-12-20
13743,Mercearia,Grãos,Arroz Camil Agulhinha - Tipo 1 Pacote com 5kg,Camil,29.7,29.4,0.0,2024-12-20
13757,Mercearia,Grãos,Arroz Camil Integral Pacote com 1kg,Camil,7.05,6.89,0.0,2024-12-20
9742,Mercearia,Grãos,Feijão Carioca Camil Tipo 1 Pacote com 1kg,Camil,5.9,5.7,0.0,2024-12-20
10394,Limpeza,Limpeza de roupas,Amaciante para Roupas Concentrado Comfort Azul Frasco com 500ml,Comfort,9.9,9.29,0.0,2024-12-20
10340,Limpeza,Limpeza de roupas,Amaciante para Roupas Comfort Lavanda Refil com 900ml,Comfort,14.9,13.9,0.0,2024-12-20
10382,Limpeza,Limpeza de roupas,"Amaciante para Roupas Concentrado Baby Soft Inspiração Fascinante Frasco com 1,5L",Baby Soft,14.9,13.5,0.0,2024-12-20
32659,Higiene e perfumaria,Desodorantes,Desodorante Aerossol Dove Men+Care Frasco com 200ml,Dove,18.9,18.9,0.0,2024-12-20
29864,Limpeza,Limpeza de roupas,Tira Manchas em Gel Vanish Refil com 500ml,Vanish,12.9,11.9,0.0,2024-12-20
5057,Frios e congelados,Margarinas e manteigas,Manteiga Aviação Com sal Pote com 500g,Aviação,27.9,27.9,0.0,2024-12-20
5054,Frios e congelados,Margarinas e manteigas,Manteiga Aviação Com sal Pote com 200g,Aviação,14.5,13.9,0.0,2024-12-20
30248,Limpeza,Limpeza de roupas,Lava Roupas Líquido Omo Lavanda Refil com 900ml,Omo,13.99,13.19,0.0,2024-12-20
9235,Limpeza,Limpeza de roupas,Sabão em Barra Ypê Toque de Aveia e Coco Pacote com 5x180g,Ypê,13.9,11.9,0.0,2024-12-20
41949,Limpeza,Limpeza de roupas,Sabão em Barra Glicerinado Ypê Fresh Pacote com 900g,Ypê,11.79,10.89,0.0,2024-12-20
25621,Higiene e perfumaria,Papel higiênico,Papel Higiênico Personal Vip Folha dupla - 30m Pacote com 24 rolos,Personal,39.77,37.78,0.0,2024-12-20
25610,Higiene e perfumaria,Papel higiênico,Papel Higiênico Personal Vip Folha dupla - 30m Pacote com 12 rolos,Personal,19.89,18.89,0.0,2024-12-20
915,Mercearia,"Cafés, chás e achocolatados",Café 3 Corações Tradicional Pacote com 500g,3 Corações,25.78,24.78,0.0,2024-12-20
924,Mercearia,"Cafés, chás e achocolatados",Café 3 Corações Tradicional - Vácuo Pacote com 500g,3 Corações,25.78,24.78,0.0,2024-12-20
2584,Mercearia,"Cafés, chás e achocolatados",Café Melitta Sabor da Fazenda Vácuo Caixeta com 500g,Melitta,27.78,26.78,0.0,2024-12-20
2588,Mercearia,"Cafés, chás e achocolatados",Café Melitta Tradicional Pouch com 500g,Melitta,23.88,22.88,0.0,2024-12-20
3148,Mercearia,"Cafés, chás e achocolatados",Café Premium 3 Corações Estrada Real Pacote com 500g,3 Corações,27.48,26.48,0.0,2024-12-20
3259,Mercearia,"Cafés, chás e achocolatados",Café Sabor da Fazenda Tradicional Pouch com 500g,Melitta,27.78,26.78,0.0,2024-12-20
20602,Higiene e perfumaria,Cabelo,Shampoo Clear Ice Cool Menthol Frasco com 400ml,Clear,19.89,19.89,0.0,2024-12-20
20562,Higiene e perfumaria,Cabelo,Shampoo Clear 2 em 1 Frasco com 400ml,Clear,19.89,19.89,0.0,2024-12-20
20745,Higiene e perfumaria,Cabelo,Shampoo Elseve Hidra Hialurônico Frasco com 400ml,Elseve,23.9,22.9,0.0,2024-12-20
33807,Bebidas,Vinhos,Vinho Argentino Concha Y Toro Malbec Garrafa com 750ml,Concha Y Toro,29.8,24.8,0.0,2024-12-20
33964,Bebidas,Vinhos,Vinho Argentino Trapiche Malbec Garrafa com 750ml,Trapiche,36.9,34.9,0.0,2024-12-20
37130,Bebidas,Destilados,Cachaça Salinas Bálsamo Garrafa com 1L,Salinas,46.99,44.99,0.0,2024-12-20
37139,Bebidas,Destilados,Cachaça Salinas Tradicional Garrafa com 600ml,Salinas,41.89,39.89,0.0,2024-12-20
37135,Bebidas,Destilados,Cachaça Salinas Ipê Garrafa com 700ml,Salinas,47.99,45.49,0.0,2024-12-20
16327,Mercearia,"Azeites, óleos e vinagres",Azeite de Oliva Andorinha Extra Virgem Vidro com 500ml,Andorinha,45.9,43.9,0.0,2024-12-20
16464,Mercearia,"Azeites, óleos e vinagres",Azeite de Oliva Gallo Extra virgem Vidro com 500ml,Gallo,46.9,44.9,0.0,2024-12-20
7433,Mercearia,Farinhas,Farinha de Mandioca D'Cheff Temperada Tradicional Pacote com 300g,D'Cheff,6.49,5.99,0.0,2024-12-20
12638,Mercearia,Temperos e condimentos,Molho de Pimenta Knorr Vermelha Pet com 150ml,Knorr,5.4,5.2,0.0,2024-12-20
26381,Mercearia,Temperos e condimentos,Ketchup Heinz Tradicional Pet com 397g,Heinz,14.99,14.99,0.0,2024-12-20
19822,Bebidas,Destilados,Gin Seagers Garrafa com 1L,Seagers,42.89,40.79,0.0,2024-12-20
5634,Mercearia,Temperos e condimentos,Ajinomoto Refil com 100g,Ajinomoto,6.99,6.29,0.0,2024-12-20
14436,Mercearia,Temperos e condimentos,Molho Shoyu Sakura Pet com 150ml,Sakura,3.99,3.49,0.0,2024-12-20
27280,Mercearia,Confeitaria,Creme de Leite Italac TP com 200g,Italac,3.29,2.99,0.0,2024-12-20
38668,Padaria e matinais,Pães e torradas,Pullman Rap 10 Original Pacote com 297g,Pullman,9.98,9.98,0.0,2024-12-20
5666,Limpeza,Limpeza de cozinha,Esponja Scotch-Brite Pacote com 4 unidades,Scotch-Brite,5.98,5.98,0.0,2024-12-20
5658,Limpeza,Limpeza de cozinha,Esponja Scotch-Brite Não Risca Pacote com 3 unidades,Scotch-Brite,8.15,7.35,0.0,2024-12-20
16022,Mercearia,Bomboniere,Chiclete Mentos Fresh Mint Unidade com 56g,Mentos,10.9,9.9,0.0,2024-12-20
34777,Limpeza,Limpeza de casa,Limpador Perfumado Concentrado Coala Cereja e Avelã Frasco com 120ml,Coala,11.5,10.5,0.0,2024-12-20
12969,Mercearia,Massas e molhos,Molho de Tomate Heinz Tradicional Pouch com 300g,Heinz,3.39,3.39,0.0,2024-12-27
38763,Mercearia,Massas e molhos,Molho de Tomate Salsaretti Tradicional Pouch com 300g,Salsaretti,1.75,1.68,0.0,2024-12-27
13480,Mercearia,Massas e molhos,Molho de Tomate Salsaretti Passata Rústica Vidro com 680g,Salsaretti,12.99,12.49,0.0,2024-12-27
12948,Mercearia,Massas e molhos,Molho de Tomate Heinz Manjericão Pouch com 300g,Heinz,4.78,4.78,0.0,2024-12-27
12942,Mercearia,Massas e molhos,Molho de Tomate Heinz Bolonhesa Pouch com 300g,Heinz,4.89,4.69,0.0,2024-12-27
36708,Limpeza,Limpeza de cozinha,Detergente Líquido Ypê Clear Frasco com 500ml,Ypê,2.19,2.09,0.0,2024-12-27
36732,Limpeza,Limpeza de cozinha,Detergente Líquido Ypê Neutro Frasco com 500ml,Ypê,2.19,2.09,0.0,2024-12-27
36410,Limpeza,Limpeza de cozinha,Detergente Líquido Limpol Neutro Frasco com 500ml,Limpol,2.3,2.15,0.0,2024-12-27
36362,Limpeza,Limpeza de cozinha,Detergente Líquido Limpol Coco Frasco com 500ml,Limpol,2.3,2.15,0.0,2024-12-27
28319,Higiene e perfumaria,Higiene bucal,Creme Dental Colgate Máxima Proteção Anticáries Tubo com 90g,Colgate,3.89,3.64,0.0,2024-12-27
28585,Higiene e perfumaria,Higiene bucal,Creme Dental Colgate Tripla Ação Original Tubo com 90g,Colgate,4.44,4.24,0.0,2024-12-27
28697,Higiene e perfumaria,Higiene bucal,Creme Dental Oral-B 1-2-3 Tubo com 70g,Oral-B,2.65,2.65,0.0,2024-12-27
28745,Higiene e perfumaria,Higiene bucal,Creme Dental Oral-B 4 em 1 Tubo com 70g,Oral-B,4.2,3.8,0.0,2024-12-27
12460,Bebidas,Cervejas,Cerveja Heineken Lata com 269ml,Heineken,3.19,3.19,0.0,2024-12-27
13362,Bebidas,Cervejas,Cerveja Stella Artois Long neck com 330ml,Stella Artois,5.59,5.49,0.0,2024-12-27
13164,Bebidas,Cervejas,Cerveja Puro Malte Spaten Lata com 269ml,Spaten,2.58,2.58,0.0,2024-12-27
13351,Bebidas,Cervejas,Cerveja Spaten Puro Malte Lata com 350ml,Spaten,4.35,4.25,0.0,2024-12-27
12389,Bebidas,Cervejas,Cerveja Estrella Galicia Lata com 350ml,Estrella Galicia,4.49,4.29,0.0,2024-12-27
12880,Bebidas,Cervejas,Cerveja Patagonia Amber Lager Lata com 350ml,Patagonia,4.3,4.3,0.0,2024-12-27
34777,Limpeza,Limpeza de casa,Limpador Perfumado Concentrado Coala Cereja e Avelã Frasco com 120ml,Coala,11.5,10.5,0.0,2024-12-27
1187,Mercearia,Massas e molhos,Macarrão com Ovos Dona Benta Espaguete Pacote com 500g,Dona Benta,2.69,2.69,0.0,2024-12-27
1203,Mercearia,Massas e molhos,Macarrão com Ovos Dona Benta Penne Pacote com 500g,Dona Benta,2.69,2.69,0.0,2024-12-27
1061,Mercearia,Massas e molhos,Macarrão com Ovos Adria Espaguete Pacote com 500g,Adria,2.99,2.99,0.0,2024-12-27
1090,Mercearia,Massas e molhos,Macarrão com Ovos Adria Pena Pacote com 500g,Adria,2.99,2.99,0.0,2024-12-27
1065,Mercearia,Massas e molhos,Macarrão com Ovos Adria Espaguetinho Nº9 Pacote com 500g,Adria,2.99,2.99,0.0,2024-12-27
13073,Mercearia,"Cafés, chás e achocolatados",Filtro de Papel para Café Melitta Nº 103 Caixeta com 30 unidades,Melitta,3.99,3.69,0.0,2024-12-27
39240,Mercearia,Grãos,Milho para Pipoca Yoki Pacote com 400g,Yoki,5.29,4.79,0.0,2024-12-27
39238,Mercearia,Grãos,Milho para Pipoca Yoki Premium Pacote com 400g,Yoki,4.69,4.69,0.0,2024-12-27
31766,Limpeza,Limpeza de banheiro,Desinfetante Pinho Sol Original Frasco com 500ml,Pinho Sol,5.9,5.9,0.0,2024-12-27
38161,Limpeza,Limpeza de banheiro,Desinfetante Pinho Bril Plus Frasco com 500ml,Pinho Bril,5.44,4.66,0.0,2024-12-27
32839,Padaria e matinais,Leites,Leite Longa Vida Piracanjuba Com tampa Integral TP com 1L,Piracanjuba,5.59,5.29,0.0,2024-12-27
32447,Padaria e matinais,Leites,Leite Longa Vida Jussara Com tampa Integral TP com 1L,Jussara,3.98,3.98,0.0,2024-12-27
32452,Padaria e matinais,Leites,Leite Longa Vida Jussara Com tampa Semidesnatado TP com 1L,Jussara,3.98,3.98,0.0,2024-12-27
3984,Bebidas,Refrigerantes,Refrigerante Coca-Cola Sem açúcar Pet com 1L,Coca-Cola,5.29,5.29,0.0,2024-12-27
38145,Bebidas,Refrigerantes,Refrigerante Coca-Cola Sem açúcar Pet com 600ml,Coca-Cola,5.19,4.99,0.0,2024-12-27
36611,Mercearia,Massas e molhos,Queijo Parmesão Ralado Vigor Sachê com 50g,Vigor,4.89,4.89,0.0,2024-12-27
64,Mercearia,Massas e molhos,Queijo Ralado Parmesão Président Pacote com 50g,Président,5.6,5.19,0.0,2024-12-27
5350,Limpeza,Limpeza de banheiro,Água Sanitária Super Candida Frasco com 2L,Super Candida,5.48,4.94,0.0,2024-12-27
22295,Padaria e matinais,Pães e torradas,Pão de Forma Pullman Tradicional Pacote com 480g,Pullman,6.48,6.48,0.0,2024-12-27
38793,Padaria e matinais,Pães e torradas,Pão de Forma Visconti Tradicional Pacote com 400g,Visconti,6.39,5.79,0.0,2024-12-27
17933,Mercearia,Chocolates,Chocolate Nestlé Crunch Unidade com 80g,Nestlé,6.29,5.49,0.0,2024-12-27
13743,Mercearia,Grãos,Arroz Camil Agulhinha - Tipo 1 Pacote com 5kg,Camil,29.7,29.4,0.0,2024-12-27
13757,Mercearia,Grãos,Arroz Camil Integral Pacote com 1kg,Camil,7.05,6.89,0.0,2024-12-27
9742,Mercearia,Grãos,Feijão Carioca Camil Tipo 1 Pacote com 1kg,Camil,5.9,5.7,0.0,2024-12-27
10394,Limpeza,Limpeza de roupas,Amaciante para Roupas Concentrado Comfort Azul Frasco com 500ml,Comfort,7.99,7.99,0.0,2024-12-27
10340,Limpeza,Limpeza de roupas,Amaciante para Roupas Comfort Lavanda Refil com 900ml,Comfort,14.9,13.9,0.0,2024-12-27
10382,Limpeza,Limpeza de roupas,"Amaciante para Roupas Concentrado Baby Soft Inspiração Fascinante Frasco com 1,5L",Baby Soft,14.9,13.5,0.0,2024-12-27
32659,Higiene e perfumaria,Desodorantes,Desodorante Aerossol Dove Men+Care Frasco com 200ml,Dove,16.9,16.9,0.0,2024-12-27
29864,Limpeza,Limpeza de roupas,Tira Manchas em Gel Vanish Refil com 500ml,Vanish,12.9,11.9,0.0,2024-12-27
5057,Frios e congelados,Margarinas e manteigas,Manteiga Aviação Com sal Pote com 500g,Aviação,27.9,27.9,0.0,2024-12-27
5054,Frios e congelados,Margarinas e manteigas,Manteiga Aviação Com sal Pote com 200g,Aviação,14.5,13.9,0.0,2024-12-27
30248,Limpeza,Limpeza de roupas,Lava Roupas Líquido Omo Lavanda Refil com 900ml,Omo,13.99,13.19,0.0,2024-12-27
9235,Limpeza,Limpeza de roupas,Sabão em Barra Ypê Toque de Aveia e Coco Pacote com 5x180g,Ypê,13.9,11.9,0.0,2024-12-27
41949,Limpeza,Limpeza de roupas,Sabão em Barra Glicerinado Ypê Fresh Pacote com 900g,Ypê,14.89,13.0,0.0,2024-12-27
25621,Higiene e perfumaria,Papel higiênico,Papel Higiênico Personal Vip Folha dupla - 30m Pacote com 24 rolos,Personal,33.78,33.78,0.0,2024-12-27
25610,Higiene e perfumaria,Papel higiênico,Papel Higiênico Personal Vip Folha dupla - 30m Pacote com 12 rolos,Personal,16.89,16.89,0.0,2024-12-27
915,Mercearia,"Cafés, chás e achocolatados",Café 3 Corações Tradicional Pacote com 500g,3 Corações,22.98,22.98,0.0,2024-12-27
924,Mercearia,"Cafés, chás e achocolatados",Café 3 Corações Tradicional - Vácuo Pacote com 500g,3 Corações,22.98,22.98,0.0,2024-12-27
2584,Mercearia,"Cafés, chás e achocolatados",Café Melitta Sabor da Fazenda Vácuo Caixeta com 500g,Melitta,29.98,28.98,0.0,2024-12-27
3148,Mercearia,"Cafés, chás e achocolatados",Café Premium 3 Corações Estrada Real Pacote com 500g,3 Corações,27.48,26.48,0.0,2024-12-27
2588,Mercearia,"Cafés, chás e achocolatados",Café Melitta Tradicional Pouch com 500g,Melitta,23.98,23.98,0.0,2024-12-27
3259,Mercearia,"Cafés, chás e achocolatados",Café Sabor da Fazenda Tradicional Pouch com 500g,Melitta,29.98,28.98,0.0,2024-12-27
20602,Higiene e perfumaria,Cabelo,Shampoo Clear Ice Cool Menthol Frasco com 400ml,Clear,19.89,19.89,0.0,2024-12-27
20562,Higiene e perfumaria,Cabelo,Shampoo Clear 2 em 1 Frasco com 400ml,Clear,19.89,19.89,0.0,2024-12-27
20745,Higiene e perfumaria,Cabelo,Shampoo Elseve Hidra Hialurônico Frasco com 400ml,Elseve,23.9,22.9,0.0,2024-12-27
33807,Bebidas,Vinhos,Vinho Argentino Concha Y Toro Malbec Garrafa com 750ml,Concha Y Toro,29.8,24.8,0.0,2024-12-27
37130,Bebidas,Destilados,Cachaça Salinas Bálsamo Garrafa com 1L,Salinas,46.99,44.99,0.0,2024-12-27
37139,Bebidas,Destilados,Cachaça Salinas Tradicional Garrafa com 600ml,Salinas,41.89,39.89,0.0,2024-12-27
37135,Bebidas,Destilados,Cachaça Salinas Ipê Garrafa com 700ml,Salinas,47.99,45.49,0.0,2024-12-27
16327,Mercearia,"Azeites, óleos e vinagres",Azeite de Oliva Andorinha Extra Virgem Vidro com 500ml,Andorinha,38.9,38.9,0.0,2024-12-27
16464,Mercearia,"Azeites, óleos e vinagres",Azeite de Oliva Gallo Extra virgem Vidro com 500ml,Gallo,46.9,44.9,0.0,2024-12-27
7433,Mercearia,Farinhas,Farinha de Mandioca D'Cheff Temperada Tradicional Pacote com 300g,D'Cheff,6.49,5.99,0.0,2024-12-27
12638,Mercearia,Temperos e condimentos,Molho de Pimenta Knorr Vermelha Pet com 150ml,Knorr,5.4,5.2,0.0,2024-12-27
26381,Mercearia,Temperos e condimentos,Ketchup Heinz Tradicional Pet com 397g,Heinz,14.99,14.99,0.0,2024-12-27
17035,Mercearia,Temperos e condimentos,Orégano Kitano Sachê com 10g,Kitano,3.49,3.49,0.0,2024-12-27
19822,Bebidas,Destilados,Gin Seagers Garrafa com 1L,Seagers,42.89,40.79,0.0,2024-12-27
5634,Mercearia,Temperos e condimentos,Ajinomoto Refil com 100g,Ajinomoto,6.99,6.29,0.0,2024-12-27
38668,Padaria e matinais,Pães e torradas,Pullman Rap 10 Original Pacote com 297g,Pullman,9.98,9.98,0.0,2024-12-27
5658,Limpeza,Limpeza de cozinha,Esponja Scotch-Brite Não Risca Pacote com 3 unidades,Scotch-Brite,8.15,7.35,0.0,2024-12-27
16022,Mercearia,Bomboniere,Chiclete Mentos Fresh Mint Unidade com 56g,Mentos,7.9,7.9,0.0,2024-12-27
12969,Mercearia,Massas e molhos,Molho de Tomate Heinz Tradicional Pouch com 300g,Heinz,3.39,3.39,0.0,2025-01-03
38763,Mercearia,Massas e molhos,Molho de Tomate Salsaretti Tradicional Pouch com 300g,Salsaretti,1.75,1.68,0.0,2025-01-03
13480,Mercearia,Massas e molhos,Molho de Tomate Salsaretti Passata Rústica Vidro com 680g,Salsaretti,12.99,12.49,0.0,2025-01-03
12948,Mercearia,Massas e molhos,Molho de Tomate Heinz Manjericão Pouch com 300g,Heinz,4.78,4.78,0.0,2025-01-03
13206,Mercearia,Massas e molhos,Molho de Tomate Pomarola Chef Passata Vidro com 700g,Pomarola,18.9,18.3,0.0,2025-01-03
12942,Mercearia,Massas e molhos,Molho de Tomate Heinz Bolonhesa Pouch com 300g,Heinz,4.89,4.69,0.0,2025-01-03
36708,Limpeza,Limpeza de cozinha,Detergente Líquido Ypê Clear Frasco com 500ml,Ypê,1.99,1.99,0.0,2025-01-03
36732,Limpeza,Limpeza de cozinha,Detergente Líquido Ypê Neutro Frasco com 500ml,Ypê,1.99,1.99,0.0,2025-01-03
36410,Limpeza,Limpeza de cozinha,Detergente Líquido Limpol Neutro Frasco com 500ml,Limpol,2.05,2.05,0.0,2025-01-03
36362,Limpeza,Limpeza de cozinha,Detergente Líquido Limpol Coco Frasco com 500ml,Limpol,2.05,2.05,0.0,2025-01-03
28319,Higiene e perfumaria,Higiene bucal,Creme Dental Colgate Máxima Proteção Anticáries Tubo com 90g,Colgate,3.89,3.64,0.0,2025-01-03
28585,Higiene e perfumaria,Higiene bucal,Creme Dental Colgate Tripla Ação Original Tubo com 90g,Colgate,4.44,4.24,0.0,2025-01-03
28697,Higiene e perfumaria,Higiene bucal,Creme Dental Oral-B 1-2-3 Tubo com 70g,Oral-B,2.65,2.65,0.0,2025-01-03
28745,Higiene e perfumaria,Higiene bucal,Creme Dental Oral-B 4 em 1 Tubo com 70g,Oral-B,4.2,3.8,0.0,2025-01-03
13362,Bebidas,Cervejas,Cerveja Stella Artois Long neck com 330ml,Stella Artois,5.59,5.49,0.0,2025-01-03
13164,Bebidas,Cervejas,Cerveja Puro Malte Spaten Lata com 269ml,Spaten,3.19,3.09,0.0,2025-01-03
12498,Bebidas,Cervejas,Cerveja Heineken Zero Long neck com 330ml,Heineken,6.79,6.49,0.0,2025-01-03
13351,Bebidas,Cervejas,Cerveja Spaten Puro Malte Lata com 350ml,Spaten,4.35,4.25,0.0,2025-01-03
12389,Bebidas,Cervejas,Cerveja Estrella Galicia Lata com 350ml,Estrella Galicia,4.49,4.29,0.0,2025-01-03
13356,Bebidas,Cervejas,Cerveja Spaten Puro Malte Long Neck com 355ml,Spaten,5.49,5.29,0.0,2025-01-03
12880,Bebidas,Cervejas,Cerveja Patagonia Amber Lager Lata com 350ml,Patagonia,5.79,5.59,0.0,2025-01-03
34777,Limpeza,Limpeza de casa,Limpador Perfumado Concentrado Coala Cereja e Avelã Frasco com 120ml,Coala,11.5,10.5,0.0,2025-01-03
1187,Mercearia,Massas e molhos,Macarrão com Ovos Dona Benta Espaguete Pacote com 500g,Dona Benta,3.59,3.29,0.0,2025-01-03
1203,Mercearia,Massas e molhos,Macarrão com Ovos Dona Benta Penne Pacote com 500g,Dona Benta,3.59,3.29,0.0,2025-01-03
1061,Mercearia,Massas e molhos,Macarrão com Ovos Adria Espaguete Pacote com 500g,Adria,3.59,3.19,0.0,2025-01-03
1090,Mercearia,Massas e molhos,Macarrão com Ovos Adria Pena Pacote com 500g,Adria,3.59,3.19,0.0,2025-01-03
1065,Mercearia,Massas e molhos,Macarrão com Ovos Adria Espaguetinho Nº9 Pacote com 500g,Adria,3.59,3.19,0.0,2025-01-03
13073,Mercearia,"Cafés, chás e achocolatados",Filtro de Papel para Café Melitta Nº 103 Caixeta com 30 unidades,Melitta,4.19,3.89,0.0,2025-01-03
39240,Mercearia,Grãos,Milho para Pipoca Yoki Pacote com 400g,Yoki,5.29,4.79,0.0,2025-01-03
39238,Mercearia,Grãos,Milho para Pipoca Yoki Premium Pacote com 400g,Yoki,8.49,7.99,0.0,2025-01-03
31766,Limpeza,Limpeza de banheiro,Desinfetante Pinho Sol Original Frasco com 500ml,Pinho Sol,6.9,6.45,0.0,2025-01-03
38161,Limpeza,Limpeza de banheiro,Desinfetante Pinho Bril Plus Frasco com 500ml,Pinho Bril,5.44,4.66,0.0,2025-01-03
32839,Padaria e matinais,Leites,Leite Longa Vida Piracanjuba Com tampa Integral TP com 1L,Piracanjuba,5.25,5.05,0.0,2025-01-03
32447,Padaria e matinais,Leites,Leite Longa Vida Jussara Com tampa Integral TP com 1L,Jussara,4.99,4.79,0.0,2025-01-03
38145,Bebidas,Refrigerantes,Refrigerante Coca-Cola Sem açúcar Pet com 600ml,Coca-Cola,5.19,4.99,0.0,2025-01-03
36611,Mercearia,Massas e molhos,Queijo Parmesão Ralado Vigor Sachê com 50g,Vigor,5.65,4.89,0.0,2025-01-03
64,Mercearia,Massas e molhos,Queijo Ralado Parmesão Président Pacote com 50g,Président,5.6,5.19,0.0,2025-01-03
5350,Limpeza,Limpeza de banheiro,Água Sanitária Super Candida Frasco com 2L,Super Candida,5.48,4.94,0.0,2025-01-03
22295,Padaria e matinais,Pães e torradas,Pão de Forma Pullman Tradicional Pacote com 480g,Pullman,6.98,6.98,0.0,2025-01-03
17933,Mercearia,Chocolates,Chocolate Nestlé Crunch Unidade com 80g,Nestlé,6.79,6.29,0.0,2025-01-03
13743,Mercearia,Grãos,Arroz Camil Agulhinha - Tipo 1 Pacote com 5kg,Camil,29.7,29.1,0.0,2025-01-03
13757,Mercearia,Grãos,Arroz Camil Integral Pacote com 1kg,Camil,7.05,6.89,0.0,2025-01-03
9742,Mercearia,Grãos,Feijão Carioca Camil Tipo 1 Pacote com 1kg,Camil,5.7,5.5,0.0,2025-01-03
10394,Limpeza,Limpeza de roupas,Amaciante para Roupas Concentrado Comfort Azul Frasco com 500ml,Comfort,9.9,9.29,0.0,2025-01-03
10340,Limpeza,Limpeza de roupas,Amaciante para Roupas Comfort Lavanda Refil com 900ml,Comfort,14.9,13.9,0.0,2025-01-03
10382,Limpeza,Limpeza de roupas,"Amaciante para Roupas Concentrado Baby Soft Inspiração Fascinante Frasco com 1,5L",Baby Soft,14.9,13.5,0.0,2025-01-03
32659,Higiene e perfumaria,Desodorantes,Desodorante Aerossol Dove Men+Care Frasco com 200ml,Dove,22.9,21.49,0.0,2025-01-03
29864,Limpeza,Limpeza de roupas,Tira Manchas em Gel Vanish Refil com 500ml,Vanish,12.9,11.9,0.0,2025-01-03
5057,Frios e congelados,Margarinas e manteigas,Manteiga Aviação Com sal Pote com 500g,Aviação,27.9,27.9,0.0,2025-01-03
5054,Frios e congelados,Margarinas e manteigas,Manteiga Aviação Com sal Pote com 200g,Aviação,14.5,13.9,0.0,2025-01-03
30248,Limpeza,Limpeza de roupas,Lava Roupas Líquido Omo Lavanda Refil com 900ml,Omo,13.99,13.19,0.0,2025-01-03
9235,Limpeza,Limpeza de roupas,Sabão em Barra Ypê Toque de Aveia e Coco Pacote com 5x180g,Ypê,13.9,11.9,0.0,2025-01-03
25621,Higiene e perfumaria,Papel higiênico,Papel Higiênico Personal Vip Folha dupla - 30m Pacote com 24 rolos,Personal,39.77,37.78,0.0,2025-01-03
25610,Higiene e perfumaria,Papel higiênico,Papel Higiênico Personal Vip Folha dupla - 30m Pacote com 12 rolos,Personal,19.89,18.89,0.0,2025-01-03
915,Mercearia,"Cafés, chás e achocolatados",Café 3 Corações Tradicional Pacote com 500g,3 Corações,27.98,26.98,0.0,2025-01-03
924,Mercearia,"Cafés, chás e achocolatados",Café 3 Corações Tradicional - Vácuo Pacote com 500g,3 Corações,27.98,26.98,0.0,2025-01-03
3148,Mercearia,"Cafés, chás e achocolatados",Café Premium 3 Corações Estrada Real Pacote com 500g,3 Corações,27.48,26.48,0.0,2025-01-03
2584,Mercearia,"Cafés, chás e achocolatados",Café Melitta Sabor da Fazenda Vácuo Caixeta com 500g,Melitta,27.98,26.98,0.0,2025-01-03
2588,Mercearia,"Cafés, chás e achocolatados",Café Melitta Tradicional Pouch com 500g,Melitta,25.98,24.98,0.0,2025-01-03
3259,Mercearia,"Cafés, chás e achocolatados",Café Sabor da Fazenda Tradicional Pouch com 500g,Melitta,27.98,26.98,0.0,2025-01-03
20602,Higiene e perfumaria,Cabelo,Shampoo Clear Ice Cool Menthol Frasco com 400ml,Clear,23.98,23.49,0.0,2025-01-03
20562,Higiene e perfumaria,Cabelo,Shampoo Clear 2 em 1 Frasco com 400ml,Clear,23.98,23.49,0.0,2025-01-03
20745,Higiene e perfumaria,Cabelo,Shampoo Elseve Hidra Hialurônico Frasco com 400ml,Elseve,23.9,22.9,0.0,2025-01-03
33807,Bebidas,Vinhos,Vinho Argentino Concha Y Toro Malbec Garrafa com 750ml,Concha Y Toro,29.8,24.8,0.0,2025-01-03
37130,Bebidas,Destilados,Cachaça Salinas Bálsamo Garrafa com 1L,Salinas,46.99,44.99,0.0,2025-01-03
37139,Bebidas,Destilados,Cachaça Salinas Tradicional Garrafa com 600ml,Salinas,41.89,39.89,0.0,2025-01-03
37135,Bebidas,Destilados,Cachaça Salinas Ipê Garrafa com 700ml,Salinas,47.99,45.49,0.0,2025-01-03
16327,Mercearia,"Azeites, óleos e vinagres",Azeite de Oliva Andorinha Extra Virgem Vidro com 500ml,Andorinha,45.9,43.9,0.0,2025-01-03
16464,Mercearia,"Azeites, óleos e vinagres",Azeite de Oliva Gallo Extra virgem Vidro com 500ml,Gallo,46.9,44.9,0.0,2025-01-03
7433,Mercearia,Farinhas,Farinha de Mandioca D'Cheff Temperada Tradicional Pacote com 300g,D'Cheff,6.49,5.99,0.0,2025-01-03
12638,Mercearia,Temperos e condimentos,Molho de Pimenta Knorr Vermelha Pet com 150ml,Knorr,5.4,5.2,0.0,2025-01-03
26381,Mercearia,Temperos e condimentos,Ketchup Heinz Tradicional Pet com 397g,Heinz,14.99,14.99,0.0,2025-01-03
17035,Mercearia,Temperos e condimentos,Orégano Kitano Sachê com 10g,Kitano,3.89,3.59,0.0,2025-01-03
19822,Bebidas,Destilados,Gin Seagers Garrafa com 1L,Seagers,42.89,40.79,0.0,2025-01-03
5634,Mercearia,Temperos e condimentos,Ajinomoto Refil com 100g,Ajinomoto,6.99,6.29,0.0,2025-01-03
14436,Mercearia,Temperos e condimentos,Molho Shoyu Sakura Pet com 150ml,Sakura,3.99,3.49,0.0,2025-01-03
38668,Padaria e matinais,Pães e torradas,Pullman Rap 10 Original Pacote com 297g,Pullman,9.98,9.98,0.0,2025-01-03
16022,Mercearia,Bomboniere,Chiclete Mentos Fresh Mint Unidade com 56g,Mentos,10.9,9.9,0.0,2025-01-03
12969,Mercearia,Massas e molhos,Molho de Tomate Heinz Tradicional Pouch com 300g,Heinz,3.39,3.39,0.0,2025-01-10
38763,Mercearia,Massas e molhos,Molho de Tomate Salsaretti Tradicional Pouch com 300g,Salsaretti,1.89,1.79,0.0,2025-01-10
13480,Mercearia,Massas e molhos,Molho de Tomate Salsaretti Passata Rústica Vidro com 680g,Salsaretti,12.99,12.49,0.0,2025-01-10
12948,Mercearia,Massas e molhos,Molho de Tomate Heinz Manjericão Pouch com 300g,Heinz,4.78,4.78,0.0,2025-01-10
13206,Mercearia,Massas e molhos,Molho de Tomate Pomarola Chef Passata Vidro com 700g,Pomarola,18.9,18.3,0.0,2025-01-10
12942,Mercearia,Massas e molhos,Molho de Tomate Heinz Bolonhesa Pouch com 300g,Heinz,4.89,4.69,0.0,2025-01-10
36708,Limpeza,Limpeza de cozinha,Detergente Líquido Ypê Clear Frasco com 500ml,Ypê,1.89,1.89,0.0,2025-01-10
36732,Limpeza,Limpeza de cozinha,Detergente Líquido Ypê Neutro Frasco com 500ml,Ypê,1.89,1.89,0.0,2025-01-10
36410,Limpeza,Limpeza de cozinha,Detergente Líquido Limpol Neutro Frasco com 500ml,Limpol,1.75,1.75,0.0,2025-01-10
36362,Limpeza,Limpeza de cozinha,Detergente Líquido Limpol Coco Frasco com 500ml,Limpol,1.75,1.75,0.0,2025-01-10
28319,Higiene e perfumaria,Higiene bucal,Creme Dental Colgate Máxima Proteção Anticáries Tubo com 90g,Colgate,3.89,3.64,0.0,2025-01-10
28585,Higiene e perfumaria,Higiene bucal,Creme Dental Colgate Tripla Ação Original Tubo com 90g,Colgate,4.44,4.24,0.0,2025-01-10
28697,Higiene e perfumaria,Higiene bucal,Creme Dental Oral-B 1-2-3 Tubo com 70g,Oral-B,2.65,2.65,0.0,2025-01-10
28745,Higiene e perfumaria,Higiene bucal,Creme Dental Oral-B 4 em 1 Tubo com 70g,Oral-B,4.2,3.8,0.0,2025-01-10
13164,Bebidas,Cervejas,Cerveja Puro Malte Spaten Lata com 269ml,Spaten,2.49,2.49,0.0,2025-01-10
13362,Bebidas,Cervejas,Cerveja Stella Artois Long neck com 330ml,Stella Artois,5.59,5.49,0.0,2025-01-10
12498,Bebidas,Cervejas,Cerveja Heineken Zero Long neck com 330ml,Heineken,6.79,6.49,0.0,2025-01-10
13351,Bebidas,Cervejas,Cerveja Spaten Puro Malte Lata com 350ml,Spaten,3.89,3.89,0.0,2025-01-10
12490,Bebidas,Cervejas,Cerveja Heineken Zero Lata com 269ml,Heineken,4.29,4.09,0.0,2025-01-10
12389,Bebidas,Cervejas,Cerveja Estrella Galicia Lata com 350ml,Estrella Galicia,4.49,4.29,0.0,2025-01-10
12880,Bebidas,Cervejas,Cerveja Patagonia Amber Lager Lata com 350ml,Patagonia,5.79,5.59,0.0,2025-01-10
13356,Bebidas,Cervejas,Cerveja Spaten Puro Malte Long Neck com 355ml,Spaten,5.49,5.29,0.0,2025-01-10
34777,Limpeza,Limpeza de casa,Limpador Perfumado Concentrado Coala Cereja e Avelã Frasco com 120ml,Coala,11.5,10.5,0.0,2025-01-10
1187,Mercearia,Massas e molhos,Macarrão com Ovos Dona Benta Espaguete Pacote com 500g,Dona Benta,3.59,3.29,0.0,2025-01-10
1203,Mercearia,Massas e molhos,Macarrão com Ovos Dona Benta Penne Pacote com 500g,Dona Benta,3.59,3.29,0.0,2025-01-10
1090,Mercearia,Massas e molhos,Macarrão com Ovos Adria Pena Pacote com 500g,Adria,2.99,2.99,0.0,2025-01-10
13073,Mercearia,"Cafés, chás e achocolatados",Filtro de Papel para Café Melitta Nº 103 Caixeta com 30 unidades,Melitta,4.19,3.89,0.0,2025-01-10
39240,Mercearia,Grãos,Milho para Pipoca Yoki Pacote com 400g,Yoki,5.29,4.79,0.0,2025-01-10
39238,Mercearia,Grãos,Milho para Pipoca Yoki Premium Pacote com 400g,Yoki,8.49,7.99,0.0,2025-01-10
31766,Limpeza,Limpeza de banheiro,Desinfetante Pinho Sol Original Frasco com 500ml,Pinho Sol,6.9,6.45,0.0,2025-01-10
38161,Limpeza,Limpeza de banheiro,Desinfetante Pinho Bril Plus Frasco com 500ml,Pinho Bril,5.44,4.66,0.0,2025-01-10
30600,Mercearia,Confeitaria,Leite Condensado Moça Integral Lata com 395g,Nestlé,8.89,8.49,0.0,2025-01-10
32839,Padaria e matinais,Leites,Leite Longa Vida Piracanjuba Com tampa Integral TP com 1L,Piracanjuba,5.29,5.05,0.0,2025-01-10
32447,Padaria e matinais,Leites,Leite Longa Vida Jussara Com tampa Integral TP com 1L,Jussara,5.09,4.89,0.0,2025-01-10
3984,Bebidas,Refrigerantes,Refrigerante Coca-Cola Sem açúcar Pet com 1L,Coca-Cola,6.19,5.99,0.0,2025-01-10
38145,Bebidas,Refrigerantes,Refrigerante Coca-Cola Sem açúcar Pet com 600ml,Coca-Cola,5.19,4.99,0.0,2025-01-10
36611,Mercearia,Massas e molhos,Queijo Parmesão Ralado Vigor Sachê com 50g,Vigor,4.89,4.59,0.0,2025-01-10
64,Mercearia,Massas e molhos,Queijo Ralado Parmesão Président Pacote com 50g,Président,5.6,5.19,0.0,2025-01-10
5350,Limpeza,Limpeza de banheiro,Água Sanitária Super Candida Frasco com 2L,Super Candida,4.19,4.19,0.0,2025-01-10
22295,Padaria e matinais,Pães e torradas,Pão de Forma Pullman Tradicional Pacote com 480g,Pullman,6.98,6.98,0.0,2025-01-10
13743,Mercearia,Grãos,Arroz Camil Agulhinha - Tipo 1 Pacote com 5kg,Camil,29.7,29.1,0.0,2025-01-10
13757,Mercearia,Grãos,Arroz Camil Integral Pacote com 1kg,Camil,6.8,6.59,0.0,2025-01-10
9742,Mercearia,Grãos,Feijão Carioca Camil Tipo 1 Pacote com 1kg,Camil,5.7,5.5,0.0,2025-01-10
10394,Limpeza,Limpeza de roupas,Amaciante para Roupas Concentrado Comfort Azul Frasco com 500ml,Comfort,9.9,9.29,0.0,2025-01-10
10340,Limpeza,Limpeza de roupas,Amaciante para Roupas Comfort Lavanda Refil com 900ml,Comfort,14.9,13.9,0.0,2025-01-10
10382,Limpeza,Limpeza de roupas,"Amaciante para Roupas Concentrado Baby Soft Inspiração Fascinante Frasco com 1,5L",Baby Soft,14.9,13.5,0.0,2025-01-10
32659,Higiene e perfumaria,Desodorantes,Desodorante Aerossol Dove Men+Care Frasco com 200ml,Dove,15.9,15.9,0.0,2025-01-10
29864,Limpeza,Limpeza de roupas,Tira Manchas em Gel Vanish Refil com 500ml,Vanish,8.8,8.8,0.0,2025-01-10
5057,Frios e congelados,Margarinas e manteigas,Manteiga Aviação Com sal Pote com 500g,Aviação,27.9,27.9,0.0,2025-01-10
5054,Frios e congelados,Margarinas e manteigas,Manteiga Aviação Com sal Pote com 200g,Aviação,14.5,13.9,0.0,2025-01-10
30248,Limpeza,Limpeza de roupas,Lava Roupas Líquido Omo Lavanda Refil com 900ml,Omo,13.99,13.19,0.0,2025-01-10
9235,Limpeza,Limpeza de roupas,Sabão em Barra Ypê Toque de Aveia e Coco Pacote com 5x180g,Ypê,13.9,11.9,0.0,2025-01-10
25621,Higiene e perfumaria,Papel higiênico,Papel Higiênico Personal Vip Folha dupla - 30m Pacote com 24 rolos,Personal,31.78,31.78,0.0,2025-01-10
25610,Higiene e perfumaria,Papel higiênico,Papel Higiênico Personal Vip Folha dupla - 30m Pacote com 12 rolos,Personal,15.89,15.89,0.0,2025-01-10
915,Mercearia,"Cafés, chás e achocolatados",Café 3 Corações Tradicional Pacote com 500g,3 Corações,27.48,26.48,0.0,2025-01-10
924,Mercearia,"Cafés, chás e achocolatados",Café 3 Corações Tradicional - Vácuo Pacote com 500g,3 Corações,27.48,26.48,0.0,2025-01-10
2584,Mercearia,"Cafés, chás e achocolatados",Café Melitta Sabor da Fazenda Vácuo Caixeta com 500g,Melitta,28.98,27.98,0.0,2025-01-10
3148,Mercearia,"Cafés, chás e achocolatados",Café Premium 3 Corações Estrada Real Pacote com 500g,3 Corações,29.98,28.98,0.0,2025-01-10
2588,Mercearia,"Cafés, chás e achocolatados",Café Melitta Tradicional Pouch com 500g,Melitta,27.78,26.78,0.0,2025-01-10
3259,Mercearia,"Cafés, chás e achocolatados",Café Sabor da Fazenda Tradicional Pouch com 500g,Melitta,28.98,27.98,0.0,2025-01-10
20602,Higiene e perfumaria,Cabelo,Shampoo Clear Ice Cool Menthol Frasco com 400ml,Clear,19.89,19.89,0.0,2025-01-10
20562,Higiene e perfumaria,Cabelo,Shampoo Clear 2 em 1 Frasco com 400ml,Clear,19.89,19.89,0.0,2025-01-10
20745,Higiene e perfumaria,Cabelo,Shampoo Elseve Hidra Hialurônico Frasco com 400ml,Elseve,23.95,22.9,0.0,2025-01-10
33807,Bebidas,Vinhos,Vinho Argentino Concha Y Toro Malbec Garrafa com 750ml,Concha Y Toro,29.8,24.8,0.0,2025-01-10
37130,Bebidas,Destilados,Cachaça Salinas Bálsamo Garrafa com 1L,Salinas,46.99,44.99,0.0,2025-01-10
37139,Bebidas,Destilados,Cachaça Salinas Tradicional Garrafa com 600ml,Salinas,41.89,39.89,0.0,2025-01-10
37135,Bebidas,Destilados,Cachaça Salinas Ipê Garrafa com 700ml,Salinas,47.99,45.49,0.0,2025-01-10
16327,Mercearia,"Azeites, óleos e vinagres",Azeite de Oliva Andorinha Extra Virgem Vidro com 500ml,Andorinha,45.9,43.9,0.0,2025-01-10
16464,Mercearia,"Azeites, óleos e vinagres",Azeite de Oliva Gallo Extra virgem Vidro com 500ml,Gallo,46.9,44.9,0.0,2025-01-10
7433,Mercearia,Farinhas,Farinha de Mandioca D'Cheff Temperada Tradicional Pacote com 300g,D'Cheff,6.49,5.99,0.0,2025-01-10
12638,Mercearia,Temperos e condimentos,Molho de Pimenta Knorr Vermelha Pet com 150ml,Knorr,5.4,5.2,0.0,2025-01-10
26381,Mercearia,Temperos e condimentos,Ketchup Heinz Tradicional Pet com 397g,Heinz,14.99,14.99,0.0,2025-01-10
17035,Mercearia,Temperos e condimentos,Orégano Kitano Sachê com 10g,Kitano,3.49,3.49,0.0,2025-01-10
19822,Bebidas,Destilados,Gin Seagers Garrafa com 1L,Seagers,42.89,40.79,0.0,2025-01-10
5634,Mercearia,Temperos e condimentos,Ajinomoto Refil com 100g,Ajinomoto,6.99,6.29,0.0,2025-01-10
14436,Mercearia,Temperos e condimentos,Molho Shoyu Sakura Pet com 150ml,Sakura,3.99,3.49,0.0,2025-01-10
38668,Padaria e matinais,Pães e torradas,Pullman Rap 10 Original Pacote com 297g,Pullman,9.98,9.98,0.0,2025-01-10
5666,Limpeza,Limpeza de cozinha,Esponja Scotch-Brite Pacote com 4 unidades,Scotch-Brite,6.48,5.98,0.0,2025-01-10
5658,Limpeza,Limpeza de cozinha,Esponja Scotch-Brite Não Risca Pacote com 3 unidades,Scotch-Brite,8.15,7.35,0.0,2025-01-10
16022,Mercearia,Bomboniere,Chiclete Mentos Fresh Mint Unidade com 56g,Mentos,10.9,9.9,0.0,2025-01-10
38763,Mercearia,Massas e molhos,Molho de Tomate Salsaretti Tradicional Pouch com 300g,Salsaretti,1.89,1.79,0.0,2025-01-17
13480,Mercearia,Massas e molhos,Molho de Tomate Salsaretti Passata Rústica Vidro com 680g,Salsaretti,12.99,12.49,0.0,2025-01-17
12948,Mercearia,Massas e molhos,Molho de Tomate Heinz Manjericão Pouch com 300g,Heinz,4.78,4.78,0.0,2025-01-17
13206,Mercearia,Massas e molhos,Molho de Tomate Pomarola Chef Passata Vidro com 700g,Pomarola,18.9,18.3,0.0,2025-01-17
12942,Mercearia,Massas e molhos,Molho de Tomate Heinz Bolonhesa Pouch com 300g,Heinz,4.89,4.69,0.0,2025-01-17
36708,Limpeza,Limpeza de cozinha,Detergente Líquido Ypê Clear Frasco com 500ml,Ypê,2.09,1.99,0.0,2025-01-17
36732,Limpeza,Limpeza de cozinha,Detergente Líquido Ypê Neutro Frasco com 500ml,Ypê,2.09,1.99,0.0,2025-01-17
36410,Limpeza,Limpeza de cozinha,Detergente Líquido Limpol Neutro Frasco com 500ml,Limpol,2.15,2.15,0.0,2025-01-17
36362,Limpeza,Limpeza de cozinha,Detergente Líquido Limpol Coco Frasco com 500ml,Limpol,2.15,2.15,0.0,2025-01-17
28319,Higiene e perfumaria,Higiene bucal,Creme Dental Colgate Máxima Proteção Anticáries Tubo com 90g,Colgate,3.89,3.64,0.0,2025-01-17
28585,Higiene e perfumaria,Higiene bucal,Creme Dental Colgate Tripla Ação Original Tubo com 90g,Colgate,4.44,4.24,0.0,2025-01-17
28697,Higiene e perfumaria,Higiene bucal,Creme Dental Oral-B 1-2-3 Tubo com 70g,Oral-B,2.65,2.65,0.0,2025-01-17
28745,Higiene e perfumaria,Higiene bucal,Creme Dental Oral-B 4 em 1 Tubo com 70g,Oral-B,4.2,3.8,0.0,2025-01-17
13164,Bebidas,Cervejas,Cerveja Puro Malte Spaten Lata com 269ml,Spaten,3.19,3.09,0.0,2025-01-17
13362,Bebidas,Cervejas,Cerveja Stella Artois Long neck com 330ml,Stella Artois,5.59,5.49,0.0,2025-01-17
12498,Bebidas,Cervejas,Cerveja Heineken Zero Long neck com 330ml,Heineken,5.99,5.99,0.0,2025-01-17
13351,Bebidas,Cervejas,Cerveja Spaten Puro Malte Lata com 350ml,Spaten,4.35,4.25,0.0,2025-01-17
12490,Bebidas,Cervejas,Cerveja Heineken Zero Lata com 269ml,Heineken,4.09,3.99,0.0,2025-01-17
12389,Bebidas,Cervejas,Cerveja Estrella Galicia Lata com 350ml,Estrella Galicia,4.49,4.29,0.0,2025-01-17
1187,Mercearia,Massas e molhos,Macarrão com Ovos Dona Benta Espaguete Pacote com 500g,Dona Benta,3.59,3.29,0.0,2025-01-17
1203,Mercearia,Massas e molhos,Macarrão com Ovos Dona Benta Penne Pacote com 500g,Dona Benta,3.59,3.29,0.0,2025-01-17
1061,Mercearia,Massas e molhos,Macarrão com Ovos Adria Espaguete Pacote com 500g,Adria,3.58,3.19,0.0,2025-01-17
1090,Mercearia,Massas e molhos,Macarrão com Ovos Adria Pena Pacote com 500g,Adria,3.58,3.19,0.0,2025-01-17
1065,Mercearia,Massas e molhos,Macarrão com Ovos Adria Espaguetinho Nº9 Pacote com 500g,Adria,3.58,3.19,0.0,2025-01-17
1433,Mercearia,Massas e molhos,Macarrão com Ovos Renata Espaguete Pacote com 500g,Renata,3.99,3.69,0.0,2025-01-17
1442,Mercearia,Massas e molhos,Macarrão com Ovos Renata Pena Pacote com 500g,Renata,3.99,3.69,0.0,2025-01-17
13073,Mercearia,"Cafés, chás e achocolatados",Filtro de Papel para Café Melitta Nº 103 Caixeta com 30 unidades,Melitta,4.19,3.89,0.0,2025-01-17
39240,Mercearia,Grãos,Milho para Pipoca Yoki Pacote com 400g,Yoki,5.29,4.79,0.0,2025-01-17
39238,Mercearia,Grãos,Milho para Pipoca Yoki Premium Pacote com 400g,Yoki,8.49,7.99,0.0,2025-01-17
31766,Limpeza,Limpeza de banheiro,Desinfetante Pinho Sol Original Frasco com 500ml,Pinho Sol,6.9,6.45,0.0,2025-01-17
38161,Limpeza,Limpeza de banheiro,Desinfetante Pinho Bril Plus Frasco com 500ml,Pinho Bril,5.44,4.66,0.0,2025-01-17
31494,Limpeza,Limpeza de banheiro,Desinfetante Lysoform Suave Frasco com 1L,Lysoform,13.29,13.29,0.0,2025-01-17
30600,Mercearia,Confeitaria,Leite Condensado Moça Integral Lata com 395g,Nestlé,8.9,8.9,0.0,2025-01-17
32839,Padaria e matinais,Leites,Leite Longa Vida Piracanjuba Com tampa Integral TP com 1L,Piracanjuba,5.39,5.15,0.0,2025-01-17
32447,Padaria e matinais,Leites,Leite Longa Vida Jussara Com tampa Integral TP com 1L,Jussara,5.05,4.85,0.0,2025-01-17
3984,Bebidas,Refrigerantes,Refrigerante Coca-Cola Sem açúcar Pet com 1L,Coca-Cola,5.99,5.79,0.0,2025-01-17
38145,Bebidas,Refrigerantes,Refrigerante Coca-Cola Sem açúcar Pet com 600ml,Coca-Cola,5.19,4.99,0.0,2025-01-17
36611,Mercearia,Massas e molhos,Queijo Parmesão Ralado Vigor Sachê com 50g,Vigor,6.05,5.65,0.0,2025-01-17
64,Mercearia,Massas e molhos,Queijo Ralado Parmesão Président Pacote com 50g,Président,5.6,5.19,0.0,2025-01-17
5350,Limpeza,Limpeza de banheiro,Água Sanitária Super Candida Frasco com 2L,Super Candida,5.48,4.98,0.0,2025-01-17
22295,Padaria e matinais,Pães e torradas,Pão de Forma Pullman Tradicional Pacote com 480g,Pullman,8.48,8.48,0.0,2025-01-17
13743,Mercearia,Grãos,Arroz Camil Agulhinha - Tipo 1 Pacote com 5kg,Camil,27.1,26.6,0.0,2025-01-17
13757,Mercearia,Grãos,Arroz Camil Integral Pacote com 1kg,Camil,6.8,6.59,0.0,2025-01-17
9742,Mercearia,Grãos,Feijão Carioca Camil Tipo 1 Pacote com 1kg,Camil,5.6,5.39,0.0,2025-01-17
10394,Limpeza,Limpeza de roupas,Amaciante para Roupas Concentrado Comfort Azul Frasco com 500ml,Comfort,9.9,9.29,0.0,2025-01-17
10340,Limpeza,Limpeza de roupas,Amaciante para Roupas Comfort Lavanda Refil com 900ml,Comfort,14.9,13.9,0.0,2025-01-17
10382,Limpeza,Limpeza de roupas,"Amaciante para Roupas Concentrado Baby Soft Inspiração Fascinante Frasco com 1,5L",Baby Soft,16.5,14.5,0.0,2025-01-17
32659,Higiene e perfumaria,Desodorantes,Desodorante Aerossol Dove Men+Care Frasco com 200ml,Dove,22.9,21.49,0.0,2025-01-17
29864,Limpeza,Limpeza de roupas,Tira Manchas em Gel Vanish Refil com 500ml,Vanish,12.9,11.9,0.0,2025-01-17
14304,Mercearia,Salgadinhos e snacks,Salgadinho Batata Pringles Creme e Cebola Tubo com 109g,Pringles,11.89,10.79,0.0,2025-01-17
5057,Frios e congelados,Margarinas e manteigas,Manteiga Aviação Com sal Pote com 500g,Aviação,29.9,29.9,0.0,2025-01-17
30248,Limpeza,Limpeza de roupas,Lava Roupas Líquido Omo Lavanda Refil com 900ml,Omo,13.99,13.19,0.0,2025-01-17
9235,Limpeza,Limpeza de roupas,Sabão em Barra Ypê Toque de Aveia e Coco Pacote com 5x180g,Ypê,13.9,11.9,0.0,2025-01-17
25621,Higiene e perfumaria,Papel higiênico,Papel Higiênico Personal Vip Folha dupla - 30m Pacote com 24 rolos,Personal,39.67,37.68,0.0,2025-01-17
25610,Higiene e perfumaria,Papel higiênico,Papel Higiênico Personal Vip Folha dupla - 30m Pacote com 12 rolos,Personal,19.84,18.85,0.0,2025-01-17
915,Mercearia,"Cafés, chás e achocolatados",Café 3 Corações Tradicional Pacote com 500g,3 Corações,27.48,26.48,0.0,2025-01-17
924,Mercearia,"Cafés, chás e achocolatados",Café 3 Corações Tradicional - Vácuo Pacote com 500g,3 Corações,27.48,26.48,0.0,2025-01-17
2588,Mercearia,"Cafés, chás e achocolatados",Café Melitta Tradicional Pouch com 500g,Melitta,28.78,27.78,0.0,2025-01-17
3148,Mercearia,"Cafés, chás e achocolatados",Café Premium 3 Corações Estrada Real Pacote com 500g,3 Corações,29.98,28.98,0.0,2025-01-17
2584,Mercearia,"Cafés, chás e achocolatados",Café Melitta Sabor da Fazenda Vácuo Caixeta com 500g,Melitta,28.98,27.98,0.0,2025-01-17
3259,Mercearia,"Cafés, chás e achocolatados",Café Sabor da Fazenda Tradicional Pouch com 500g,Melitta,28.98,27.98,0.0,2025-01-17
20602,Higiene e perfumaria,Cabelo,Shampoo Clear Ice Cool Menthol Frasco com 400ml,Clear,19.89,19.89,0.0,2025-01-17
20562,Higiene e perfumaria,Cabelo,Shampoo Clear 2 em 1 Frasco com 400ml,Clear,19.89,19.89,0.0,2025-01-17
20745,Higiene e perfumaria,Cabelo,Shampoo Elseve Hidra Hialurônico Frasco com 400ml,Elseve,23.95,22.9,0.0,2025-01-17
33807,Bebidas,Vinhos,Vinho Argentino Concha Y Toro Malbec Garrafa com 750ml,Concha Y Toro,29.8,24.8,0.0,2025-01-17
35964,Bebidas,Vinhos,Vinho Reserva Aurora Merlot Garrafa com 750ml,Aurora,37.9,35.9,0.0,2025-01-17
37130,Bebidas,Destilados,Cachaça Salinas Bálsamo Garrafa com 1L,Salinas,46.99,44.99,0.0,2025-01-17
37139,Bebidas,Destilados,Cachaça Salinas Tradicional Garrafa com 600ml,Salinas,41.89,39.89,0.0,2025-01-17
37135,Bebidas,Destilados,Cachaça Salinas Ipê Garrafa com 700ml,Salinas,47.99,45.49,0.0,2025-01-17
16327,Mercearia,"Azeites, óleos e vinagres",Azeite de Oliva Andorinha Extra Virgem Vidro com 500ml,Andorinha,45.9,43.9,0.0,2025-01-17
16464,Mercearia,"Azeites, óleos e vinagres",Azeite de Oliva Gallo Extra virgem Vidro com 500ml,Gallo,46.9,44.9,0.0,2025-01-17
7433,Mercearia,Farinhas,Farinha de Mandioca D'Cheff Temperada Tradicional Pacote com 300g,D'Cheff,6.49,5.99,0.0,2025-01-17
12638,Mercearia,Temperos e condimentos,Molho de Pimenta Knorr Vermelha Pet com 150ml,Knorr,5.4,5.2,0.0,2025-01-17
26381,Mercearia,Temperos e condimentos,Ketchup Heinz Tradicional Pet com 397g,Heinz,15.49,15.49,0.0,2025-01-17
17035,Mercearia,Temperos e condimentos,Orégano Kitano Sachê com 10g,Kitano,3.49,3.49,0.0,2025-01-17
19822,Bebidas,Destilados,Gin Seagers Garrafa com 1L,Seagers,42.89,40.79,0.0,2025-01-17
5634,Mercearia,Temperos e condimentos,Ajinomoto Refil com 100g,Ajinomoto,6.99,6.29,0.0,2025-01-17
14436,Mercearia,Temperos e condimentos,Molho Shoyu Sakura Pet com 150ml,Sakura,2.99,2.99,0.0,2025-01-17
38668,Padaria e matinais,Pães e torradas,Pullman Rap 10 Original Pacote com 297g,Pullman,10.98,10.98,0.0,2025-01-17
5666,Limpeza,Limpeza de cozinha,Esponja Scotch-Brite Pacote com 4 unidades,Scotch-Brite,6.48,5.98,0.0,2025-01-17
5658,Limpeza,Limpeza de cozinha,Esponja Scotch-Brite Não Risca Pacote com 3 unidades,Scotch-Brite,8.15,7.35,0.0,2025-01-17
16022,Mercearia,Bomboniere,Chiclete Mentos Fresh Mint Unidade com 56g,Mentos,10.9,9.9,0.0,2025-01-17
34777,Limpeza,Limpeza de casa,Limpador Perfumado Concentrado Coala Cereja e Avelã Frasco com 120ml,Coala,11.5,10.5,0.0,2025-01-17
38763,Mercearia,Massas e molhos,Molho de Tomate Salsaretti Tradicional Pouch com 300g,Salsaretti,1.89,1.79,0.0,2025-01-24
13480,Mercearia,Massas e molhos,Molho de Tomate Salsaretti Passata Rústica Vidro com 680g,Salsaretti,12.99,12.49,0.0,2025-01-24
12948,Mercearia,Massas e molhos,Molho de Tomate Heinz Manjericão Pouch com 300g,Heinz,4.78,4.78,0.0,2025-01-24
12942,Mercearia,Massas e molhos,Molho de Tomate Heinz Bolonhesa Pouch com 300g,Heinz,4.89,4.69,0.0,2025-01-24
36708,Limpeza,Limpeza de cozinha,Detergente Líquido Ypê Clear Frasco com 500ml,Ypê,2.09,1.99,0.0,2025-01-24
36732,Limpeza,Limpeza de cozinha,Detergente Líquido Ypê Neutro Frasco com 500ml,Ypê,2.09,1.99,0.0,2025-01-24
36410,Limpeza,Limpeza de cozinha,Detergente Líquido Limpol Neutro Frasco com 500ml,Limpol,2.05,2.05,0.0,2025-01-24
36362,Limpeza,Limpeza de cozinha,Detergente Líquido Limpol Coco Frasco com 500ml,Limpol,2.05,2.05,0.0,2025-01-24
28319,Higiene e perfumaria,Higiene bucal,Creme Dental Colgate Máxima Proteção Anticáries Tubo com 90g,Colgate,3.89,3.64,0.0,2025-01-24
28585,Higiene e perfumaria,Higiene bucal,Creme Dental Colgate Tripla Ação Original Tubo com 90g,Colgate,4.44,4.24,0.0,2025-01-24
28697,Higiene e perfumaria,Higiene bucal,Creme Dental Oral-B 1-2-3 Tubo com 70g,Oral-B,2.65,2.65,0.0,2025-01-24
28745,Higiene e perfumaria,Higiene bucal,Creme Dental Oral-B 4 em 1 Tubo com 70g,Oral-B,4.2,3.8,0.0,2025-01-24
13164,Bebidas,Cervejas,Cerveja Puro Malte Spaten Lata com 269ml,Spaten,2.69,2.69,0.0,2025-01-24
13362,Bebidas,Cervejas,Cerveja Stella Artois Long neck com 330ml,Stella Artois,5.59,5.49,0.0,2025-01-24
12498,Bebidas,Cervejas,Cerveja Heineken Zero Long neck com 330ml,Heineken,6.79,6.49,0.0,2025-01-24
13351,Bebidas,Cervejas,Cerveja Spaten Puro Malte Lata com 350ml,Spaten,3.79,3.79,0.0,2025-01-24
12490,Bebidas,Cervejas,Cerveja Heineken Zero Lata com 269ml,Heineken,4.09,3.99,0.0,2025-01-24
12389,Bebidas,Cervejas,Cerveja Estrella Galicia Lata com 350ml,Estrella Galicia,4.49,4.29,0.0,2025-01-24
12880,Bebidas,Cervejas,Cerveja Patagonia Amber Lager Lata com 350ml,Patagonia,5.79,5.59,0.0,2025-01-24
1187,Mercearia,Massas e molhos,Macarrão com Ovos Dona Benta Espaguete Pacote com 500g,Dona Benta,3.59,3.29,0.0,2025-01-24
1203,Mercearia,Massas e molhos,Macarrão com Ovos Dona Benta Penne Pacote com 500g,Dona Benta,3.59,3.29,0.0,2025-01-24
1061,Mercearia,Massas e molhos,Macarrão com Ovos Adria Espaguete Pacote com 500g,Adria,3.58,3.19,0.0,2025-01-24
1090,Mercearia,Massas e molhos,Macarrão com Ovos Adria Pena Pacote com 500g,Adria,3.58,3.19,0.0,2025-01-24
1065,Mercearia,Massas e molhos,Macarrão com Ovos Adria Espaguetinho Nº9 Pacote com 500g,Adria,3.58,3.19,0.0,2025-01-24
1433,Mercearia,Massas e molhos,Macarrão com Ovos Renata Espaguete Pacote com 500g,Renata,3.99,3.69,0.0,2025-01-24
1442,Mercearia,Massas e molhos,Macarrão com Ovos Renata Pena Pacote com 500g,Renata,3.99,3.69,0.0,2025-01-24
13073,Mercearia,"Cafés, chás e achocolatados",Filtro de Papel para Café Melitta Nº 103 Caixeta com 30 unidades,Melitta,4.09,3.79,0.0,2025-01-24
39240,Mercearia,Grãos,Milho para Pipoca Yoki Pacote com 400g,Yoki,5.29,4.79,0.0,2025-01-24
39238,Mercearia,Grãos,Milho para Pipoca Yoki Premium Pacote com 400g,Yoki,8.49,7.99,0.0,2025-01-24
12293,Mercearia,Temperos e condimentos,Molho de Mostarda Heinz Pet com 255g,Heinz,15.99,15.49,0.0,2025-01-24
31766,Limpeza,Limpeza de banheiro,Desinfetante Pinho Sol Original Frasco com 500ml,Pinho Sol,5.95,5.95,0.0,2025-01-24
38161,Limpeza,Limpeza de banheiro,Desinfetante Pinho Bril Plus Frasco com 500ml,Pinho Bril,4.1,4.1,0.0,2025-01-24
31494,Limpeza,Limpeza de banheiro,Desinfetante Lysoform Suave Frasco com 1L,Lysoform,15.5,14.9,0.0,2025-01-24
30600,Mercearia,Confeitaria,Leite Condensado Moça Integral Lata com 395g,Nestlé,8.94,8.59,0.0,2025-01-24
32839,Padaria e matinais,Leites,Leite Longa Vida Piracanjuba Com tampa Integral TP com 1L,Piracanjuba,5.25,5.05,0.0,2025-01-24
32447,Padaria e matinais,Leites,Leite Longa Vida Jussara Com tampa Integral TP com 1L,Jussara,4.95,4.75,0.0,2025-01-24
32452,Padaria e matinais,Leites,Leite Longa Vida Jussara Com tampa Semidesnatado TP com 1L,Jussara,4.95,4.75,0.0,2025-01-24
3984,Bebidas,Refrigerantes,Refrigerante Coca-Cola Sem açúcar Pet com 1L,Coca-Cola,5.99,5.79,0.0,2025-01-24
38145,Bebidas,Refrigerantes,Refrigerante Coca-Cola Sem açúcar Pet com 600ml,Coca-Cola,5.19,4.99,0.0,2025-01-24
36611,Mercearia,Massas e molhos,Queijo Parmesão Ralado Vigor Sachê com 50g,Vigor,5.85,5.59,0.0,2025-01-24
64,Mercearia,Massas e molhos,Queijo Ralado Parmesão Président Pacote com 50g,Président,5.6,5.19,0.0,2025-01-24
5350,Limpeza,Limpeza de banheiro,Água Sanitária Super Candida Frasco com 2L,Super Candida,5.48,4.98,0.0,2025-01-24
22295,Padaria e matinais,Pães e torradas,Pão de Forma Pullman Tradicional Pacote com 480g,Pullman,8.48,8.48,0.0,2025-01-24
13743,Mercearia,Grãos,Arroz Camil Agulhinha - Tipo 1 Pacote com 5kg,Camil,27.1,26.6,0.0,2025-01-24
13757,Mercearia,Grãos,Arroz Camil Integral Pacote com 1kg,Camil,6.6,6.3,0.0,2025-01-24
9742,Mercearia,Grãos,Feijão Carioca Camil Tipo 1 Pacote com 1kg,Camil,5.6,5.39,0.0,2025-01-24
10394,Limpeza,Limpeza de roupas,Amaciante para Roupas Concentrado Comfort Azul Frasco com 500ml,Comfort,9.9,9.29,0.0,2025-01-24
10340,Limpeza,Limpeza de roupas,Amaciante para Roupas Comfort Lavanda Refil com 900ml,Comfort,14.9,13.9,0.0,2025-01-24
10382,Limpeza,Limpeza de roupas,"Amaciante para Roupas Concentrado Baby Soft Inspiração Fascinante Frasco com 1,5L",Baby Soft,16.5,14.5,0.0,2025-01-24
32659,Higiene e perfumaria,Desodorantes,Desodorante Aerossol Dove Men+Care Frasco com 200ml,Dove,22.9,21.49,0.0,2025-01-24
29864,Limpeza,Limpeza de roupas,Tira Manchas em Gel Vanish Refil com 500ml,Vanish,12.9,11.9,0.0,2025-01-24
14304,Mercearia,Salgadinhos e snacks,Salgadinho Batata Pringles Creme e Cebola Tubo com 109g,Pringles,11.89,10.79,0.0,2025-01-24
5057,Frios e congelados,Margarinas e manteigas,Manteiga Aviação Com sal Pote com 500g,Aviação,29.9,29.9,0.0,2025-01-24
30248,Limpeza,Limpeza de roupas,Lava Roupas Líquido Omo Lavanda Refil com 900ml,Omo,13.99,13.19,0.0,2025-01-24
9235,Limpeza,Limpeza de roupas,Sabão em Barra Ypê Toque de Aveia e Coco Pacote com 5x180g,Ypê,13.9,11.9,0.0,2025-01-24
25621,Higiene e perfumaria,Papel higiênico,Papel Higiênico Personal Vip Folha dupla - 30m Pacote com 24 rolos,Personal,39.67,37.67,0.0,2025-01-24
25610,Higiene e perfumaria,Papel higiênico,Papel Higiênico Personal Vip Folha dupla - 30m Pacote com 12 rolos,Personal,19.84,18.84,0.0,2025-01-24
915,Mercearia,"Cafés, chás e achocolatados",Café 3 Corações Tradicional Pacote com 500g,3 Corações,27.98,26.98,0.0,2025-01-24
924,Mercearia,"Cafés, chás e achocolatados",Café 3 Corações Tradicional - Vácuo Pacote com 500g,3 Corações,27.98,26.98,0.0,2025-01-24
2588,Mercearia,"Cafés, chás e achocolatados",Café Melitta Tradicional Pouch com 500g,Melitta,28.98,27.98,0.0,2025-01-24
2584,Mercearia,"Cafés, chás e achocolatados",Café Melitta Sabor da Fazenda Vácuo Caixeta com 500g,Melitta,29.98,28.98,0.0,2025-01-24
3148,Mercearia,"Cafés, chás e achocolatados",Café Premium 3 Corações Estrada Real Pacote com 500g,3 Corações,31.98,30.98,0.0,2025-01-24
3259,Mercearia,"Cafés, chás e achocolatados",Café Sabor da Fazenda Tradicional Pouch com 500g,Melitta,29.98,28.98,0.0,2025-01-24
20602,Higiene e perfumaria,Cabelo,Shampoo Clear Ice Cool Menthol Frasco com 400ml,Clear,19.89,19.89,0.0,2025-01-24
20562,Higiene e perfumaria,Cabelo,Shampoo Clear 2 em 1 Frasco com 400ml,Clear,19.89,19.89,0.0,2025-01-24
20745,Higiene e perfumaria,Cabelo,Shampoo Elseve Hidra Hialurônico Frasco com 400ml,Elseve,23.95,22.9,0.0,2025-01-24
33807,Bebidas,Vinhos,Vinho Argentino Concha Y Toro Malbec Garrafa com 750ml,Concha Y Toro,29.8,24.8,0.0,2025-01-24
35964,Bebidas,Vinhos,Vinho Reserva Aurora Merlot Garrafa com 750ml,Aurora,37.9,35.9,0.0,2025-01-24
37130,Bebidas,Destilados,Cachaça Salinas Bálsamo Garrafa com 1L,Salinas,46.99,44.99,0.0,2025-01-24
37135,Bebidas,Destilados,Cachaça Salinas Ipê Garrafa com 700ml,Salinas,47.99,45.49,0.0,2025-01-24
37139,Bebidas,Destilados,Cachaça Salinas Tradicional Garrafa com 600ml,Salinas,41.89,39.89,0.0,2025-01-24
16327,Mercearia,"Azeites, óleos e vinagres",Azeite de Oliva Andorinha Extra Virgem Vidro com 500ml,Andorinha,43.9,42.9,0.0,2025-01-24
16464,Mercearia,"Azeites, óleos e vinagres",Azeite de Oliva Gallo Extra virgem Vidro com 500ml,Gallo,46.9,44.9,0.0,2025-01-24
7433,Mercearia,Farinhas,Farinha de Mandioca D'Cheff Temperada Tradicional Pacote com 300g,D'Cheff,6.49,5.99,0.0,2025-01-24
12638,Mercearia,Temperos e condimentos,Molho de Pimenta Knorr Vermelha Pet com 150ml,Knorr,5.4,5.2,0.0,2025-01-24
26381,Mercearia,Temperos e condimentos,Ketchup Heinz Tradicional Pet com 397g,Heinz,15.49,15.49,0.0,2025-01-24
17035,Mercearia,Temperos e condimentos,Orégano Kitano Sachê com 10g,Kitano,3.49,3.49,0.0,2025-01-24
19822,Bebidas,Destilados,Gin Seagers Garrafa com 1L,Seagers,42.89,40.79,0.0,2025-01-24
5634,Mercearia,Temperos e condimentos,Ajinomoto Refil com 100g,Ajinomoto,6.99,6.29,0.0,2025-01-24
14436,Mercearia,Temperos e condimentos,Molho Shoyu Sakura Pet com 150ml,Sakura,3.79,3.25,0.0,2025-01-24
38668,Padaria e matinais,Pães e torradas,Pullman Rap 10 Original Pacote com 297g,Pullman,10.98,10.98,0.0,2025-01-24
5666,Limpeza,Limpeza de cozinha,Esponja Scotch-Brite Pacote com 4 unidades,Scotch-Brite,6.45,5.95,0.0,2025-01-24
5658,Limpeza,Limpeza de cozinha,Esponja Scotch-Brite Não Risca Pacote com 3 unidades,Scotch-Brite,8.15,7.35,0.0,2025-01-24
16022,Mercearia,Bomboniere,Chiclete Mentos Fresh Mint Unidade com 56g,Mentos,9.45,8.45,0.0,2025-01-24
34777,Limpeza,Limpeza de casa,Limpador Perfumado Concentrado Coala Cereja e Avelã Frasco com 120ml,Coala,11.5,10.5,0.0,2025-01-24
38763,Mercearia,Massas e molhos,Molho de Tomate Salsaretti Tradicional Pouch com 300g,Salsaretti,1.89,1.79,0.0,2025-01-31
13480,Mercearia,Massas e molhos,Molho de Tomate Salsaretti Passata Rústica Vidro com 680g,Salsaretti,13.5,12.99,0.0,2025-01-31
12948,Mercearia,Massas e molhos,Molho de Tomate Heinz Manjericão Pouch com 300g,Heinz,4.78,4.78,0.0,2025-01-31
12942,Mercearia,Massas e molhos,Molho de Tomate Heinz Bolonhesa Pouch com 300g,Heinz,4.89,4.69,0.0,2025-01-31
36708,Limpeza,Limpeza de cozinha,Detergente Líquido Ypê Clear Frasco com 500ml,Ypê,2.19,2.09,0.0,2025-01-31
36732,Limpeza,Limpeza de cozinha,Detergente Líquido Ypê Neutro Frasco com 500ml,Ypê,2.19,2.09,0.0,2025-01-31
36410,Limpeza,Limpeza de cozinha,Detergente Líquido Limpol Neutro Frasco com 500ml,Limpol,2.05,2.05,0.0,2025-01-31
36362,Limpeza,Limpeza de cozinha,Detergente Líquido Limpol Coco Frasco com 500ml,Limpol,2.05,2.05,0.0,2025-01-31
28319,Higiene e perfumaria,Higiene bucal,Creme Dental Colgate Máxima Proteção Anticáries Tubo com 90g,Colgate,3.89,3.64,0.0,2025-01-31
28585,Higiene e perfumaria,Higiene bucal,Creme Dental Colgate Tripla Ação Original Tubo com 90g,Colgate,4.44,4.24,0.0,2025-01-31
28697,Higiene e perfumaria,Higiene bucal,Creme Dental Oral-B 1-2-3 Tubo com 70g,Oral-B,2.65,2.65,0.0,2025-01-31
28745,Higiene e perfumaria,Higiene bucal,Creme Dental Oral-B 4 em 1 Tubo com 70g,Oral-B,4.2,3.8,0.0,2025-01-31
13164,Bebidas,Cervejas,Cerveja Puro Malte Spaten Lata com 269ml,Spaten,2.55,2.55,0.0,2025-01-31
12498,Bebidas,Cervejas,Cerveja Heineken Zero Long neck com 330ml,Heineken,5.49,5.49,0.0,2025-01-31
13362,Bebidas,Cervejas,Cerveja Stella Artois Long neck com 330ml,Stella Artois,5.79,5.59,0.0,2025-01-31
13351,Bebidas,Cervejas,Cerveja Spaten Puro Malte Lata com 350ml,Spaten,3.79,3.79,0.0,2025-01-31
12490,Bebidas,Cervejas,Cerveja Heineken Zero Lata com 269ml,Heineken,4.29,3.99,0.0,2025-01-31
12389,Bebidas,Cervejas,Cerveja Estrella Galicia Lata com 350ml,Estrella Galicia,4.49,4.29,0.0,2025-01-31
12880,Bebidas,Cervejas,Cerveja Patagonia Amber Lager Lata com 350ml,Patagonia,5.79,5.59,0.0,2025-01-31
1187,Mercearia,Massas e molhos,Macarrão com Ovos Dona Benta Espaguete Pacote com 500g,Dona Benta,2.69,2.69,0.0,2025-01-31
1203,Mercearia,Massas e molhos,Macarrão com Ovos Dona Benta Penne Pacote com 500g,Dona Benta,2.69,2.69,0.0,2025-01-31
1061,Mercearia,Massas e molhos,Macarrão com Ovos Adria Espaguete Pacote com 500g,Adria,2.85,2.85,0.0,2025-01-31
1090,Mercearia,Massas e molhos,Macarrão com Ovos Adria Pena Pacote com 500g,Adria,2.85,2.85,0.0,2025-01-31
1065,Mercearia,Massas e molhos,Macarrão com Ovos Adria Espaguetinho Nº9 Pacote com 500g,Adria,2.85,2.85,0.0,2025-01-31
1433,Mercearia,Massas e molhos,Macarrão com Ovos Renata Espaguete Pacote com 500g,Renata,3.99,3.69,0.0,2025-01-31
1442,Mercearia,Massas e molhos,Macarrão com Ovos Renata Pena Pacote com 500g,Renata,3.99,3.69,0.0,2025-01-31
13073,Mercearia,"Cafés, chás e achocolatados",Filtro de Papel para Café Melitta Nº 103 Caixeta com 30 unidades,Melitta,3.79,3.79,0.0,2025-01-31
39240,Mercearia,Grãos,Milho para Pipoca Yoki Pacote com 400g,Yoki,3.89,3.89,0.0,2025-01-31
39238,Mercearia,Grãos,Milho para Pipoca Yoki Premium Pacote com 400g,Yoki,5.99,5.99,0.0,2025-01-31
14436,Mercearia,Temperos e condimentos,Molho Shoyu Sakura Pet com 150ml,Sakura,2.59,2.59,0.0,2025-01-31
31766,Limpeza,Limpeza de banheiro,Desinfetante Pinho Sol Original Frasco com 500ml,Pinho Sol,5.95,5.95,0.0,2025-01-31
38161,Limpeza,Limpeza de banheiro,Desinfetante Pinho Bril Plus Frasco com 500ml,Pinho Bril,4.1,4.1,0.0,2025-01-31
31494,Limpeza,Limpeza de banheiro,Desinfetante Lysoform Suave Frasco com 1L,Lysoform,15.5,14.9,0.0,2025-01-31
30600,Mercearia,Confeitaria,Leite Condensado Moça Integral Lata com 395g,Nestlé,9.09,8.58,0.0,2025-01-31
32447,Padaria e matinais,Leites,Leite Longa Vida Jussara Com tampa Integral TP com 1L,Jussara,4.89,4.69,0.0,2025-01-31
32839,Padaria e matinais,Leites,Leite Longa Vida Piracanjuba Com tampa Integral TP com 1L,Piracanjuba,5.05,4.85,0.0,2025-01-31
32452,Padaria e matinais,Leites,Leite Longa Vida Jussara Com tampa Semidesnatado TP com 1L,Jussara,4.89,4.69,0.0,2025-01-31
3984,Bebidas,Refrigerantes,Refrigerante Coca-Cola Sem açúcar Pet com 1L,Coca-Cola,5.99,5.79,0.0,2025-01-31
38145,Bebidas,Refrigerantes,Refrigerante Coca-Cola Sem açúcar Pet com 600ml,Coca-Cola,5.19,4.99,0.0,2025-01-31
36611,Mercearia,Massas e molhos,Queijo Parmesão Ralado Vigor Sachê com 50g,Vigor,4.57,4.57,0.0,2025-01-31
64,Mercearia,Massas e molhos,Queijo Ralado Parmesão Président Pacote com 50g,Président,5.6,5.19,0.0,2025-01-31
5350,Limpeza,Limpeza de banheiro,Água Sanitária Super Candida Frasco com 2L,Super Candida,5.48,4.98,0.0,2025-01-31
22295,Padaria e matinais,Pães e torradas,Pão de Forma Pullman Tradicional Pacote com 480g,Pullman,8.48,8.48,0.0,2025-01-31
17933,Mercearia,Chocolates,Chocolate Nestlé Crunch Unidade com 80g,Nestlé,7.99,7.49,0.0,2025-01-31
44028,Limpeza,Limpeza de casa,Removedor Suprema Tradicional Frasco com 1L,Suprema,6.39,5.39,0.0,2025-01-31
13743,Mercearia,Grãos,Arroz Camil Agulhinha - Tipo 1 Pacote com 5kg,Camil,24.8,24.8,0.0,2025-01-31
13757,Mercearia,Grãos,Arroz Camil Integral Pacote com 1kg,Camil,6.4,6.19,0.0,2025-01-31
9742,Mercearia,Grãos,Feijão Carioca Camil Tipo 1 Pacote com 1kg,Camil,5.5,5.29,0.0,2025-01-31
10394,Limpeza,Limpeza de roupas,Amaciante para Roupas Concentrado Comfort Azul Frasco com 500ml,Comfort,9.9,9.29,0.0,2025-01-31
10340,Limpeza,Limpeza de roupas,Amaciante para Roupas Comfort Lavanda Refil com 900ml,Comfort,13.9,12.9,0.0,2025-01-31
10382,Limpeza,Limpeza de roupas,"Amaciante para Roupas Concentrado Baby Soft Inspiração Fascinante Frasco com 1,5L",Baby Soft,16.5,14.5,0.0,2025-01-31
32659,Higiene e perfumaria,Desodorantes,Desodorante Aerossol Dove Men+Care Frasco com 200ml,Dove,22.9,21.49,0.0,2025-01-31
29864,Limpeza,Limpeza de roupas,Tira Manchas em Gel Vanish Refil com 500ml,Vanish,12.9,11.9,0.0,2025-01-31
14304,Mercearia,Salgadinhos e snacks,Salgadinho Batata Pringles Creme e Cebola Tubo com 109g,Pringles,7.99,7.99,0.0,2025-01-31
5057,Frios e congelados,Margarinas e manteigas,Manteiga Aviação Com sal Pote com 500g,Aviação,29.9,29.9,0.0,2025-01-31
5054,Frios e congelados,Margarinas e manteigas,Manteiga Aviação Com sal Pote com 200g,Aviação,14.5,13.9,0.0,2025-01-31
30248,Limpeza,Limpeza de roupas,Lava Roupas Líquido Omo Lavanda Refil com 900ml,Omo,13.99,13.19,0.0,2025-01-31
9235,Limpeza,Limpeza de roupas,Sabão em Barra Ypê Toque de Aveia e Coco Pacote com 5x180g,Ypê,13.9,11.9,0.0,2025-01-31
25621,Higiene e perfumaria,Papel higiênico,Papel Higiênico Personal Vip Folha dupla - 30m Pacote com 24 rolos,Personal,32.18,32.18,0.0,2025-01-31
25610,Higiene e perfumaria,Papel higiênico,Papel Higiênico Personal Vip Folha dupla - 30m Pacote com 12 rolos,Personal,16.09,16.09,0.0,2025-01-31
915,Mercearia,"Cafés, chás e achocolatados",Café 3 Corações Tradicional Pacote com 500g,3 Corações,27.98,26.98,0.0,2025-01-31
924,Mercearia,"Cafés, chás e achocolatados",Café 3 Corações Tradicional - Vácuo Pacote com 500g,3 Corações,27.98,26.98,0.0,2025-01-31
2588,Mercearia,"Cafés, chás e achocolatados",Café Melitta Tradicional Pouch com 500g,Melitta,26.98,26.98,0.0,2025-01-31
3148,Mercearia,"Cafés, chás e achocolatados",Café Premium 3 Corações Estrada Real Pacote com 500g,3 Corações,31.98,30.98,0.0,2025-01-31
2584,Mercearia,"Cafés, chás e achocolatados",Café Melitta Sabor da Fazenda Vácuo Caixeta com 500g,Melitta,29.98,28.98,0.0,2025-01-31
3259,Mercearia,"Cafés, chás e achocolatados",Café Sabor da Fazenda Tradicional Pouch com 500g,Melitta,29.98,28.98,0.0,2025-01-31
20602,Higiene e perfumaria,Cabelo,Shampoo Clear Ice Cool Menthol Frasco com 400ml,Clear,24.74,24.74,0.0,2025-01-31
20562,Higiene e perfumaria,Cabelo,Shampoo Clear 2 em 1 Frasco com 400ml,Clear,24.74,24.74,0.0,2025-01-31
20745,Higiene e perfumaria,Cabelo,Shampoo Elseve Hidra Hialurônico Frasco com 400ml,Elseve,23.95,22.9,0.0,2025-01-31
33807,Bebidas,Vinhos,Vinho Argentino Concha Y Toro Malbec Garrafa com 750ml,Concha Y Toro,29.8,24.8,0.0,2025-01-31
35964,Bebidas,Vinhos,Vinho Reserva Aurora Merlot Garrafa com 750ml,Aurora,37.9,35.9,0.0,2025-01-31
37130,Bebidas,Destilados,Cachaça Salinas Bálsamo Garrafa com 1L,Salinas,38.88,38.88,0.0,2025-01-31
37135,Bebidas,Destilados,Cachaça Salinas Ipê Garrafa com 700ml,Salinas,47.99,45.49,0.0,2025-01-31
37139,Bebidas,Destilados,Cachaça Salinas Tradicional Garrafa com 600ml,Salinas,32.89,32.89,0.0,2025-01-31
16327,Mercearia,"Azeites, óleos e vinagres",Azeite de Oliva Andorinha Extra Virgem Vidro com 500ml,Andorinha,43.9,42.9,0.0,2025-01-31
16464,Mercearia,"Azeites, óleos e vinagres",Azeite de Oliva Gallo Extra virgem Vidro com 500ml,Gallo,46.9,44.9,0.0,2025-01-31
7433,Mercearia,Farinhas,Farinha de Mandioca D'Cheff Temperada Tradicional Pacote com 300g,D'Cheff,6.49,5.99,0.0,2025-01-31
12638,Mercearia,Temperos e condimentos,Molho de Pimenta Knorr Vermelha Pet com 150ml,Knorr,5.4,5.2,0.0,2025-01-31
26381,Mercearia,Temperos e condimentos,Ketchup Heinz Tradicional Pet com 397g,Heinz,12.99,12.99,0.0,2025-01-31
17035,Mercearia,Temperos e condimentos,Orégano Kitano Sachê com 10g,Kitano,3.49,3.49,0.0,2025-01-31
19822,Bebidas,Destilados,Gin Seagers Garrafa com 1L,Seagers,42.89,40.79,0.0,2025-01-31
38668,Padaria e matinais,Pães e torradas,Pullman Rap 10 Original Pacote com 297g,Pullman,10.98,10.98,0.0,2025-01-31
5666,Limpeza,Limpeza de cozinha,Esponja Scotch-Brite Pacote com 4 unidades,Scotch-Brite,5.99,5.49,0.0,2025-01-31
5658,Limpeza,Limpeza de cozinha,Esponja Scotch-Brite Não Risca Pacote com 3 unidades,Scotch-Brite,8.15,7.35,0.0,2025-01-31
16022,Mercearia,Bomboniere,Chiclete Mentos Fresh Mint Unidade com 56g,Mentos,10.9,9.9,0.0,2025-01-31
34777,Limpeza,Limpeza de casa,Limpador Perfumado Concentrado Coala Cereja e Avelã Frasco com 120ml,Coala,11.5,10.5,0.0,2025-01-31
38763,Mercearia,Massas e molhos,Molho de Tomate Salsaretti Tradicional Pouch com 300g,Salsaretti,1.89,1.79,0.0,2025-02-15
13480,Mercearia,Massas e molhos,Molho de Tomate Salsaretti Passata Rústica Vidro com 680g,Salsaretti,13.5,12.99,0.0,2025-02-15
13206,Mercearia,Massas e molhos,Molho de Tomate Pomarola Chef Passata Vidro com 700g,Pomarola,18.9,18.3,0.0,2025-02-15
36708,Limpeza,Limpeza de cozinha,Detergente Líquido Ypê Clear Frasco com 500ml,Ypê,2.19,2.09,0.0,2025-02-15
36732,Limpeza,Limpeza de cozinha,Detergente Líquido Ypê Neutro Frasco com 500ml,Ypê,2.19,2.09,0.0,2025-02-15
36410,Limpeza,Limpeza de cozinha,Detergente Líquido Limpol Neutro Frasco com 500ml,Limpol,2.25,2.09,0.0,2025-02-15
36362,Limpeza,Limpeza de cozinha,Detergente Líquido Limpol Coco Frasco com 500ml,Limpol,2.25,2.09,0.0,2025-02-15
28319,Higiene e perfumaria,Higiene bucal,Creme Dental Colgate Máxima Proteção Anticáries Tubo com 90g,Colgate,3.89,3.64,0.0,2025-02-15
28585,Higiene e perfumaria,Higiene bucal,Creme Dental Colgate Tripla Ação Original Tubo com 90g,Colgate,4.5,4.1,0.0,2025-02-15
28697,Higiene e perfumaria,Higiene bucal,Creme Dental Oral-B 1-2-3 Tubo com 70g,Oral-B,2.65,2.65,0.0,2025-02-15
28745,Higiene e perfumaria,Higiene bucal,Creme Dental Oral-B 4 em 1 Tubo com 70g,Oral-B,4.2,3.8,0.0,2025-02-15
13164,Bebidas,Cervejas,Cerveja Puro Malte Spaten Lata com 269ml,Spaten,3.19,3.09,0.0,2025-02-15
12498,Bebidas,Cervejas,Cerveja Heineken Zero Long neck com 330ml,Heineken,6.79,6.49,0.0,2025-02-15
13362,Bebidas,Cervejas,Cerveja Stella Artois Long neck com 330ml,Stella Artois,5.89,5.69,0.0,2025-02-15
13351,Bebidas,Cervejas,Cerveja Spaten Puro Malte Lata com 350ml,Spaten,3.59,3.59,0.0,2025-02-15
12490,Bebidas,Cervejas,Cerveja Heineken Zero Lata com 269ml,Heineken,4.19,3.99,0.0,2025-02-15
12389,Bebidas,Cervejas,Cerveja Estrella Galicia Lata com 350ml,Estrella Galicia,4.59,4.39,0.0,2025-02-15
12880,Bebidas,Cervejas,Cerveja Patagonia Amber Lager Lata com 350ml,Patagonia,6.65,6.65,0.0,2025-02-15
1187,Mercearia,Massas e molhos,Macarrão com Ovos Dona Benta Espaguete Pacote com 500g,Dona Benta,3.59,3.29,0.0,2025-02-15
1203,Mercearia,Massas e molhos,Macarrão com Ovos Dona Benta Penne Pacote com 500g,Dona Benta,3.59,3.29,0.0,2025-02-15
1061,Mercearia,Massas e molhos,Macarrão com Ovos Adria Espaguete Pacote com 500g,Adria,3.58,3.29,0.0,2025-02-15
1065,Mercearia,Massas e molhos,Macarrão com Ovos Adria Espaguetinho Nº9 Pacote com 500g,Adria,3.58,3.29,0.0,2025-02-15
1433,Mercearia,Massas e molhos,Macarrão com Ovos Renata Espaguete Pacote com 500g,Renata,3.99,3.69,0.0,2025-02-15
1442,Mercearia,Massas e molhos,Macarrão com Ovos Renata Pena Pacote com 500g,Renata,3.99,3.69,0.0,2025-02-15
13073,Mercearia,"Cafés, chás e achocolatados",Filtro de Papel para Café Melitta Nº 103 Caixeta com 30 unidades,Melitta,4.19,3.89,0.0,2025-02-15
39240,Mercearia,Grãos,Milho para Pipoca Yoki Pacote com 400g,Yoki,3.69,3.69,0.0,2025-02-15
39238,Mercearia,Grãos,Milho para Pipoca Yoki Premium Pacote com 400g,Yoki,5.79,5.79,0.0,2025-02-15
14436,Mercearia,Temperos e condimentos,Molho Shoyu Sakura Pet com 150ml,Sakura,4.09,3.89,0.0,2025-02-15
12293,Mercearia,Temperos e condimentos,Molho de Mostarda Heinz Pet com 255g,Heinz,15.99,15.49,0.0,2025-02-15
31766,Limpeza,Limpeza de banheiro,Desinfetante Pinho Sol Original Frasco com 500ml,Pinho Sol,5.95,5.95,0.0,2025-02-15
38161,Limpeza,Limpeza de banheiro,Desinfetante Pinho Bril Plus Frasco com 500ml,Pinho Bril,5.85,5.05,0.0,2025-02-15
31494,Limpeza,Limpeza de banheiro,Desinfetante Lysoform Suave Frasco com 1L,Lysoform,15.65,14.65,0.0,2025-02-15
30600,Mercearia,Confeitaria,Leite Condensado Moça Integral Lata com 395g,Nestlé,8.8,8.3,0.0,2025-02-15
32447,Padaria e matinais,Leites,Leite Longa Vida Jussara Com tampa Integral TP com 1L,Jussara,5.09,4.89,0.0,2025-02-15
32839,Padaria e matinais,Leites,Leite Longa Vida Piracanjuba Com tampa Integral TP com 1L,Piracanjuba,5.09,4.89,0.0,2025-02-15
32452,Padaria e matinais,Leites,Leite Longa Vida Jussara Com tampa Semidesnatado TP com 1L,Jussara,4.79,4.79,0.0,2025-02-15
3984,Bebidas,Refrigerantes,Refrigerante Coca-Cola Sem açúcar Pet com 1L,Coca-Cola,5.99,5.79,0.0,2025-02-15
36611,Mercearia,Massas e molhos,Queijo Parmesão Ralado Vigor Sachê com 50g,Vigor,5.89,5.49,0.0,2025-02-15
64,Mercearia,Massas e molhos,Queijo Ralado Parmesão Président Pacote com 50g,Président,5.6,5.19,0.0,2025-02-15
5350,Limpeza,Limpeza de banheiro,Água Sanitária Super Candida Frasco com 2L,Super Candida,5.69,5.25,0.0,2025-02-15
22295,Padaria e matinais,Pães e torradas,Pão de Forma Pullman Tradicional Pacote com 480g,Pullman,6.98,6.98,0.0,2025-02-15
38793,Padaria e matinais,Pães e torradas,Pão de Forma Visconti Tradicional Pacote com 400g,Visconti,6.59,5.75,0.0,2025-02-15
17933,Mercearia,Chocolates,Chocolate Nestlé Crunch Unidade com 80g,Nestlé,7.99,7.49,0.0,2025-02-15
44028,Limpeza,Limpeza de casa,Removedor Suprema Tradicional Frasco com 1L,Suprema,7.85,6.99,0.0,2025-02-15
13743,Mercearia,Grãos,Arroz Camil Agulhinha - Tipo 1 Pacote com 5kg,Camil,26.6,26.19,0.0,2025-02-15
13757,Mercearia,Grãos,Arroz Camil Integral Pacote com 1kg,Camil,6.3,6.19,0.0,2025-02-15
9742,Mercearia,Grãos,Feijão Carioca Camil Tipo 1 Pacote com 1kg,Camil,5.39,5.29,0.0,2025-02-15
10394,Limpeza,Limpeza de roupas,Amaciante para Roupas Concentrado Comfort Azul Frasco com 500ml,Comfort,9.9,9.29,0.0,2025-02-15
10340,Limpeza,Limpeza de roupas,Amaciante para Roupas Comfort Lavanda Refil com 900ml,Comfort,14.9,13.9,0.0,2025-02-15
10382,Limpeza,Limpeza de roupas,"Amaciante para Roupas Concentrado Baby Soft Inspiração Fascinante Frasco com 1,5L",Baby Soft,17.5,13.5,0.0,2025-02-15
32659,Higiene e perfumaria,Desodorantes,Desodorante Aerossol Dove Men+Care Frasco com 200ml,Dove,22.9,21.49,0.0,2025-02-15
29864,Limpeza,Limpeza de roupas,Tira Manchas em Gel Vanish Refil com 500ml,Vanish,12.9,11.9,0.0,2025-02-15
14304,Mercearia,Salgadinhos e snacks,Salgadinho Batata Pringles Creme e Cebola Tubo com 109g,Pringles,8.49,8.49,0.0,2025-02-15
5054,Frios e congelados,Margarinas e manteigas,Manteiga Aviação Com sal Pote com 200g,Aviação,14.5,13.9,0.0,2025-02-15
30248,Limpeza,Limpeza de roupas,Lava Roupas Líquido Omo Lavanda Refil com 900ml,Omo,14.79,13.99,0.0,2025-02-15
9235,Limpeza,Limpeza de roupas,Sabão em Barra Ypê Toque de Aveia e Coco Pacote com 5x180g,Ypê,13.9,11.9,0.0,2025-02-15
25621,Higiene e perfumaria,Papel higiênico,Papel Higiênico Personal Vip Folha dupla - 30m Pacote com 24 rolos,Personal,39.57,37.57,0.0,2025-02-15
25610,Higiene e perfumaria,Papel higiênico,Papel Higiênico Personal Vip Folha dupla - 30m Pacote com 12 rolos,Personal,19.79,18.79,0.0,2025-02-15
915,Mercearia,"Cafés, chás e achocolatados",Café 3 Corações Tradicional Pacote com 500g,3 Corações,28.98,27.98,0.0,2025-02-15
924,Mercearia,"Cafés, chás e achocolatados",Café 3 Corações Tradicional - Vácuo Pacote com 500g,3 Corações,28.98,27.98,0.0,2025-02-15
2588,Mercearia,"Cafés, chás e achocolatados",Café Melitta Tradicional Pouch com 500g,Melitta,29.48,28.48,0.0,2025-02-15
2584,Mercearia,"Cafés, chás e achocolatados",Café Melitta Sabor da Fazenda Vácuo Caixeta com 500g,Melitta,29.98,28.98,0.0,2025-02-15
3148,Mercearia,"Cafés, chás e achocolatados",Café Premium 3 Corações Estrada Real Pacote com 500g,3 Corações,31.98,30.98,0.0,2025-02-15
3259,Mercearia,"Cafés, chás e achocolatados",Café Sabor da Fazenda Tradicional Pouch com 500g,Melitta,29.98,28.98,0.0,2025-02-15
20602,Higiene e perfumaria,Cabelo,Shampoo Clear Ice Cool Menthol Frasco com 400ml,Clear,24.74,24.74,0.0,2025-02-15
20562,Higiene e perfumaria,Cabelo,Shampoo Clear 2 em 1 Frasco com 400ml,Clear,24.74,24.74,0.0,2025-02-15
33964,Bebidas,Vinhos,Vinho Argentino Trapiche Malbec Garrafa com 750ml,Trapiche,40.9,38.0,0.0,2025-02-15
33807,Bebidas,Vinhos,Vinho Argentino Concha Y Toro Malbec Garrafa com 750ml,Concha Y Toro,29.8,24.8,0.0,2025-02-15
35964,Bebidas,Vinhos,Vinho Reserva Aurora Merlot Garrafa com 750ml,Aurora,37.9,35.9,0.0,2025-02-15
37130,Bebidas,Destilados,Cachaça Salinas Bálsamo Garrafa com 1L,Salinas,46.99,44.99,0.0,2025-02-15
37135,Bebidas,Destilados,Cachaça Salinas Ipê Garrafa com 700ml,Salinas,47.99,45.49,0.0,2025-02-15
37139,Bebidas,Destilados,Cachaça Salinas Tradicional Garrafa com 600ml,Salinas,33.89,33.89,0.0,2025-02-15
16327,Mercearia,"Azeites, óleos e vinagres",Azeite de Oliva Andorinha Extra Virgem Vidro com 500ml,Andorinha,44.9,42.9,0.0,2025-02-15
16464,Mercearia,"Azeites, óleos e vinagres",Azeite de Oliva Gallo Extra virgem Vidro com 500ml,Gallo,44.9,42.9,0.0,2025-02-15
7433,Mercearia,Farinhas,Farinha de Mandioca D'Cheff Temperada Tradicional Pacote com 300g,D'Cheff,6.49,5.99,0.0,2025-02-15
12638,Mercearia,Temperos e condimentos,Molho de Pimenta Knorr Vermelha Pet com 150ml,Knorr,5.4,5.2,0.0,2025-02-15
26381,Mercearia,Temperos e condimentos,Ketchup Heinz Tradicional Pet com 397g,Heinz,14.99,13.99,0.0,2025-02-15
17035,Mercearia,Temperos e condimentos,Orégano Kitano Sachê com 10g,Kitano,3.99,3.79,0.0,2025-02-15
19822,Bebidas,Destilados,Gin Seagers Garrafa com 1L,Seagers,42.89,40.79,0.0,2025-02-15
5634,Mercearia,Temperos e condimentos,Ajinomoto Refil com 100g,Ajinomoto,6.99,6.29,0.0,2025-02-15
27280,Mercearia,Confeitaria,Creme de Leite Italac TP com 200g,Italac,2.59,2.59,0.0,2025-02-15
38668,Padaria e matinais,Pães e torradas,Pullman Rap 10 Original Pacote com 297g,Pullman,10.98,10.98,0.0,2025-02-15
5666,Limpeza,Limpeza de cozinha,Esponja Scotch-Brite Pacote com 4 unidades,Scotch-Brite,6.9,6.25,0.0,2025-02-15
5658,Limpeza,Limpeza de cozinha,Esponja Scotch-Brite Não Risca Pacote com 3 unidades,Scotch-Brite,8.15,7.35,0.0,2025-02-15
16022,Mercearia,Bomboniere,Chiclete Mentos Fresh Mint Unidade com 56g,Mentos,10.9,9.9,0.0,2025-02-15
34777,Limpeza,Limpeza de casa,Limpador Perfumado Concentrado Coala Cereja e Avelã Frasco com 120ml,Coala,11.5,10.5,0.0,2025-02-15
38763,Mercearia,Massas e molhos,Molho de Tomate Salsaretti Tradicional Pouch com 300g,Salsaretti,1.75,1.55,0.0,2025-02-21
13480,Mercearia,Massas e molhos,Molho de Tomate Salsaretti Passata Rústica Vidro com 680g,Salsaretti,13.5,12.99,0.0,2025-02-21
13206,Mercearia,Massas e molhos,Molho de Tomate Pomarola Chef Passata Vidro com 700g,Pomarola,18.9,18.3,0.0,2025-02-21
36708,Limpeza,Limpeza de cozinha,Detergente Líquido Ypê Clear Frasco com 500ml,Ypê,2.19,2.09,0.0,2025-02-21
36732,Limpeza,Limpeza de cozinha,Detergente Líquido Ypê Neutro Frasco com 500ml,Ypê,2.19,2.09,0.0,2025-02-21
36410,Limpeza,Limpeza de cozinha,Detergente Líquido Limpol Neutro Frasco com 500ml,Limpol,2.25,2.09,0.0,2025-02-21
36362,Limpeza,Limpeza de cozinha,Detergente Líquido Limpol Coco Frasco com 500ml,Limpol,2.25,2.09,0.0,2025-02-21
28319,Higiene e perfumaria,Higiene bucal,Creme Dental Colgate Máxima Proteção Anticáries Tubo com 90g,Colgate,3.89,3.64,0.0,2025-02-21
28585,Higiene e perfumaria,Higiene bucal,Creme Dental Colgate Tripla Ação Original Tubo com 90g,Colgate,4.5,4.1,0.0,2025-02-21
28697,Higiene e perfumaria,Higiene bucal,Creme Dental Oral-B 1-2-3 Tubo com 70g,Oral-B,2.69,2.69,0.0,2025-02-21
28745,Higiene e perfumaria,Higiene bucal,Creme Dental Oral-B 4 em 1 Tubo com 70g,Oral-B,4.2,3.8,0.0,2025-02-21
13164,Bebidas,Cervejas,Cerveja Puro Malte Spaten Lata com 269ml,Spaten,3.19,3.09,0.0,2025-02-21
12498,Bebidas,Cervejas,Cerveja Heineken Zero Long neck com 330ml,Heineken,5.48,5.48,0.0,2025-02-21
13362,Bebidas,Cervejas,Cerveja Stella Artois Long neck com 330ml,Stella Artois,5.89,5.69,0.0,2025-02-21
13351,Bebidas,Cervejas,Cerveja Spaten Puro Malte Lata com 350ml,Spaten,3.69,3.69,0.0,2025-02-21
12490,Bebidas,Cervejas,Cerveja Heineken Zero Lata com 269ml,Heineken,4.15,3.99,0.0,2025-02-21
12389,Bebidas,Cervejas,Cerveja Estrella Galicia Lata com 350ml,Estrella Galicia,4.59,4.39,0.0,2025-02-21
12880,Bebidas,Cervejas,Cerveja Patagonia Amber Lager Lata com 350ml,Patagonia,5.79,5.59,0.0,2025-02-21
1187,Mercearia,Massas e molhos,Macarrão com Ovos Dona Benta Espaguete Pacote com 500g,Dona Benta,3.59,3.29,0.0,2025-02-21
1203,Mercearia,Massas e molhos,Macarrão com Ovos Dona Benta Penne Pacote com 500g,Dona Benta,3.59,3.29,0.0,2025-02-21
1061,Mercearia,Massas e molhos,Macarrão com Ovos Adria Espaguete Pacote com 500g,Adria,3.58,3.29,0.0,2025-02-21
1090,Mercearia,Massas e molhos,Macarrão com Ovos Adria Pena Pacote com 500g,Adria,3.58,3.29,0.0,2025-02-21
1065,Mercearia,Massas e molhos,Macarrão com Ovos Adria Espaguetinho Nº9 Pacote com 500g,Adria,3.58,3.29,0.0,2025-02-21
1433,Mercearia,Massas e molhos,Macarrão com Ovos Renata Espaguete Pacote com 500g,Renata,3.99,3.69,0.0,2025-02-21
1442,Mercearia,Massas e molhos,Macarrão com Ovos Renata Pena Pacote com 500g,Renata,3.99,3.69,0.0,2025-02-21
13073,Mercearia,"Cafés, chás e achocolatados",Filtro de Papel para Café Melitta Nº 103 Caixeta com 30 unidades,Melitta,4.19,3.89,0.0,2025-02-21
39240,Mercearia,Grãos,Milho para Pipoca Yoki Pacote com 400g,Yoki,3.69,3.69,0.0,2025-02-21
39238,Mercearia,Grãos,Milho para Pipoca Yoki Premium Pacote com 400g,Yoki,5.79,5.79,0.0,2025-02-21
14436,Mercearia,Temperos e condimentos,Molho Shoyu Sakura Pet com 150ml,Sakura,2.99,2.99,0.0,2025-02-21
31766,Limpeza,Limpeza de banheiro,Desinfetante Pinho Sol Original Frasco com 500ml,Pinho Sol,7.5,6.9,0.0,2025-02-21
38161,Limpeza,Limpeza de banheiro,Desinfetante Pinho Bril Plus Frasco com 500ml,Pinho Bril,5.85,5.05,0.0,2025-02-21
31494,Limpeza,Limpeza de banheiro,Desinfetante Lysoform Suave Frasco com 1L,Lysoform,15.65,14.65,0.0,2025-02-21
30600,Mercearia,Confeitaria,Leite Condensado Moça Integral Lata com 395g,Nestlé,7.99,7.99,0.0,2025-02-21
32447,Padaria e matinais,Leites,Leite Longa Vida Jussara Com tampa Integral TP com 1L,Jussara,5.49,5.29,0.0,2025-02-21
32839,Padaria e matinais,Leites,Leite Longa Vida Piracanjuba Com tampa Integral TP com 1L,Piracanjuba,5.19,5.09,0.0,2025-02-21
32452,Padaria e matinais,Leites,Leite Longa Vida Jussara Com tampa Semidesnatado TP com 1L,Jussara,5.29,5.29,0.0,2025-02-21
3984,Bebidas,Refrigerantes,Refrigerante Coca-Cola Sem açúcar Pet com 1L,Coca-Cola,5.99,5.79,0.0,2025-02-21
36611,Mercearia,Massas e molhos,Queijo Parmesão Ralado Vigor Sachê com 50g,Vigor,5.89,5.49,0.0,2025-02-21
64,Mercearia,Massas e molhos,Queijo Ralado Parmesão Président Pacote com 50g,Président,5.6,5.19,0.0,2025-02-21
5350,Limpeza,Limpeza de banheiro,Água Sanitária Super Candida Frasco com 2L,Super Candida,5.68,5.24,0.0,2025-02-21
22295,Padaria e matinais,Pães e torradas,Pão de Forma Pullman Tradicional Pacote com 480g,Pullman,6.98,6.98,0.0,2025-02-21
38793,Padaria e matinais,Pães e torradas,Pão de Forma Visconti Tradicional Pacote com 400g,Visconti,4.99,4.99,0.0,2025-02-21
44028,Limpeza,Limpeza de casa,Removedor Suprema Tradicional Frasco com 1L,Suprema,7.85,6.99,0.0,2025-02-21
13743,Mercearia,Grãos,Arroz Camil Agulhinha - Tipo 1 Pacote com 5kg,Camil,26.3,25.77,0.0,2025-02-21
13757,Mercearia,Grãos,Arroz Camil Integral Pacote com 1kg,Camil,6.3,6.19,0.0,2025-02-21
9742,Mercearia,Grãos,Feijão Carioca Camil Tipo 1 Pacote com 1kg,Camil,5.3,5.1,0.0,2025-02-21
10394,Limpeza,Limpeza de roupas,Amaciante para Roupas Concentrado Comfort Azul Frasco com 500ml,Comfort,9.9,9.29,0.0,2025-02-21
10340,Limpeza,Limpeza de roupas,Amaciante para Roupas Comfort Lavanda Refil com 900ml,Comfort,14.9,13.9,0.0,2025-02-21
32659,Higiene e perfumaria,Desodorantes,Desodorante Aerossol Dove Men+Care Frasco com 200ml,Dove,17.9,17.9,0.0,2025-02-21
29864,Limpeza,Limpeza de roupas,Tira Manchas em Gel Vanish Refil com 500ml,Vanish,12.9,11.9,0.0,2025-02-21
14304,Mercearia,Salgadinhos e snacks,Salgadinho Batata Pringles Creme e Cebola Tubo com 109g,Pringles,8.99,8.99,0.0,2025-02-21
5054,Frios e congelados,Margarinas e manteigas,Manteiga Aviação Com sal Pote com 200g,Aviação,14.5,13.9,0.0,2025-02-21
30248,Limpeza,Limpeza de roupas,Lava Roupas Líquido Omo Lavanda Refil com 900ml,Omo,14.79,13.99,0.0,2025-02-21
9235,Limpeza,Limpeza de roupas,Sabão em Barra Ypê Toque de Aveia e Coco Pacote com 5x180g,Ypê,13.9,11.9,0.0,2025-02-21
25621,Higiene e perfumaria,Papel higiênico,Papel Higiênico Personal Vip Folha dupla - 30m Pacote com 24 rolos,Personal,34.38,34.38,0.0,2025-02-21
25610,Higiene e perfumaria,Papel higiênico,Papel Higiênico Personal Vip Folha dupla - 30m Pacote com 12 rolos,Personal,17.19,17.19,0.0,2025-02-21
915,Mercearia,"Cafés, chás e achocolatados",Café 3 Corações Tradicional Pacote com 500g,3 Corações,29.28,28.28,0.0,2025-02-21
924,Mercearia,"Cafés, chás e achocolatados",Café 3 Corações Tradicional - Vácuo Pacote com 500g,3 Corações,29.28,28.28,0.0,2025-02-21
2588,Mercearia,"Cafés, chás e achocolatados",Café Melitta Tradicional Pouch com 500g,Melitta,31.48,30.48,0.0,2025-02-21
2584,Mercearia,"Cafés, chás e achocolatados",Café Melitta Sabor da Fazenda Vácuo Caixeta com 500g,Melitta,31.98,30.98,0.0,2025-02-21
3148,Mercearia,"Cafés, chás e achocolatados",Café Premium 3 Corações Estrada Real Pacote com 500g,3 Corações,34.98,33.98,0.0,2025-02-21
3259,Mercearia,"Cafés, chás e achocolatados",Café Sabor da Fazenda Tradicional Pouch com 500g,Melitta,31.98,30.98,0.0,2025-02-21
20602,Higiene e perfumaria,Cabelo,Shampoo Clear Ice Cool Menthol Frasco com 400ml,Clear,24.74,24.74,0.0,2025-02-21
20562,Higiene e perfumaria,Cabelo,Shampoo Clear 2 em 1 Frasco com 400ml,Clear,24.74,24.74,0.0,2025-02-21
20745,Higiene e perfumaria,Cabelo,Shampoo Elseve Hidra Hialurônico Frasco com 400ml,Elseve,24.99,23.99,0.0,2025-02-21
33964,Bebidas,Vinhos,Vinho Argentino Trapiche Malbec Garrafa com 750ml,Trapiche,40.9,38.0,0.0,2025-02-21
33807,Bebidas,Vinhos,Vinho Argentino Concha Y Toro Malbec Garrafa com 750ml,Concha Y Toro,29.8,24.8,0.0,2025-02-21
35964,Bebidas,Vinhos,Vinho Reserva Aurora Merlot Garrafa com 750ml,Aurora,37.9,35.9,0.0,2025-02-21
37130,Bebidas,Destilados,Cachaça Salinas Bálsamo Garrafa com 1L,Salinas,46.99,44.99,0.0,2025-02-21
37135,Bebidas,Destilados,Cachaça Salinas Ipê Garrafa com 700ml,Salinas,47.99,45.49,0.0,2025-02-21
37139,Bebidas,Destilados,Cachaça Salinas Tradicional Garrafa com 600ml,Salinas,41.89,39.89,0.0,2025-02-21
16327,Mercearia,"Azeites, óleos e vinagres",Azeite de Oliva Andorinha Extra Virgem Vidro com 500ml,Andorinha,44.9,42.9,0.0,2025-02-21
16464,Mercearia,"Azeites, óleos e vinagres",Azeite de Oliva Gallo Extra virgem Vidro com 500ml,Gallo,44.9,42.9,0.0,2025-02-21
7433,Mercearia,Farinhas,Farinha de Mandioca D'Cheff Temperada Tradicional Pacote com 300g,D'Cheff,6.49,5.99,0.0,2025-02-21
12638,Mercearia,Temperos e condimentos,Molho de Pimenta Knorr Vermelha Pet com 150ml,Knorr,5.4,5.2,0.0,2025-02-21
26381,Mercearia,Temperos e condimentos,Ketchup Heinz Tradicional Pet com 397g,Heinz,13.99,13.49,0.0,2025-02-21
17035,Mercearia,Temperos e condimentos,Orégano Kitano Sachê com 10g,Kitano,3.99,3.79,0.0,2025-02-21
19822,Bebidas,Destilados,Gin Seagers Garrafa com 1L,Seagers,42.89,40.79,0.0,2025-02-21
5634,Mercearia,Temperos e condimentos,Ajinomoto Refil com 100g,Ajinomoto,6.99,6.29,0.0,2025-02-21
12293,Mercearia,Temperos e condimentos,Molho de Mostarda Heinz Pet com 255g,Heinz,15.99,15.49,0.0,2025-02-21
27280,Mercearia,Confeitaria,Creme de Leite Italac TP com 200g,Italac,3.39,3.09,0.0,2025-02-21
38668,Padaria e matinais,Pães e torradas,Pullman Rap 10 Original Pacote com 297g,Pullman,10.98,10.98,0.0,2025-02-21
5666,Limpeza,Limpeza de cozinha,Esponja Scotch-Brite Pacote com 4 unidades,Scotch-Brite,6.9,6.25,0.0,2025-02-21
5658,Limpeza,Limpeza de cozinha,Esponja Scotch-Brite Não Risca Pacote com 3 unidades,Scotch-Brite,8.15,7.35,0.0,2025-02-21
16022,Mercearia,Bomboniere,Chiclete Mentos Fresh Mint Unidade com 56g,Mentos,10.9,9.9,0.0,2025-02-21
34777,Limpeza,Limpeza de casa,Limpador Perfumado Concentrado Coala Cereja e Avelã Frasco com 120ml,Coala,11.5,10.5,0.0,2025-02-21
38763,Mercearia,Massas e molhos,Molho de Tomate Salsaretti Tradicional Pouch com 300g,Salsaretti,1.75,1.55,0.0,2025-02-28
13480,Mercearia,Massas e molhos,Molho de Tomate Salsaretti Passata Rústica Vidro com 680g,Salsaretti,13.5,12.99,0.0,2025-02-28
13206,Mercearia,Massas e molhos,Molho de Tomate Pomarola Chef Passata Vidro com 700g,Pomarola,18.9,18.3,0.0,2025-02-28
36708,Limpeza,Limpeza de cozinha,Detergente Líquido Ypê Clear Frasco com 500ml,Ypê,1.99,1.99,0.0,2025-02-28
36732,Limpeza,Limpeza de cozinha,Detergente Líquido Ypê Neutro Frasco com 500ml,Ypê,1.99,1.99,0.0,2025-02-28
36410,Limpeza,Limpeza de cozinha,Detergente Líquido Limpol Neutro Frasco com 500ml,Limpol,2.19,2.1,0.0,2025-02-28
36362,Limpeza,Limpeza de cozinha,Detergente Líquido Limpol Coco Frasco com 500ml,Limpol,2.19,2.1,0.0,2025-02-28
28319,Higiene e perfumaria,Higiene bucal,Creme Dental Colgate Máxima Proteção Anticáries Tubo com 90g,Colgate,3.89,3.64,0.0,2025-02-28
28585,Higiene e perfumaria,Higiene bucal,Creme Dental Colgate Tripla Ação Original Tubo com 90g,Colgate,4.5,4.1,0.0,2025-02-28
28697,Higiene e perfumaria,Higiene bucal,Creme Dental Oral-B 1-2-3 Tubo com 70g,Oral-B,2.69,2.69,0.0,2025-02-28
28745,Higiene e perfumaria,Higiene bucal,Creme Dental Oral-B 4 em 1 Tubo com 70g,Oral-B,4.2,3.8,0.0,2025-02-28
13164,Bebidas,Cervejas,Cerveja Puro Malte Spaten Lata com 269ml,Spaten,3.19,3.09,0.0,2025-02-28
12498,Bebidas,Cervejas,Cerveja Heineken Zero Long neck com 330ml,Heineken,5.29,5.29,0.0,2025-02-28
13362,Bebidas,Cervejas,Cerveja Stella Artois Long neck com 330ml,Stella Artois,4.39,4.39,0.0,2025-02-28
13351,Bebidas,Cervejas,Cerveja Spaten Puro Malte Lata com 350ml,Spaten,3.79,3.79,0.0,2025-02-28
12880,Bebidas,Cervejas,Cerveja Patagonia Amber Lager Lata com 350ml,Patagonia,5.79,5.59,0.0,2025-02-28
12389,Bebidas,Cervejas,Cerveja Estrella Galicia Lata com 350ml,Estrella Galicia,4.59,4.39,0.0,2025-02-28
34777,Limpeza,Limpeza de casa,Limpador Perfumado Concentrado Coala Cereja e Avelã Frasco com 120ml,Coala,11.5,10.5,0.0,2025-02-28
1187,Mercearia,Massas e molhos,Macarrão com Ovos Dona Benta Espaguete Pacote com 500g,Dona Benta,3.69,3.39,0.0,2025-02-28
1061,Mercearia,Massas e molhos,Macarrão com Ovos Adria Espaguete Pacote com 500g,Adria,2.98,2.98,0.0,2025-02-28
1203,Mercearia,Massas e molhos,Macarrão com Ovos Dona Benta Penne Pacote com 500g,Dona Benta,3.69,3.39,0.0,2025-02-28
1090,Mercearia,Massas e molhos,Macarrão com Ovos Adria Pena Pacote com 500g,Adria,2.98,2.98,0.0,2025-02-28
1065,Mercearia,Massas e molhos,Macarrão com Ovos Adria Espaguetinho Nº9 Pacote com 500g,Adria,2.98,2.98,0.0,2025-02-28
1433,Mercearia,Massas e molhos,Macarrão com Ovos Renata Espaguete Pacote com 500g,Renata,3.99,3.69,0.0,2025-02-28
1442,Mercearia,Massas e molhos,Macarrão com Ovos Renata Pena Pacote com 500g,Renata,3.99,3.69,0.0,2025-02-28
13073,Mercearia,"Cafés, chás e achocolatados",Filtro de Papel para Café Melitta Nº 103 Caixeta com 30 unidades,Melitta,4.19,3.89,0.0,2025-02-28
39240,Mercearia,Grãos,Milho para Pipoca Yoki Pacote com 400g,Yoki,3.69,3.69,0.0,2025-02-28
39238,Mercearia,Grãos,Milho para Pipoca Yoki Premium Pacote com 400g,Yoki,5.79,5.79,0.0,2025-02-28
14436,Mercearia,Temperos e condimentos,Molho Shoyu Sakura Pet com 150ml,Sakura,3.79,3.29,0.0,2025-02-28
12293,Mercearia,Temperos e condimentos,Molho de Mostarda Heinz Pet com 255g,Heinz,15.99,15.49,0.0,2025-02-28
31766,Limpeza,Limpeza de banheiro,Desinfetante Pinho Sol Original Frasco com 500ml,Pinho Sol,7.5,6.9,0.0,2025-02-28
38161,Limpeza,Limpeza de banheiro,Desinfetante Pinho Bril Plus Frasco com 500ml,Pinho Bril,5.85,5.05,0.0,2025-02-28
31494,Limpeza,Limpeza de banheiro,Desinfetante Lysoform Suave Frasco com 1L,Lysoform,13.29,13.29,0.0,2025-02-28
30600,Mercearia,Confeitaria,Leite Condensado Moça Integral Lata com 395g,Nestlé,8.84,8.34,0.0,2025-02-28
32447,Padaria e matinais,Leites,Leite Longa Vida Jussara Com tampa Integral TP com 1L,Jussara,5.49,5.29,0.0,2025-02-28
32839,Padaria e matinais,Leites,Leite Longa Vida Piracanjuba Com tampa Integral TP com 1L,Piracanjuba,5.19,5.09,0.0,2025-02-28
32452,Padaria e matinais,Leites,Leite Longa Vida Jussara Com tampa Semidesnatado TP com 1L,Jussara,5.29,5.29,0.0,2025-02-28
3984,Bebidas,Refrigerantes,Refrigerante Coca-Cola Sem açúcar Pet com 1L,Coca-Cola,6.09,5.89,0.0,2025-02-28
38145,Bebidas,Refrigerantes,Refrigerante Coca-Cola Sem açúcar Pet com 600ml,Coca-Cola,3.99,3.99,0.0,2025-02-28
36611,Mercearia,Massas e molhos,Queijo Parmesão Ralado Vigor Sachê com 50g,Vigor,5.89,5.49,0.0,2025-02-28
64,Mercearia,Massas e molhos,Queijo Ralado Parmesão Président Pacote com 50g,Président,5.6,5.19,0.0,2025-02-28
5350,Limpeza,Limpeza de banheiro,Água Sanitária Super Candida Frasco com 2L,Super Candida,5.68,4.48,0.0,2025-02-28
22295,Padaria e matinais,Pães e torradas,Pão de Forma Pullman Tradicional Pacote com 480g,Pullman,7.98,7.98,0.0,2025-02-28
38793,Padaria e matinais,Pães e torradas,Pão de Forma Visconti Tradicional Pacote com 400g,Visconti,6.59,5.75,0.0,2025-02-28
44028,Limpeza,Limpeza de casa,Removedor Suprema Tradicional Frasco com 1L,Suprema,7.85,6.99,0.0,2025-02-28
13757,Mercearia,Grãos,Arroz Camil Integral Pacote com 1kg,Camil,6.19,5.99,0.0,2025-02-28
9742,Mercearia,Grãos,Feijão Carioca Camil Tipo 1 Pacote com 1kg,Camil,5.3,5.1,0.0,2025-02-28
10394,Limpeza,Limpeza de roupas,Amaciante para Roupas Concentrado Comfort Azul Frasco com 500ml,Comfort,9.99,9.39,0.0,2025-02-28
10340,Limpeza,Limpeza de roupas,Amaciante para Roupas Comfort Lavanda Refil com 900ml,Comfort,14.9,13.9,0.0,2025-02-28
10382,Limpeza,Limpeza de roupas,"Amaciante para Roupas Concentrado Baby Soft Inspiração Fascinante Frasco com 1,5L",Baby Soft,11.6,11.6,0.0,2025-02-28
32659,Higiene e perfumaria,Desodorantes,Desodorante Aerossol Dove Men+Care Frasco com 200ml,Dove,17.9,17.9,0.0,2025-02-28
32932,Higiene e perfumaria,Desodorantes,Desodorante Aerossol Nivea Men Deep carvão Frasco com 150ml,Nivea,12.5,11.9,0.0,2025-02-28
29864,Limpeza,Limpeza de roupas,Tira Manchas em Gel Vanish Refil com 500ml,Vanish,10.8,9.8,0.0,2025-02-28
14304,Mercearia,Salgadinhos e snacks,Salgadinho Batata Pringles Creme e Cebola Tubo com 109g,Pringles,7.99,7.99,0.0,2025-02-28
5054,Frios e congelados,Margarinas e manteigas,Manteiga Aviação Com sal Pote com 200g,Aviação,14.5,13.9,0.0,2025-02-28
9235,Limpeza,Limpeza de roupas,Sabão em Barra Ypê Toque de Aveia e Coco Pacote com 5x180g,Ypê,13.9,11.9,0.0,2025-02-28
25621,Higiene e perfumaria,Papel higiênico,Papel Higiênico Personal Vip Folha dupla - 30m Pacote com 24 rolos,Personal,33.78,33.78,0.0,2025-02-28
25610,Higiene e perfumaria,Papel higiênico,Papel Higiênico Personal Vip Folha dupla - 30m Pacote com 12 rolos,Personal,16.89,16.89,0.0,2025-02-28
915,Mercearia,"Cafés, chás e achocolatados",Café 3 Corações Tradicional Pacote com 500g,3 Corações,30.98,29.98,0.0,2025-02-28
924,Mercearia,"Cafés, chás e achocolatados",Café 3 Corações Tradicional - Vácuo Pacote com 500g,3 Corações,30.98,29.98,0.0,2025-02-28
2588,Mercearia,"Cafés, chás e achocolatados",Café Melitta Tradicional Pouch com 500g,Melitta,28.48,28.48,0.0,2025-02-28
2584,Mercearia,"Cafés, chás e achocolatados",Café Melitta Sabor da Fazenda Vácuo Caixeta com 500g,Melitta,32.98,31.98,0.0,2025-02-28
3148,Mercearia,"Cafés, chás e achocolatados",Café Premium 3 Corações Estrada Real Pacote com 500g,3 Corações,34.98,33.98,0.0,2025-02-28
3259,Mercearia,"Cafés, chás e achocolatados",Café Sabor da Fazenda Tradicional Pouch com 500g,Melitta,32.98,31.98,0.0,2025-02-28
20602,Higiene e perfumaria,Cabelo,Shampoo Clear Ice Cool Menthol Frasco com 400ml,Clear,24.74,24.74,0.0,2025-02-28
20562,Higiene e perfumaria,Cabelo,Shampoo Clear 2 em 1 Frasco com 400ml,Clear,24.74,24.74,0.0,2025-02-28
20745,Higiene e perfumaria,Cabelo,Shampoo Elseve Hidra Hialurônico Frasco com 400ml,Elseve,21.9,21.9,0.0,2025-02-28
33964,Bebidas,Vinhos,Vinho Argentino Trapiche Malbec Garrafa com 750ml,Trapiche,40.9,38.0,0.0,2025-02-28
33807,Bebidas,Vinhos,Vinho Argentino Concha Y Toro Malbec Garrafa com 750ml,Concha Y Toro,29.8,24.8,0.0,2025-02-28
37135,Bebidas,Destilados,Cachaça Salinas Ipê Garrafa com 700ml,Salinas,47.99,45.49,0.0,2025-02-28
37139,Bebidas,Destilados,Cachaça Salinas Tradicional Garrafa com 600ml,Salinas,41.89,39.89,0.0,2025-02-28
37130,Bebidas,Destilados,Cachaça Salinas Bálsamo Garrafa com 1L,Salinas,46.99,44.99,0.0,2025-02-28
16327,Mercearia,"Azeites, óleos e vinagres",Azeite de Oliva Andorinha Extra Virgem Vidro com 500ml,Andorinha,41.9,39.9,0.0,2025-02-28
16464,Mercearia,"Azeites, óleos e vinagres",Azeite de Oliva Gallo Extra virgem Vidro com 500ml,Gallo,44.9,42.9,0.0,2025-02-28
7433,Mercearia,Farinhas,Farinha de Mandioca D'Cheff Temperada Tradicional Pacote com 300g,D'Cheff,6.49,5.99,0.0,2025-02-28
12638,Mercearia,Temperos e condimentos,Molho de Pimenta Knorr Vermelha Pet com 150ml,Knorr,5.4,5.2,0.0,2025-02-28
26381,Mercearia,Temperos e condimentos,Ketchup Heinz Tradicional Pet com 397g,Heinz,13.99,13.49,0.0,2025-02-28
17035,Mercearia,Temperos e condimentos,Orégano Kitano Sachê com 10g,Kitano,3.99,3.79,0.0,2025-02-28
19822,Bebidas,Destilados,Gin Seagers Garrafa com 1L,Seagers,42.89,40.79,0.0,2025-02-28
5634,Mercearia,Temperos e condimentos,Ajinomoto Refil com 100g,Ajinomoto,0.0,0.0,0.0,2025-02-28
27280,Mercearia,Confeitaria,Creme de Leite Italac TP com 200g,Italac,3.39,3.09,0.0,2025-02-28
38668,Padaria e matinais,Pães e torradas,Pullman Rap 10 Original Pacote com 297g,Pullman,10.98,10.98,0.0,2025-02-28
5666,Limpeza,Limpeza de cozinha,Esponja Scotch-Brite Pacote com 4 unidades,Scotch-Brite,6.9,6.25,0.0,2025-02-28
5658,Limpeza,Limpeza de cozinha,Esponja Scotch-Brite Não Risca Pacote com 3 unidades,Scotch-Brite,8.15,7.35,0.0,2025-02-28
16022,Mercearia,Bomboniere,Chiclete Mentos Fresh Mint Unidade com 56g,Mentos,10.9,9.9,0.0,2025-02-28
38763,Mercearia,Massas e molhos,Molho de Tomate Salsaretti Tradicional Pouch com 300g,Salsaretti,1.75,1.55,0.0,2025-03-07
13206,Mercearia,Massas e molhos,Molho de Tomate Pomarola Chef Passata Vidro com 700g,Pomarola,18.9,18.3,0.0,2025-03-07
36708,Limpeza,Limpeza de cozinha,Detergente Líquido Ypê Clear Frasco com 500ml,Ypê,1.85,1.85,0.0,2025-03-07
36732,Limpeza,Limpeza de cozinha,Detergente Líquido Ypê Neutro Frasco com 500ml,Ypê,1.85,1.85,0.0,2025-03-07
36410,Limpeza,Limpeza de cozinha,Detergente Líquido Limpol Neutro Frasco com 500ml,Limpol,2.1,1.99,0.0,2025-03-07
36362,Limpeza,Limpeza de cozinha,Detergente Líquido Limpol Coco Frasco com 500ml,Limpol,2.1,1.99,0.0,2025-03-07
28319,Higiene e perfumaria,Higiene bucal,Creme Dental Colgate Máxima Proteção Anticáries Tubo com 90g,Colgate,3.89,3.64,0.0,2025-03-07
28585,Higiene e perfumaria,Higiene bucal,Creme Dental Colgate Tripla Ação Original Tubo com 90g,Colgate,4.5,4.1,0.0,2025-03-07
28697,Higiene e perfumaria,Higiene bucal,Creme Dental Oral-B 1-2-3 Tubo com 70g,Oral-B,2.69,2.69,0.0,2025-03-07
28745,Higiene e perfumaria,Higiene bucal,Creme Dental Oral-B 4 em 1 Tubo com 70g,Oral-B,4.2,3.8,0.0,2025-03-07
12460,Bebidas,Cervejas,Cerveja Heineken Lata com 269ml,Heineken,3.49,3.49,0.0,2025-03-07
13164,Bebidas,Cervejas,Cerveja Puro Malte Spaten Lata com 269ml,Spaten,3.19,3.09,0.0,2025-03-07
12498,Bebidas,Cervejas,Cerveja Heineken Zero Long neck com 330ml,Heineken,5.79,5.79,0.0,2025-03-07
13362,Bebidas,Cervejas,Cerveja Stella Artois Long neck com 330ml,Stella Artois,5.89,5.69,0.0,2025-03-07
13351,Bebidas,Cervejas,Cerveja Spaten Puro Malte Lata com 350ml,Spaten,4.35,4.25,0.0,2025-03-07
12490,Bebidas,Cervejas,Cerveja Heineken Zero Lata com 269ml,Heineken,3.49,3.49,0.0,2025-03-07
12880,Bebidas,Cervejas,Cerveja Patagonia Amber Lager Lata com 350ml,Patagonia,5.79,5.59,0.0,2025-03-07
12389,Bebidas,Cervejas,Cerveja Estrella Galicia Lata com 350ml,Estrella Galicia,4.59,4.39,0.0,2025-03-07
1061,Mercearia,Massas e molhos,Macarrão com Ovos Adria Espaguete Pacote com 500g,Adria,3.55,3.17,0.0,2025-03-07
1203,Mercearia,Massas e molhos,Macarrão com Ovos Dona Benta Penne Pacote com 500g,Dona Benta,2.79,2.79,0.0,2025-03-07
1090,Mercearia,Massas e molhos,Macarrão com Ovos Adria Pena Pacote com 500g,Adria,3.55,3.17,0.0,2025-03-07
1065,Mercearia,Massas e molhos,Macarrão com Ovos Adria Espaguetinho Nº9 Pacote com 500g,Adria,3.55,3.17,0.0,2025-03-07
1433,Mercearia,Massas e molhos,Macarrão com Ovos Renata Espaguete Pacote com 500g,Renata,3.99,3.69,0.0,2025-03-07
1442,Mercearia,Massas e molhos,Macarrão com Ovos Renata Pena Pacote com 500g,Renata,3.99,3.69,0.0,2025-03-07
13073,Mercearia,"Cafés, chás e achocolatados",Filtro de Papel para Café Melitta Nº 103 Caixeta com 30 unidades,Melitta,4.19,3.89,0.0,2025-03-07
39240,Mercearia,Grãos,Milho para Pipoca Yoki Pacote com 400g,Yoki,5.29,4.99,0.0,2025-03-07
39238,Mercearia,Grãos,Milho para Pipoca Yoki Premium Pacote com 400g,Yoki,5.79,5.79,0.0,2025-03-07
14436,Mercearia,Temperos e condimentos,Molho Shoyu Sakura Pet com 150ml,Sakura,3.79,3.29,0.0,2025-03-07
31766,Limpeza,Limpeza de banheiro,Desinfetante Pinho Sol Original Frasco com 500ml,Pinho Sol,7.5,6.9,0.0,2025-03-07
38161,Limpeza,Limpeza de banheiro,Desinfetante Pinho Bril Plus Frasco com 500ml,Pinho Bril,4.1,4.1,0.0,2025-03-07
31494,Limpeza,Limpeza de banheiro,Desinfetante Lysoform Suave Frasco com 1L,Lysoform,13.29,13.29,0.0,2025-03-07
30600,Mercearia,Confeitaria,Leite Condensado Moça Integral Lata com 395g,Nestlé,7.78,7.78,0.0,2025-03-07
32447,Padaria e matinais,Leites,Leite Longa Vida Jussara Com tampa Integral TP com 1L,Jussara,4.55,4.55,0.0,2025-03-07
32839,Padaria e matinais,Leites,Leite Longa Vida Piracanjuba Com tampa Integral TP com 1L,Piracanjuba,5.49,5.29,0.0,2025-03-07
32452,Padaria e matinais,Leites,Leite Longa Vida Jussara Com tampa Semidesnatado TP com 1L,Jussara,4.55,4.55,0.0,2025-03-07
3984,Bebidas,Refrigerantes,Refrigerante Coca-Cola Sem açúcar Pet com 1L,Coca-Cola,6.09,5.89,0.0,2025-03-07
36611,Mercearia,Massas e molhos,Queijo Parmesão Ralado Vigor Sachê com 50g,Vigor,5.89,5.49,0.0,2025-03-07
64,Mercearia,Massas e molhos,Queijo Ralado Parmesão Président Pacote com 50g,Président,5.6,5.2,0.0,2025-03-07
5350,Limpeza,Limpeza de banheiro,Água Sanitária Super Candida Frasco com 2L,Super Candida,5.68,5.24,0.0,2025-03-07
22295,Padaria e matinais,Pães e torradas,Pão de Forma Pullman Tradicional Pacote com 480g,Pullman,7.98,7.98,0.0,2025-03-07
38793,Padaria e matinais,Pães e torradas,Pão de Forma Visconti Tradicional Pacote com 400g,Visconti,6.59,5.75,0.0,2025-03-07
44028,Limpeza,Limpeza de casa,Removedor Suprema Tradicional Frasco com 1L,Suprema,7.85,6.99,0.0,2025-03-07
13743,Mercearia,Grãos,Arroz Camil Agulhinha - Tipo 1 Pacote com 5kg,Camil,26.1,25.59,0.0,2025-03-07
13757,Mercearia,Grãos,Arroz Camil Integral Pacote com 1kg,Camil,6.19,5.99,0.0,2025-03-07
9742,Mercearia,Grãos,Feijão Carioca Camil Tipo 1 Pacote com 1kg,Camil,5.6,5.39,0.0,2025-03-07
10394,Limpeza,Limpeza de roupas,Amaciante para Roupas Concentrado Comfort Azul Frasco com 500ml,Comfort,10.59,9.9,0.0,2025-03-07
10340,Limpeza,Limpeza de roupas,Amaciante para Roupas Comfort Lavanda Refil com 900ml,Comfort,15.9,14.9,0.0,2025-03-07
10382,Limpeza,Limpeza de roupas,"Amaciante para Roupas Concentrado Baby Soft Inspiração Fascinante Frasco com 1,5L",Baby Soft,13.5,13.5,0.0,2025-03-07
32659,Higiene e perfumaria,Desodorantes,Desodorante Aerossol Dove Men+Care Frasco com 200ml,Dove,17.9,17.9,0.0,2025-03-07
32932,Higiene e perfumaria,Desodorantes,Desodorante Aerossol Nivea Men Deep carvão Frasco com 150ml,Nivea,12.5,11.9,0.0,2025-03-07
29864,Limpeza,Limpeza de roupas,Tira Manchas em Gel Vanish Refil com 500ml,Vanish,10.8,9.8,0.0,2025-03-07
14304,Mercearia,Salgadinhos e snacks,Salgadinho Batata Pringles Creme e Cebola Tubo com 109g,Pringles,11.39,10.49,0.0,2025-03-07
5054,Frios e congelados,Margarinas e manteigas,Manteiga Aviação Com sal Pote com 200g,Aviação,14.5,13.9,0.0,2025-03-07
30248,Limpeza,Limpeza de roupas,Lava Roupas Líquido Omo Lavanda Refil com 900ml,Omo,13.49,12.69,0.0,2025-03-07
9235,Limpeza,Limpeza de roupas,Sabão em Barra Ypê Toque de Aveia e Coco Pacote com 5x180g,Ypê,13.9,11.9,0.0,2025-03-07
25621,Higiene e perfumaria,Papel higiênico,Papel Higiênico Personal Vip Folha dupla - 30m Pacote com 24 rolos,Personal,33.78,33.78,0.0,2025-03-07
25610,Higiene e perfumaria,Papel higiênico,Papel Higiênico Personal Vip Folha dupla - 30m Pacote com 12 rolos,Personal,16.89,16.89,0.0,2025-03-07
915,Mercearia,"Cafés, chás e achocolatados",Café 3 Corações Tradicional Pacote com 500g,3 Corações,30.98,29.98,0.0,2025-03-07
924,Mercearia,"Cafés, chás e achocolatados",Café 3 Corações Tradicional - Vácuo Pacote com 500g,3 Corações,30.98,29.98,0.0,2025-03-07
2588,Mercearia,"Cafés, chás e achocolatados",Café Melitta Tradicional Pouch com 500g,Melitta,31.98,30.88,0.0,2025-03-07
3148,Mercearia,"Cafés, chás e achocolatados",Café Premium 3 Corações Estrada Real Pacote com 500g,3 Corações,34.98,33.98,0.0,2025-03-07
2584,Mercearia,"Cafés, chás e achocolatados",Café Melitta Sabor da Fazenda Vácuo Caixeta com 500g,Melitta,34.98,33.98,0.0,2025-03-07
3259,Mercearia,"Cafés, chás e achocolatados",Café Sabor da Fazenda Tradicional Pouch com 500g,Melitta,34.98,33.98,0.0,2025-03-07
20602,Higiene e perfumaria,Cabelo,Shampoo Clear Ice Cool Menthol Frasco com 400ml,Clear,24.74,24.74,0.0,2025-03-07
20562,Higiene e perfumaria,Cabelo,Shampoo Clear 2 em 1 Frasco com 400ml,Clear,24.74,24.74,0.0,2025-03-07
20745,Higiene e perfumaria,Cabelo,Shampoo Elseve Hidra Hialurônico Frasco com 400ml,Elseve,21.9,21.9,0.0,2025-03-07
33964,Bebidas,Vinhos,Vinho Argentino Trapiche Malbec Garrafa com 750ml,Trapiche,40.9,37.9,0.0,2025-03-07
33807,Bebidas,Vinhos,Vinho Argentino Concha Y Toro Malbec Garrafa com 750ml,Concha Y Toro,29.8,24.8,0.0,2025-03-07
37135,Bebidas,Destilados,Cachaça Salinas Ipê Garrafa com 700ml,Salinas,47.99,45.49,0.0,2025-03-07
37139,Bebidas,Destilados,Cachaça Salinas Tradicional Garrafa com 600ml,Salinas,41.89,39.89,0.0,2025-03-07
37130,Bebidas,Destilados,Cachaça Salinas Bálsamo Garrafa com 1L,Salinas,46.99,44.99,0.0,2025-03-07
16327,Mercearia,"Azeites, óleos e vinagres",Azeite de Oliva Andorinha Extra Virgem Vidro com 500ml,Andorinha,41.9,39.9,0.0,2025-03-07
16464,Mercearia,"Azeites, óleos e vinagres",Azeite de Oliva Gallo Extra virgem Vidro com 500ml,Gallo,44.9,42.9,0.0,2025-03-07
7433,Mercearia,Farinhas,Farinha de Mandioca D'Cheff Temperada Tradicional Pacote com 300g,D'Cheff,6.49,5.99,0.0,2025-03-07
12638,Mercearia,Temperos e condimentos,Molho de Pimenta Knorr Vermelha Pet com 150ml,Knorr,5.4,5.2,0.0,2025-03-07
26381,Mercearia,Temperos e condimentos,Ketchup Heinz Tradicional Pet com 397g,Heinz,13.99,13.49,0.0,2025-03-07
17035,Mercearia,Temperos e condimentos,Orégano Kitano Sachê com 10g,Kitano,3.99,3.79,0.0,2025-03-07
19822,Bebidas,Destilados,Gin Seagers Garrafa com 1L,Seagers,42.89,40.79,0.0,2025-03-07
5634,Mercearia,Temperos e condimentos,Ajinomoto Refil com 100g,Ajinomoto,6.99,6.29,0.0,2025-03-07
27280,Mercearia,Confeitaria,Creme de Leite Italac TP com 200g,Italac,3.39,3.09,0.0,2025-03-07
38668,Padaria e matinais,Pães e torradas,Pullman Rap 10 Original Pacote com 297g,Pullman,10.98,10.98,0.0,2025-03-07
5666,Limpeza,Limpeza de cozinha,Esponja Scotch-Brite Pacote com 4 unidades,Scotch-Brite,5.99,5.49,0.0,2025-03-07
5658,Limpeza,Limpeza de cozinha,Esponja Scotch-Brite Não Risca Pacote com 3 unidades,Scotch-Brite,8.15,7.35,0.0,2025-03-07
16022,Mercearia,Bomboniere,Chiclete Mentos Fresh Mint Unidade com 56g,Mentos,10.9,9.9,0.0,2025-03-07
34777,Limpeza,Limpeza de casa,Limpador Perfumado Concentrado Coala Cereja e Avelã Frasco com 120ml,Coala,11.5,10.5,0.0,2025-03-07
13480,Mercearia,Massas e molhos,Molho de Tomate Salsaretti Passata Rústica Vidro com 680g,Salsaretti,13.5,12.99,0.0,2025-03-14
36708,Limpeza,Limpeza de cozinha,Detergente Líquido Ypê Clear Frasco com 500ml,Ypê,2.35,2.25,0.0,2025-03-14
36732,Limpeza,Limpeza de cozinha,Detergente Líquido Ypê Neutro Frasco com 500ml,Ypê,2.35,2.25,0.0,2025-03-14
36410,Limpeza,Limpeza de cozinha,Detergente Líquido Limpol Neutro Frasco com 500ml,Limpol,1.79,1.79,0.0,2025-03-14
36362,Limpeza,Limpeza de cozinha,Detergente Líquido Limpol Coco Frasco com 500ml,Limpol,1.79,1.79,0.0,2025-03-14
28319,Higiene e perfumaria,Higiene bucal,Creme Dental Colgate Máxima Proteção Anticáries Tubo com 90g,Colgate,3.89,3.64,0.0,2025-03-14
28585,Higiene e perfumaria,Higiene bucal,Creme Dental Colgate Tripla Ação Original Tubo com 90g,Colgate,4.5,4.1,0.0,2025-03-14
28697,Higiene e perfumaria,Higiene bucal,Creme Dental Oral-B 1-2-3 Tubo com 70g,Oral-B,2.69,2.69,0.0,2025-03-14
28745,Higiene e perfumaria,Higiene bucal,Creme Dental Oral-B 4 em 1 Tubo com 70g,Oral-B,4.2,3.8,0.0,2025-03-14
12460,Bebidas,Cervejas,Cerveja Heineken Lata com 269ml,Heineken,3.49,3.49,0.0,2025-03-14
13164,Bebidas,Cervejas,Cerveja Puro Malte Spaten Lata com 269ml,Spaten,2.78,2.78,0.0,2025-03-14
12498,Bebidas,Cervejas,Cerveja Heineken Zero Long neck com 330ml,Heineken,5.39,5.39,0.0,2025-03-14
13362,Bebidas,Cervejas,Cerveja Stella Artois Long neck com 330ml,Stella Artois,5.89,5.69,0.0,2025-03-14
13351,Bebidas,Cervejas,Cerveja Spaten Puro Malte Lata com 350ml,Spaten,3.78,3.78,0.0,2025-03-14
12490,Bebidas,Cervejas,Cerveja Heineken Zero Lata com 269ml,Heineken,3.49,3.49,0.0,2025-03-14
12880,Bebidas,Cervejas,Cerveja Patagonia Amber Lager Lata com 350ml,Patagonia,5.79,5.59,0.0,2025-03-14
12389,Bebidas,Cervejas,Cerveja Estrella Galicia Lata com 350ml,Estrella Galicia,4.59,4.39,0.0,2025-03-14
1187,Mercearia,Massas e molhos,Macarrão com Ovos Dona Benta Espaguete Pacote com 500g,Dona Benta,3.49,3.19,0.0,2025-03-14
1061,Mercearia,Massas e molhos,Macarrão com Ovos Adria Espaguete Pacote com 500g,Adria,2.99,2.99,0.0,2025-03-14
1203,Mercearia,Massas e molhos,Macarrão com Ovos Dona Benta Penne Pacote com 500g,Dona Benta,3.49,3.19,0.0,2025-03-14
1090,Mercearia,Massas e molhos,Macarrão com Ovos Adria Pena Pacote com 500g,Adria,2.99,2.99,0.0,2025-03-14
1065,Mercearia,Massas e molhos,Macarrão com Ovos Adria Espaguetinho Nº9 Pacote com 500g,Adria,2.99,2.99,0.0,2025-03-14
1433,Mercearia,Massas e molhos,Macarrão com Ovos Renata Espaguete Pacote com 500g,Renata,3.99,3.69,0.0,2025-03-14
1442,Mercearia,Massas e molhos,Macarrão com Ovos Renata Pena Pacote com 500g,Renata,3.99,3.69,0.0,2025-03-14
13073,Mercearia,"Cafés, chás e achocolatados",Filtro de Papel para Café Melitta Nº 103 Caixeta com 30 unidades,Melitta,4.19,3.89,0.0,2025-03-14
39240,Mercearia,Grãos,Milho para Pipoca Yoki Pacote com 400g,Yoki,3.99,3.99,0.0,2025-03-14
39238,Mercearia,Grãos,Milho para Pipoca Yoki Premium Pacote com 400g,Yoki,7.69,7.59,0.0,2025-03-14
14436,Mercearia,Temperos e condimentos,Molho Shoyu Sakura Pet com 150ml,Sakura,3.99,3.59,0.0,2025-03-14
12293,Mercearia,Temperos e condimentos,Molho de Mostarda Heinz Pet com 255g,Heinz,15.99,15.49,0.0,2025-03-14
31766,Limpeza,Limpeza de banheiro,Desinfetante Pinho Sol Original Frasco com 500ml,Pinho Sol,7.5,6.9,0.0,2025-03-14
38161,Limpeza,Limpeza de banheiro,Desinfetante Pinho Bril Plus Frasco com 500ml,Pinho Bril,4.1,4.1,0.0,2025-03-14
31494,Limpeza,Limpeza de banheiro,Desinfetante Lysoform Suave Frasco com 1L,Lysoform,15.65,14.65,0.0,2025-03-14
30600,Mercearia,Confeitaria,Leite Condensado Moça Integral Lata com 395g,Nestlé,7.98,7.98,0.0,2025-03-14
32447,Padaria e matinais,Leites,Leite Longa Vida Jussara Com tampa Integral TP com 1L,Jussara,5.39,5.19,0.0,2025-03-14
32839,Padaria e matinais,Leites,Leite Longa Vida Piracanjuba Com tampa Integral TP com 1L,Piracanjuba,5.69,5.49,0.0,2025-03-14
32452,Padaria e matinais,Leites,Leite Longa Vida Jussara Com tampa Semidesnatado TP com 1L,Jussara,5.39,5.19,0.0,2025-03-14
3984,Bebidas,Refrigerantes,Refrigerante Coca-Cola Sem açúcar Pet com 1L,Coca-Cola,6.09,5.89,0.0,2025-03-14
36611,Mercearia,Massas e molhos,Queijo Parmesão Ralado Vigor Sachê com 50g,Vigor,5.89,5.49,0.0,2025-03-14
64,Mercearia,Massas e molhos,Queijo Ralado Parmesão Président Pacote com 50g,Président,5.6,5.2,0.0,2025-03-14
5350,Limpeza,Limpeza de banheiro,Água Sanitária Super Candida Frasco com 2L,Super Candida,4.99,4.99,0.0,2025-03-14
22295,Padaria e matinais,Pães e torradas,Pão de Forma Pullman Tradicional Pacote com 480g,Pullman,6.98,6.98,0.0,2025-03-14
38793,Padaria e matinais,Pães e torradas,Pão de Forma Visconti Tradicional Pacote com 400g,Visconti,6.59,5.75,0.0,2025-03-14
44028,Limpeza,Limpeza de casa,Removedor Suprema Tradicional Frasco com 1L,Suprema,7.85,6.99,0.0,2025-03-14
13743,Mercearia,Grãos,Arroz Camil Agulhinha - Tipo 1 Pacote com 5kg,Camil,23.59,23.59,0.0,2025-03-14
10394,Limpeza,Limpeza de roupas,Amaciante para Roupas Concentrado Comfort Azul Frasco com 500ml,Comfort,10.59,9.9,0.0,2025-03-14
10340,Limpeza,Limpeza de roupas,Amaciante para Roupas Comfort Lavanda Refil com 900ml,Comfort,15.9,14.9,0.0,2025-03-14
10382,Limpeza,Limpeza de roupas,"Amaciante para Roupas Concentrado Baby Soft Inspiração Fascinante Frasco com 1,5L",Baby Soft,12.9,11.5,0.0,2025-03-14
32659,Higiene e perfumaria,Desodorantes,Desodorante Aerossol Dove Men+Care Frasco com 200ml,Dove,21.99,20.99,0.0,2025-03-14
32932,Higiene e perfumaria,Desodorantes,Desodorante Aerossol Nivea Men Deep carvão Frasco com 150ml,Nivea,12.5,11.9,0.0,2025-03-14
29864,Limpeza,Limpeza de roupas,Tira Manchas em Gel Vanish Refil com 500ml,Vanish,10.8,9.8,0.0,2025-03-14
14304,Mercearia,Salgadinhos e snacks,Salgadinho Batata Pringles Creme e Cebola Tubo com 109g,Pringles,8.49,8.49,0.0,2025-03-14
5054,Frios e congelados,Margarinas e manteigas,Manteiga Aviação Com sal Pote com 200g,Aviação,14.5,13.9,0.0,2025-03-14
9235,Limpeza,Limpeza de roupas,Sabão em Barra Ypê Toque de Aveia e Coco Pacote com 5x180g,Ypê,13.9,11.9,0.0,2025-03-14
30248,Limpeza,Limpeza de roupas,Lava Roupas Líquido Omo Lavanda Refil com 900ml,Omo,14.99,14.49,0.0,2025-03-14
25621,Higiene e perfumaria,Papel higiênico,Papel Higiênico Personal Vip Folha dupla - 30m Pacote com 24 rolos,Personal,33.78,33.78,0.0,2025-03-14
25610,Higiene e perfumaria,Papel higiênico,Papel Higiênico Personal Vip Folha dupla - 30m Pacote com 12 rolos,Personal,16.89,16.89,0.0,2025-03-14
915,Mercearia,"Cafés, chás e achocolatados",Café 3 Corações Tradicional Pacote com 500g,3 Corações,30.88,29.88,0.0,2025-03-14
924,Mercearia,"Cafés, chás e achocolatados",Café 3 Corações Tradicional - Vácuo Pacote com 500g,3 Corações,30.88,29.88,0.0,2025-03-14
2588,Mercearia,"Cafés, chás e achocolatados",Café Melitta Tradicional Pouch com 500g,Melitta,33.98,32.98,0.0,2025-03-14
3148,Mercearia,"Cafés, chás e achocolatados",Café Premium 3 Corações Estrada Real Pacote com 500g,3 Corações,34.98,33.98,0.0,2025-03-14
2584,Mercearia,"Cafés, chás e achocolatados",Café Melitta Sabor da Fazenda Vácuo Caixeta com 500g,Melitta,34.98,33.98,0.0,2025-03-14
3259,Mercearia,"Cafés, chás e achocolatados",Café Sabor da Fazenda Tradicional Pouch com 500g,Melitta,34.98,33.98,0.0,2025-03-14
20602,Higiene e perfumaria,Cabelo,Shampoo Clear Ice Cool Menthol Frasco com 400ml,Clear,24.74,24.74,0.0,2025-03-14
20562,Higiene e perfumaria,Cabelo,Shampoo Clear 2 em 1 Frasco com 400ml,Clear,24.74,24.74,0.0,2025-03-14
20745,Higiene e perfumaria,Cabelo,Shampoo Elseve Hidra Hialurônico Frasco com 400ml,Elseve,21.9,21.9,0.0,2025-03-14
33964,Bebidas,Vinhos,Vinho Argentino Trapiche Malbec Garrafa com 750ml,Trapiche,40.9,37.9,0.0,2025-03-14
33807,Bebidas,Vinhos,Vinho Argentino Concha Y Toro Malbec Garrafa com 750ml,Concha Y Toro,29.8,24.8,0.0,2025-03-14
37135,Bebidas,Destilados,Cachaça Salinas Ipê Garrafa com 700ml,Salinas,47.99,45.49,0.0,2025-03-14
37139,Bebidas,Destilados,Cachaça Salinas Tradicional Garrafa com 600ml,Salinas,41.89,39.89,0.0,2025-03-14
37130,Bebidas,Destilados,Cachaça Salinas Bálsamo Garrafa com 1L,Salinas,46.99,44.99,0.0,2025-03-14
16464,Mercearia,"Azeites, óleos e vinagres",Azeite de Oliva Gallo Extra virgem Vidro com 500ml,Gallo,43.4,41.4,0.0,2025-03-14
7433,Mercearia,Farinhas,Farinha de Mandioca D'Cheff Temperada Tradicional Pacote com 300g,D'Cheff,6.49,5.99,0.0,2025-03-14
12638,Mercearia,Temperos e condimentos,Molho de Pimenta Knorr Vermelha Pet com 150ml,Knorr,5.4,5.2,0.0,2025-03-14
26381,Mercearia,Temperos e condimentos,Ketchup Heinz Tradicional Pet com 397g,Heinz,13.99,13.49,0.0,2025-03-14
17035,Mercearia,Temperos e condimentos,Orégano Kitano Sachê com 10g,Kitano,3.99,3.79,0.0,2025-03-14
19822,Bebidas,Destilados,Gin Seagers Garrafa com 1L,Seagers,42.89,40.79,0.0,2025-03-14
5634,Mercearia,Temperos e condimentos,Ajinomoto Refil com 100g,Ajinomoto,6.99,6.29,0.0,2025-03-14
27280,Mercearia,Confeitaria,Creme de Leite Italac TP com 200g,Italac,3.39,3.09,0.0,2025-03-14
38668,Padaria e matinais,Pães e torradas,Pullman Rap 10 Original Pacote com 297g,Pullman,10.98,10.98,0.0,2025-03-14
5666,Limpeza,Limpeza de cozinha,Esponja Scotch-Brite Pacote com 4 unidades,Scotch-Brite,6.69,5.99,0.0,2025-03-14
16022,Mercearia,Bomboniere,Chiclete Mentos Fresh Mint Unidade com 56g,Mentos,10.9,9.9,0.0,2025-03-14
34777,Limpeza,Limpeza de casa,Limpador Perfumado Concentrado Coala Cereja e Avelã Frasco com 120ml,Coala,11.5,10.5,0.0,2025-03-14
38763,Mercearia,Massas e molhos,Molho de Tomate Salsaretti Tradicional Pouch com 300g,Salsaretti,1.89,1.79,0.0,2025-03-21
13480,Mercearia,Massas e molhos,Molho de Tomate Salsaretti Passata Rústica Vidro com 680g,Salsaretti,13.5,12.99,0.0,2025-03-21
13206,Mercearia,Massas e molhos,Molho de Tomate Pomarola Chef Passata Vidro com 700g,Pomarola,18.9,18.3,0.0,2025-03-21
36708,Limpeza,Limpeza de cozinha,Detergente Líquido Ypê Clear Frasco com 500ml,Ypê,2.35,2.25,0.0,2025-03-21
36732,Limpeza,Limpeza de cozinha,Detergente Líquido Ypê Neutro Frasco com 500ml,Ypê,2.35,2.25,0.0,2025-03-21
36410,Limpeza,Limpeza de cozinha,Detergente Líquido Limpol Neutro Frasco com 500ml,Limpol,2.25,2.15,0.0,2025-03-21
36362,Limpeza,Limpeza de cozinha,Detergente Líquido Limpol Coco Frasco com 500ml,Limpol,2.25,2.15,0.0,2025-03-21
28319,Higiene e perfumaria,Higiene bucal,Creme Dental Colgate Máxima Proteção Anticáries Tubo com 90g,Colgate,3.89,3.64,0.0,2025-03-21
28585,Higiene e perfumaria,Higiene bucal,Creme Dental Colgate Tripla Ação Original Tubo com 90g,Colgate,4.5,4.1,0.0,2025-03-21
28697,Higiene e perfumaria,Higiene bucal,Creme Dental Oral-B 1-2-3 Tubo com 70g,Oral-B,2.69,2.69,0.0,2025-03-21
28745,Higiene e perfumaria,Higiene bucal,Creme Dental Oral-B 4 em 1 Tubo com 70g,Oral-B,4.2,3.8,0.0,2025-03-21
12460,Bebidas,Cervejas,Cerveja Heineken Lata com 269ml,Heineken,4.19,4.09,0.0,2025-03-21
13164,Bebidas,Cervejas,Cerveja Puro Malte Spaten Lata com 269ml,Spaten,2.78,2.78,0.0,2025-03-21
13362,Bebidas,Cervejas,Cerveja Stella Artois Long neck com 330ml,Stella Artois,5.89,5.69,0.0,2025-03-21
12498,Bebidas,Cervejas,Cerveja Heineken Zero Long neck com 330ml,Heineken,6.79,6.49,0.0,2025-03-21
13351,Bebidas,Cervejas,Cerveja Spaten Puro Malte Lata com 350ml,Spaten,3.78,3.78,0.0,2025-03-21
12389,Bebidas,Cervejas,Cerveja Estrella Galicia Lata com 350ml,Estrella Galicia,4.59,4.39,0.0,2025-03-21
1187,Mercearia,Massas e molhos,Macarrão com Ovos Dona Benta Espaguete Pacote com 500g,Dona Benta,3.69,3.59,0.0,2025-03-21
1061,Mercearia,Massas e molhos,Macarrão com Ovos Adria Espaguete Pacote com 500g,Adria,3.55,3.19,0.0,2025-03-21
1203,Mercearia,Massas e molhos,Macarrão com Ovos Dona Benta Penne Pacote com 500g,Dona Benta,3.69,3.59,0.0,2025-03-21
1090,Mercearia,Massas e molhos,Macarrão com Ovos Adria Pena Pacote com 500g,Adria,3.55,3.19,0.0,2025-03-21
1065,Mercearia,Massas e molhos,Macarrão com Ovos Adria Espaguetinho Nº9 Pacote com 500g,Adria,3.55,3.19,0.0,2025-03-21
1433,Mercearia,Massas e molhos,Macarrão com Ovos Renata Espaguete Pacote com 500g,Renata,3.99,3.69,0.0,2025-03-21
1442,Mercearia,Massas e molhos,Macarrão com Ovos Renata Pena Pacote com 500g,Renata,3.99,3.69,0.0,2025-03-21
13073,Mercearia,"Cafés, chás e achocolatados",Filtro de Papel para Café Melitta Nº 103 Caixeta com 30 unidades,Melitta,3.79,3.79,0.0,2025-03-21
39240,Mercearia,Grãos,Milho para Pipoca Yoki Pacote com 400g,Yoki,3.99,3.99,0.0,2025-03-21
39238,Mercearia,Grãos,Milho para Pipoca Yoki Premium Pacote com 400g,Yoki,5.99,5.99,0.0,2025-03-21
14436,Mercearia,Temperos e condimentos,Molho Shoyu Sakura Pet com 150ml,Sakura,3.79,3.59,0.0,2025-03-21
12293,Mercearia,Temperos e condimentos,Molho de Mostarda Heinz Pet com 255g,Heinz,15.99,15.49,0.0,2025-03-21
31766,Limpeza,Limpeza de banheiro,Desinfetante Pinho Sol Original Frasco com 500ml,Pinho Sol,7.5,6.9,0.0,2025-03-21
38161,Limpeza,Limpeza de banheiro,Desinfetante Pinho Bril Plus Frasco com 500ml,Pinho Bril,5.16,4.88,0.0,2025-03-21
31494,Limpeza,Limpeza de banheiro,Desinfetante Lysoform Suave Frasco com 1L,Lysoform,15.65,14.65,0.0,2025-03-21
30600,Mercearia,Confeitaria,Leite Condensado Moça Integral Lata com 395g,Nestlé,9.09,8.59,0.0,2025-03-21
32447,Padaria e matinais,Leites,Leite Longa Vida Jussara Com tampa Integral TP com 1L,Jussara,5.19,5.19,0.0,2025-03-21
32839,Padaria e matinais,Leites,Leite Longa Vida Piracanjuba Com tampa Integral TP com 1L,Piracanjuba,5.55,5.35,0.0,2025-03-21
32452,Padaria e matinais,Leites,Leite Longa Vida Jussara Com tampa Semidesnatado TP com 1L,Jussara,5.39,5.19,0.0,2025-03-21
3984,Bebidas,Refrigerantes,Refrigerante Coca-Cola Sem açúcar Pet com 1L,Coca-Cola,6.09,5.89,0.0,2025-03-21
38145,Bebidas,Refrigerantes,Refrigerante Coca-Cola Sem açúcar Pet com 600ml,Coca-Cola,3.99,3.99,0.0,2025-03-21
36611,Mercearia,Massas e molhos,Queijo Parmesão Ralado Vigor Sachê com 50g,Vigor,5.89,5.49,0.0,2025-03-21
64,Mercearia,Massas e molhos,Queijo Ralado Parmesão Président Pacote com 50g,Président,5.6,5.2,0.0,2025-03-21
5350,Limpeza,Limpeza de banheiro,Água Sanitária Super Candida Frasco com 2L,Super Candida,5.99,5.49,0.0,2025-03-21
22295,Padaria e matinais,Pães e torradas,Pão de Forma Pullman Tradicional Pacote com 480g,Pullman,8.98,8.98,0.0,2025-03-21
38793,Padaria e matinais,Pães e torradas,Pão de Forma Visconti Tradicional Pacote com 400g,Visconti,6.59,5.75,0.0,2025-03-21
44028,Limpeza,Limpeza de casa,Removedor Suprema Tradicional Frasco com 1L,Suprema,7.85,6.99,0.0,2025-03-21
13743,Mercearia,Grãos,Arroz Camil Agulhinha - Tipo 1 Pacote com 5kg,Camil,25.7,25.1,0.0,2025-03-21
13757,Mercearia,Grãos,Arroz Camil Integral Pacote com 1kg,Camil,6.1,5.99,0.0,2025-03-21
9742,Mercearia,Grãos,Feijão Carioca Camil Tipo 1 Pacote com 1kg,Camil,6.1,5.9,0.0,2025-03-21
10394,Limpeza,Limpeza de roupas,Amaciante para Roupas Concentrado Comfort Azul Frasco com 500ml,Comfort,10.59,9.9,0.0,2025-03-21
10340,Limpeza,Limpeza de roupas,Amaciante para Roupas Comfort Lavanda Refil com 900ml,Comfort,15.9,14.9,0.0,2025-03-21
10382,Limpeza,Limpeza de roupas,"Amaciante para Roupas Concentrado Baby Soft Inspiração Fascinante Frasco com 1,5L",Baby Soft,16.5,14.9,0.0,2025-03-21
32659,Higiene e perfumaria,Desodorantes,Desodorante Aerossol Dove Men+Care Frasco com 200ml,Dove,17.9,16.9,0.0,2025-03-21
32932,Higiene e perfumaria,Desodorantes,Desodorante Aerossol Nivea Men Deep carvão Frasco com 150ml,Nivea,12.2,11.5,0.0,2025-03-21
29864,Limpeza,Limpeza de roupas,Tira Manchas em Gel Vanish Refil com 500ml,Vanish,10.8,9.8,0.0,2025-03-21
14304,Mercearia,Salgadinhos e snacks,Salgadinho Batata Pringles Creme e Cebola Tubo com 109g,Pringles,8.99,8.99,0.0,2025-03-21
5057,Frios e congelados,Margarinas e manteigas,Manteiga Aviação Com sal Pote com 500g,Aviação,31.9,29.9,0.0,2025-03-21
5054,Frios e congelados,Margarinas e manteigas,Manteiga Aviação Com sal Pote com 200g,Aviação,14.5,13.9,0.0,2025-03-21
9235,Limpeza,Limpeza de roupas,Sabão em Barra Ypê Toque de Aveia e Coco Pacote com 5x180g,Ypê,13.9,13.9,0.0,2025-03-21
30248,Limpeza,Limpeza de roupas,Lava Roupas Líquido Omo Lavanda Refil com 900ml,Omo,13.49,12.69,0.0,2025-03-21
25621,Higiene e perfumaria,Papel higiênico,Papel Higiênico Personal Vip Folha dupla - 30m Pacote com 24 rolos,Personal,35.78,35.78,0.0,2025-03-21
25610,Higiene e perfumaria,Papel higiênico,Papel Higiênico Personal Vip Folha dupla - 30m Pacote com 12 rolos,Personal,17.89,17.89,0.0,2025-03-21
915,Mercearia,"Cafés, chás e achocolatados",Café 3 Corações Tradicional Pacote com 500g,3 Corações,29.88,29.88,0.0,2025-03-21
924,Mercearia,"Cafés, chás e achocolatados",Café 3 Corações Tradicional - Vácuo Pacote com 500g,3 Corações,29.88,29.88,0.0,2025-03-21
3148,Mercearia,"Cafés, chás e achocolatados",Café Premium 3 Corações Estrada Real Pacote com 500g,3 Corações,34.98,33.98,0.0,2025-03-21
2588,Mercearia,"Cafés, chás e achocolatados",Café Melitta Tradicional Pouch com 500g,Melitta,30.98,30.98,0.0,2025-03-21
2584,Mercearia,"Cafés, chás e achocolatados",Café Melitta Sabor da Fazenda Vácuo Caixeta com 500g,Melitta,35.98,34.98,0.0,2025-03-21
3259,Mercearia,"Cafés, chás e achocolatados",Café Sabor da Fazenda Tradicional Pouch com 500g,Melitta,35.98,34.98,0.0,2025-03-21
20602,Higiene e perfumaria,Cabelo,Shampoo Clear Ice Cool Menthol Frasco com 400ml,Clear,24.75,24.75,0.0,2025-03-21
20562,Higiene e perfumaria,Cabelo,Shampoo Clear 2 em 1 Frasco com 400ml,Clear,24.75,24.75,0.0,2025-03-21
20745,Higiene e perfumaria,Cabelo,Shampoo Elseve Hidra Hialurônico Frasco com 400ml,Elseve,24.9,23.9,0.0,2025-03-21
33964,Bebidas,Vinhos,Vinho Argentino Trapiche Malbec Garrafa com 750ml,Trapiche,40.9,37.9,0.0,2025-03-21
37135,Bebidas,Destilados,Cachaça Salinas Ipê Garrafa com 700ml,Salinas,47.99,45.49,0.0,2025-03-21
37139,Bebidas,Destilados,Cachaça Salinas Tradicional Garrafa com 600ml,Salinas,41.89,39.89,0.0,2025-03-21
37130,Bebidas,Destilados,Cachaça Salinas Bálsamo Garrafa com 1L,Salinas,46.99,44.99,0.0,2025-03-21
16327,Mercearia,"Azeites, óleos e vinagres",Azeite de Oliva Andorinha Extra Virgem Vidro com 500ml,Andorinha,40.7,38.7,0.0,2025-03-21
16464,Mercearia,"Azeites, óleos e vinagres",Azeite de Oliva Gallo Extra virgem Vidro com 500ml,Gallo,42.4,40.4,0.0,2025-03-21
7433,Mercearia,Farinhas,Farinha de Mandioca D'Cheff Temperada Tradicional Pacote com 300g,D'Cheff,6.49,5.99,0.0,2025-03-21
12638,Mercearia,Temperos e condimentos,Molho de Pimenta Knorr Vermelha Pet com 150ml,Knorr,5.4,5.2,0.0,2025-03-21
26381,Mercearia,Temperos e condimentos,Ketchup Heinz Tradicional Pet com 397g,Heinz,14.39,13.69,0.0,2025-03-21
17035,Mercearia,Temperos e condimentos,Orégano Kitano Sachê com 10g,Kitano,3.99,3.79,0.0,2025-03-21
19822,Bebidas,Destilados,Gin Seagers Garrafa com 1L,Seagers,42.89,40.79,0.0,2025-03-21
5634,Mercearia,Temperos e condimentos,Ajinomoto Refil com 100g,Ajinomoto,6.99,6.29,0.0,2025-03-21
27280,Mercearia,Confeitaria,Creme de Leite Italac TP com 200g,Italac,3.39,3.09,0.0,2025-03-21
38668,Padaria e matinais,Pães e torradas,Pullman Rap 10 Original Pacote com 297g,Pullman,10.98,10.98,0.0,2025-03-21
5666,Limpeza,Limpeza de cozinha,Esponja Scotch-Brite Pacote com 4 unidades,Scotch-Brite,6.69,5.99,0.0,2025-03-21
16022,Mercearia,Bomboniere,Chiclete Mentos Fresh Mint Unidade com 56g,Mentos,10.9,9.9,0.0,2025-03-21
34777,Limpeza,Limpeza de casa,Limpador Perfumado Concentrado Coala Cereja e Avelã Frasco com 120ml,Coala,11.5,10.5,0.0,2025-03-21
38763,Mercearia,Massas e molhos,Molho de Tomate Salsaretti Tradicional Pouch com 300g,Salsaretti,1.89,1.79,0.0,2025-03-28
13480,Mercearia,Massas e molhos,Molho de Tomate Salsaretti Passata Rústica Vidro com 680g,Salsaretti,13.5,12.99,0.0,2025-03-28
13206,Mercearia,Massas e molhos,Molho de Tomate Pomarola Chef Passata Vidro com 700g,Pomarola,17.9,17.9,0.0,2025-03-28
36708,Limpeza,Limpeza de cozinha,Detergente Líquido Ypê Clear Frasco com 500ml,Ypê,2.35,2.25,0.0,2025-03-28
36732,Limpeza,Limpeza de cozinha,Detergente Líquido Ypê Neutro Frasco com 500ml,Ypê,2.35,2.25,0.0,2025-03-28
36410,Limpeza,Limpeza de cozinha,Detergente Líquido Limpol Neutro Frasco com 500ml,Limpol,2.25,2.15,0.0,2025-03-28
36362,Limpeza,Limpeza de cozinha,Detergente Líquido Limpol Coco Frasco com 500ml,Limpol,2.25,2.15,0.0,2025-03-28
28319,Higiene e perfumaria,Higiene bucal,Creme Dental Colgate Máxima Proteção Anticáries Tubo com 90g,Colgate,3.89,3.64,0.0,2025-03-28
28585,Higiene e perfumaria,Higiene bucal,Creme Dental Colgate Tripla Ação Original Tubo com 90g,Colgate,4.5,4.1,0.0,2025-03-28
28697,Higiene e perfumaria,Higiene bucal,Creme Dental Oral-B 1-2-3 Tubo com 70g,Oral-B,2.69,2.69,0.0,2025-03-28
28745,Higiene e perfumaria,Higiene bucal,Creme Dental Oral-B 4 em 1 Tubo com 70g,Oral-B,4.2,3.8,0.0,2025-03-28
12460,Bebidas,Cervejas,Cerveja Heineken Lata com 269ml,Heineken,3.49,3.49,0.0,2025-03-28
13164,Bebidas,Cervejas,Cerveja Puro Malte Spaten Lata com 269ml,Spaten,2.78,2.78,0.0,2025-03-28
13362,Bebidas,Cervejas,Cerveja Stella Artois Long neck com 330ml,Stella Artois,5.89,5.69,0.0,2025-03-28
12498,Bebidas,Cervejas,Cerveja Heineken Zero Long neck com 330ml,Heineken,6.79,6.49,0.0,2025-03-28
13351,Bebidas,Cervejas,Cerveja Spaten Puro Malte Lata com 350ml,Spaten,3.78,3.78,0.0,2025-03-28
1187,Mercearia,Massas e molhos,Macarrão com Ovos Dona Benta Espaguete Pacote com 500g,Dona Benta,3.69,3.59,0.0,2025-03-28
1061,Mercearia,Massas e molhos,Macarrão com Ovos Adria Espaguete Pacote com 500g,Adria,2.97,2.97,0.0,2025-03-28
1203,Mercearia,Massas e molhos,Macarrão com Ovos Dona Benta Penne Pacote com 500g,Dona Benta,3.69,3.59,0.0,2025-03-28
1090,Mercearia,Massas e molhos,Macarrão com Ovos Adria Pena Pacote com 500g,Adria,2.97,2.97,0.0,2025-03-28
1065,Mercearia,Massas e molhos,Macarrão com Ovos Adria Espaguetinho Nº9 Pacote com 500g,Adria,2.97,2.97,0.0,2025-03-28
1433,Mercearia,Massas e molhos,Macarrão com Ovos Renata Espaguete Pacote com 500g,Renata,3.99,3.69,0.0,2025-03-28
1442,Mercearia,Massas e molhos,Macarrão com Ovos Renata Pena Pacote com 500g,Renata,3.99,3.69,0.0,2025-03-28
13073,Mercearia,"Cafés, chás e achocolatados",Filtro de Papel para Café Melitta Nº 103 Caixeta com 30 unidades,Melitta,4.19,3.89,0.0,2025-03-28
39240,Mercearia,Grãos,Milho para Pipoca Yoki Pacote com 400g,Yoki,5.29,4.99,0.0,2025-03-28
39238,Mercearia,Grãos,Milho para Pipoca Yoki Premium Pacote com 400g,Yoki,7.99,7.79,0.0,2025-03-28
31766,Limpeza,Limpeza de banheiro,Desinfetante Pinho Sol Original Frasco com 500ml,Pinho Sol,7.5,6.9,0.0,2025-03-28
38161,Limpeza,Limpeza de banheiro,Desinfetante Pinho Bril Plus Frasco com 500ml,Pinho Bril,5.16,4.88,0.0,2025-03-28
31494,Limpeza,Limpeza de banheiro,Desinfetante Lysoform Suave Frasco com 1L,Lysoform,15.65,14.65,0.0,2025-03-28
30600,Mercearia,Confeitaria,Leite Condensado Moça Integral Lata com 395g,Nestlé,7.29,7.29,0.0,2025-03-28
32447,Padaria e matinais,Leites,Leite Longa Vida Jussara Com tampa Integral TP com 1L,Jussara,4.29,4.29,0.0,2025-03-28
32839,Padaria e matinais,Leites,Leite Longa Vida Piracanjuba Com tampa Integral TP com 1L,Piracanjuba,5.55,5.35,0.0,2025-03-28
32452,Padaria e matinais,Leites,Leite Longa Vida Jussara Com tampa Semidesnatado TP com 1L,Jussara,5.19,5.19,0.0,2025-03-28
3984,Bebidas,Refrigerantes,Refrigerante Coca-Cola Sem açúcar Pet com 1L,Coca-Cola,6.09,5.89,0.0,2025-03-28
38145,Bebidas,Refrigerantes,Refrigerante Coca-Cola Sem açúcar Pet com 600ml,Coca-Cola,3.99,3.99,0.0,2025-03-28
36611,Mercearia,Massas e molhos,Queijo Parmesão Ralado Vigor Sachê com 50g,Vigor,5.29,5.29,0.0,2025-03-28
64,Mercearia,Massas e molhos,Queijo Ralado Parmesão Président Pacote com 50g,Président,5.6,5.2,0.0,2025-03-28
5350,Limpeza,Limpeza de banheiro,Água Sanitária Super Candida Frasco com 2L,Super Candida,5.98,5.48,0.0,2025-03-28
22295,Padaria e matinais,Pães e torradas,Pão de Forma Pullman Tradicional Pacote com 480g,Pullman,8.98,8.98,0.0,2025-03-28
38793,Padaria e matinais,Pães e torradas,Pão de Forma Visconti Tradicional Pacote com 400g,Visconti,5.49,5.49,0.0,2025-03-28
44028,Limpeza,Limpeza de casa,Removedor Suprema Tradicional Frasco com 1L,Suprema,7.85,6.99,0.0,2025-03-28
13743,Mercearia,Grãos,Arroz Camil Agulhinha - Tipo 1 Pacote com 5kg,Camil,25.5,24.9,0.0,2025-03-28
13757,Mercearia,Grãos,Arroz Camil Integral Pacote com 1kg,Camil,6.1,5.99,0.0,2025-03-28
9742,Mercearia,Grãos,Feijão Carioca Camil Tipo 1 Pacote com 1kg,Camil,6.0,5.8,0.0,2025-03-28
10394,Limpeza,Limpeza de roupas,Amaciante para Roupas Concentrado Comfort Azul Frasco com 500ml,Comfort,10.49,9.49,0.0,2025-03-28
10340,Limpeza,Limpeza de roupas,Amaciante para Roupas Comfort Lavanda Refil com 900ml,Comfort,16.9,15.9,0.0,2025-03-28
10382,Limpeza,Limpeza de roupas,"Amaciante para Roupas Concentrado Baby Soft Inspiração Fascinante Frasco com 1,5L",Baby Soft,16.5,14.9,0.0,2025-03-28
32659,Higiene e perfumaria,Desodorantes,Desodorante Aerossol Dove Men+Care Frasco com 200ml,Dove,17.9,17.9,0.0,2025-03-28
32932,Higiene e perfumaria,Desodorantes,Desodorante Aerossol Nivea Men Deep carvão Frasco com 150ml,Nivea,12.2,11.5,0.0,2025-03-28
29864,Limpeza,Limpeza de roupas,Tira Manchas em Gel Vanish Refil com 500ml,Vanish,9.9,9.9,0.0,2025-03-28
14304,Mercearia,Salgadinhos e snacks,Salgadinho Batata Pringles Creme e Cebola Tubo com 109g,Pringles,8.99,8.99,0.0,2025-03-28
5057,Frios e congelados,Margarinas e manteigas,Manteiga Aviação Com sal Pote com 500g,Aviação,31.9,29.9,0.0,2025-03-28
5054,Frios e congelados,Margarinas e manteigas,Manteiga Aviação Com sal Pote com 200g,Aviação,14.5,13.9,0.0,2025-03-28
30248,Limpeza,Limpeza de roupas,Lava Roupas Líquido Omo Lavanda Refil com 900ml,Omo,14.99,14.2,0.0,2025-03-28
25621,Higiene e perfumaria,Papel higiênico,Papel Higiênico Personal Vip Folha dupla - 30m Pacote com 24 rolos,Personal,33.78,33.78,0.0,2025-03-28
25610,Higiene e perfumaria,Papel higiênico,Papel Higiênico Personal Vip Folha dupla - 30m Pacote com 12 rolos,Personal,16.89,16.89,0.0,2025-03-28
915,Mercearia,"Cafés, chás e achocolatados",Café 3 Corações Tradicional Pacote com 500g,3 Corações,32.98,31.98,0.0,2025-03-28
924,Mercearia,"Cafés, chás e achocolatados",Café 3 Corações Tradicional - Vácuo Pacote com 500g,3 Corações,32.98,31.98,0.0,2025-03-28
2588,Mercearia,"Cafés, chás e achocolatados",Café Melitta Tradicional Pouch com 500g,Melitta,30.98,30.98,0.0,2025-03-28
3148,Mercearia,"Cafés, chás e achocolatados",Café Premium 3 Corações Estrada Real Pacote com 500g,3 Corações,34.98,33.98,0.0,2025-03-28
2584,Mercearia,"Cafés, chás e achocolatados",Café Melitta Sabor da Fazenda Vácuo Caixeta com 500g,Melitta,34.98,33.98,0.0,2025-03-28
3259,Mercearia,"Cafés, chás e achocolatados",Café Sabor da Fazenda Tradicional Pouch com 500g,Melitta,34.98,33.98,0.0,2025-03-28
20602,Higiene e perfumaria,Cabelo,Shampoo Clear Ice Cool Menthol Frasco com 400ml,Clear,24.75,24.75,0.0,2025-03-28
20562,Higiene e perfumaria,Cabelo,Shampoo Clear 2 em 1 Frasco com 400ml,Clear,24.75,24.75,0.0,2025-03-28
20745,Higiene e perfumaria,Cabelo,Shampoo Elseve Hidra Hialurônico Frasco com 400ml,Elseve,24.9,23.9,0.0,2025-03-28
33964,Bebidas,Vinhos,Vinho Argentino Trapiche Malbec Garrafa com 750ml,Trapiche,40.9,37.9,0.0,2025-03-28
37135,Bebidas,Destilados,Cachaça Salinas Ipê Garrafa com 700ml,Salinas,47.99,45.49,0.0,2025-03-28
37139,Bebidas,Destilados,Cachaça Salinas Tradicional Garrafa com 600ml,Salinas,41.89,39.89,0.0,2025-03-28
37130,Bebidas,Destilados,Cachaça Salinas Bálsamo Garrafa com 1L,Salinas,46.99,44.99,0.0,2025-03-28
16327,Mercearia,"Azeites, óleos e vinagres",Azeite de Oliva Andorinha Extra Virgem Vidro com 500ml,Andorinha,39.9,37.9,0.0,2025-03-28
16464,Mercearia,"Azeites, óleos e vinagres",Azeite de Oliva Gallo Extra virgem Vidro com 500ml,Gallo,35.9,35.9,0.0,2025-03-28
7433,Mercearia,Farinhas,Farinha de Mandioca D'Cheff Temperada Tradicional Pacote com 300g,D'Cheff,6.49,5.99,0.0,2025-03-28
12638,Mercearia,Temperos e condimentos,Molho de Pimenta Knorr Vermelha Pet com 150ml,Knorr,5.4,5.2,0.0,2025-03-28
17035,Mercearia,Temperos e condimentos,Orégano Kitano Sachê com 10g,Kitano,3.99,3.79,0.0,2025-03-28
19822,Bebidas,Destilados,Gin Seagers Garrafa com 1L,Seagers,42.89,40.79,0.0,2025-03-28
5634,Mercearia,Temperos e condimentos,Ajinomoto Refil com 100g,Ajinomoto,6.99,6.29,0.0,2025-03-28
14436,Mercearia,Temperos e condimentos,Molho Shoyu Sakura Pet com 150ml,Sakura,3.79,3.59,0.0,2025-03-28
12293,Mercearia,Temperos e condimentos,Molho de Mostarda Heinz Pet com 255g,Heinz,15.99,15.49,0.0,2025-03-28
27280,Mercearia,Confeitaria,Creme de Leite Italac TP com 200g,Italac,3.39,3.09,0.0,2025-03-28
38668,Padaria e matinais,Pães e torradas,Pullman Rap 10 Original Pacote com 297g,Pullman,10.98,10.98,0.0,2025-03-28
5666,Limpeza,Limpeza de cozinha,Esponja Scotch-Brite Pacote com 4 unidades,Scotch-Brite,6.59,5.89,0.0,2025-03-28
5658,Limpeza,Limpeza de cozinha,Esponja Scotch-Brite Não Risca Pacote com 3 unidades,Scotch-Brite,8.15,7.35,0.0,2025-03-28
16022,Mercearia,Bomboniere,Chiclete Mentos Fresh Mint Unidade com 56g,Mentos,10.9,9.9,0.0,2025-03-28
34777,Limpeza,Limpeza de casa,Limpador Perfumado Concentrado Coala Cereja e Avelã Frasco com 120ml,Coala,11.5,10.5,0.0,2025-03-28
13206,Mercearia,Massas e molhos,Molho de Tomate Pomarola Chef Passata Vidro com 700g,Pomarola,18.9,18.5,0.0,2025-04-04
36708,Limpeza,Limpeza de cozinha,Detergente Líquido Ypê Clear Frasco com 500ml,Ypê,2.35,2.25,0.0,2025-04-04
36732,Limpeza,Limpeza de cozinha,Detergente Líquido Ypê Neutro Frasco com 500ml,Ypê,2.35,2.25,0.0,2025-04-04
36410,Limpeza,Limpeza de cozinha,Detergente Líquido Limpol Neutro Frasco com 500ml,Limpol,2.25,2.15,0.0,2025-04-04
36362,Limpeza,Limpeza de cozinha,Detergente Líquido Limpol Coco Frasco com 500ml,Limpol,2.25,2.15,0.0,2025-04-04
28319,Higiene e perfumaria,Higiene bucal,Creme Dental Colgate Máxima Proteção Anticáries Tubo com 90g,Colgate,3.94,3.8,0.0,2025-04-04
28585,Higiene e perfumaria,Higiene bucal,Creme Dental Colgate Tripla Ação Original Tubo com 90g,Colgate,4.89,4.44,0.0,2025-04-04
28697,Higiene e perfumaria,Higiene bucal,Creme Dental Oral-B 1-2-3 Tubo com 70g,Oral-B,2.75,2.75,0.0,2025-04-04
28745,Higiene e perfumaria,Higiene bucal,Creme Dental Oral-B 4 em 1 Tubo com 70g,Oral-B,4.2,3.8,0.0,2025-04-04
12460,Bebidas,Cervejas,Cerveja Heineken Lata com 269ml,Heineken,3.99,3.99,0.0,2025-04-04
13164,Bebidas,Cervejas,Cerveja Puro Malte Spaten Lata com 269ml,Spaten,2.78,2.78,0.0,2025-04-04
12498,Bebidas,Cervejas,Cerveja Heineken Zero Long neck com 330ml,Heineken,6.79,6.49,0.0,2025-04-04
13362,Bebidas,Cervejas,Cerveja Stella Artois Long neck com 330ml,Stella Artois,5.89,5.69,0.0,2025-04-04
13351,Bebidas,Cervejas,Cerveja Spaten Puro Malte Lata com 350ml,Spaten,3.78,3.78,0.0,2025-04-04
12880,Bebidas,Cervejas,Cerveja Patagonia Amber Lager Lata com 350ml,Patagonia,5.79,5.59,0.0,2025-04-04
12389,Bebidas,Cervejas,Cerveja Estrella Galicia Lata com 350ml,Estrella Galicia,4.59,4.39,0.0,2025-04-04
1187,Mercearia,Massas e molhos,Macarrão com Ovos Dona Benta Espaguete Pacote com 500g,Dona Benta,2.99,2.99,0.0,2025-04-04
1061,Mercearia,Massas e molhos,Macarrão com Ovos Adria Espaguete Pacote com 500g,Adria,3.39,3.39,0.0,2025-04-04
1203,Mercearia,Massas e molhos,Macarrão com Ovos Dona Benta Penne Pacote com 500g,Dona Benta,2.99,2.99,0.0,2025-04-04
1090,Mercearia,Massas e molhos,Macarrão com Ovos Adria Pena Pacote com 500g,Adria,3.39,3.39,0.0,2025-04-04
1065,Mercearia,Massas e molhos,Macarrão com Ovos Adria Espaguetinho Nº9 Pacote com 500g,Adria,3.39,3.39,0.0,2025-04-04
1433,Mercearia,Massas e molhos,Macarrão com Ovos Renata Espaguete Pacote com 500g,Renata,3.99,3.69,0.0,2025-04-04
1442,Mercearia,Massas e molhos,Macarrão com Ovos Renata Pena Pacote com 500g,Renata,3.99,3.69,0.0,2025-04-04
13073,Mercearia,"Cafés, chás e achocolatados",Filtro de Papel para Café Melitta Nº 103 Caixeta com 30 unidades,Melitta,4.19,3.89,0.0,2025-04-04
39240,Mercearia,Grãos,Milho para Pipoca Yoki Pacote com 400g,Yoki,3.99,3.99,0.0,2025-04-04
39238,Mercearia,Grãos,Milho para Pipoca Yoki Premium Pacote com 400g,Yoki,5.99,5.99,0.0,2025-04-04
31766,Limpeza,Limpeza de banheiro,Desinfetante Pinho Sol Original Frasco com 500ml,Pinho Sol,7.5,6.9,0.0,2025-04-04
38161,Limpeza,Limpeza de banheiro,Desinfetante Pinho Bril Plus Frasco com 500ml,Pinho Bril,5.16,4.88,0.0,2025-04-04
31494,Limpeza,Limpeza de banheiro,Desinfetante Lysoform Suave Frasco com 1L,Lysoform,15.65,14.65,0.0,2025-04-04
30600,Mercearia,Confeitaria,Leite Condensado Moça Integral Lata com 395g,Nestlé,8.4,8.4,0.0,2025-04-04
32447,Padaria e matinais,Leites,Leite Longa Vida Jussara Com tampa Integral TP com 1L,Jussara,5.39,5.19,0.0,2025-04-04
32839,Padaria e matinais,Leites,Leite Longa Vida Piracanjuba Com tampa Integral TP com 1L,Piracanjuba,4.54,4.54,0.0,2025-04-04
32452,Padaria e matinais,Leites,Leite Longa Vida Jussara Com tampa Semidesnatado TP com 1L,Jussara,4.99,4.99,0.0,2025-04-04
3984,Bebidas,Refrigerantes,Refrigerante Coca-Cola Sem açúcar Pet com 1L,Coca-Cola,6.09,5.89,0.0,2025-04-04
38145,Bebidas,Refrigerantes,Refrigerante Coca-Cola Sem açúcar Pet com 600ml,Coca-Cola,3.99,3.99,0.0,2025-04-04
36611,Mercearia,Massas e molhos,Queijo Parmesão Ralado Vigor Sachê com 50g,Vigor,6.29,5.99,0.0,2025-04-04
64,Mercearia,Massas e molhos,Queijo Ralado Parmesão Président Pacote com 50g,Président,5.6,5.2,0.0,2025-04-04
5350,Limpeza,Limpeza de banheiro,Água Sanitária Super Candida Frasco com 2L,Super Candida,5.98,5.48,0.0,2025-04-04
22295,Padaria e matinais,Pães e torradas,Pão de Forma Pullman Tradicional Pacote com 480g,Pullman,8.98,8.98,0.0,2025-04-04
38793,Padaria e matinais,Pães e torradas,Pão de Forma Visconti Tradicional Pacote com 400g,Visconti,6.59,5.79,0.0,2025-04-04
44028,Limpeza,Limpeza de casa,Removedor Suprema Tradicional Frasco com 1L,Suprema,7.85,6.99,0.0,2025-04-04
13743,Mercearia,Grãos,Arroz Camil Agulhinha - Tipo 1 Pacote com 5kg,Camil,25.0,24.25,0.0,2025-04-04
13757,Mercearia,Grãos,Arroz Camil Integral Pacote com 1kg,Camil,6.1,5.99,0.0,2025-04-04
9742,Mercearia,Grãos,Feijão Carioca Camil Tipo 1 Pacote com 1kg,Camil,6.0,5.8,0.0,2025-04-04
10394,Limpeza,Limpeza de roupas,Amaciante para Roupas Concentrado Comfort Azul Frasco com 500ml,Comfort,10.49,9.9,0.0,2025-04-04
10340,Limpeza,Limpeza de roupas,Amaciante para Roupas Comfort Lavanda Refil com 900ml,Comfort,16.9,15.9,0.0,2025-04-04
10382,Limpeza,Limpeza de roupas,"Amaciante para Roupas Concentrado Baby Soft Inspiração Fascinante Frasco com 1,5L",Baby Soft,16.5,14.9,0.0,2025-04-04
32659,Higiene e perfumaria,Desodorantes,Desodorante Aerossol Dove Men+Care Frasco com 200ml,Dove,17.9,16.99,0.0,2025-04-04
32932,Higiene e perfumaria,Desodorantes,Desodorante Aerossol Nivea Men Deep carvão Frasco com 150ml,Nivea,12.2,11.5,0.0,2025-04-04
29864,Limpeza,Limpeza de roupas,Tira Manchas em Gel Vanish Refil com 500ml,Vanish,9.9,8.9,0.0,2025-04-04
14304,Mercearia,Salgadinhos e snacks,Salgadinho Batata Pringles Creme e Cebola Tubo com 109g,Pringles,8.99,8.99,0.0,2025-04-04
5057,Frios e congelados,Margarinas e manteigas,Manteiga Aviação Com sal Pote com 500g,Aviação,31.9,29.9,0.0,2025-04-04
5054,Frios e congelados,Margarinas e manteigas,Manteiga Aviação Com sal Pote com 200g,Aviação,14.5,13.9,0.0,2025-04-04
30248,Limpeza,Limpeza de roupas,Lava Roupas Líquido Omo Lavanda Refil com 900ml,Omo,14.99,14.2,0.0,2025-04-04
25621,Higiene e perfumaria,Papel higiênico,Papel Higiênico Personal Vip Folha dupla - 30m Pacote com 24 rolos,Personal,38.78,36.78,0.0,2025-04-04
25610,Higiene e perfumaria,Papel higiênico,Papel Higiênico Personal Vip Folha dupla - 30m Pacote com 12 rolos,Personal,19.39,18.4,0.0,2025-04-04
11516,Higiene e perfumaria,Sabonetes,Sabonete Líquido Protex Nutri protect Refil com 500ml,Protex,22.5,19.9,0.0,2025-04-04
915,Mercearia,"Cafés, chás e achocolatados",Café 3 Corações Tradicional Pacote com 500g,3 Corações,33.48,32.48,0.0,2025-04-04
924,Mercearia,"Cafés, chás e achocolatados",Café 3 Corações Tradicional - Vácuo Pacote com 500g,3 Corações,33.48,32.48,0.0,2025-04-04
2588,Mercearia,"Cafés, chás e achocolatados",Café Melitta Tradicional Pouch com 500g,Melitta,34.48,33.48,0.0,2025-04-04
3148,Mercearia,"Cafés, chás e achocolatados",Café Premium 3 Corações Estrada Real Pacote com 500g,3 Corações,34.98,33.98,0.0,2025-04-04
2584,Mercearia,"Cafés, chás e achocolatados",Café Melitta Sabor da Fazenda Vácuo Caixeta com 500g,Melitta,35.98,34.98,0.0,2025-04-04
3259,Mercearia,"Cafés, chás e achocolatados",Café Sabor da Fazenda Tradicional Pouch com 500g,Melitta,35.98,34.98,0.0,2025-04-04
20602,Higiene e perfumaria,Cabelo,Shampoo Clear Ice Cool Menthol Frasco com 400ml,Clear,21.36,20.29,0.0,2025-04-04
20562,Higiene e perfumaria,Cabelo,Shampoo Clear 2 em 1 Frasco com 400ml,Clear,21.36,20.29,0.0,2025-04-04
20745,Higiene e perfumaria,Cabelo,Shampoo Elseve Hidra Hialurônico Frasco com 400ml,Elseve,19.9,19.9,0.0,2025-04-04
33964,Bebidas,Vinhos,Vinho Argentino Trapiche Malbec Garrafa com 750ml,Trapiche,40.9,37.9,0.0,2025-04-04
37130,Bebidas,Destilados,Cachaça Salinas Bálsamo Garrafa com 1L,Salinas,46.99,44.99,0.0,2025-04-04
37139,Bebidas,Destilados,Cachaça Salinas Tradicional Garrafa com 600ml,Salinas,41.89,39.89,0.0,2025-04-04
37135,Bebidas,Destilados,Cachaça Salinas Ipê Garrafa com 700ml,Salinas,47.99,45.49,0.0,2025-04-04
16327,Mercearia,"Azeites, óleos e vinagres",Azeite de Oliva Andorinha Extra Virgem Vidro com 500ml,Andorinha,37.9,35.9,0.0,2025-04-04
7433,Mercearia,Farinhas,Farinha de Mandioca D'Cheff Temperada Tradicional Pacote com 300g,D'Cheff,6.49,5.99,0.0,2025-04-04
12638,Mercearia,Temperos e condimentos,Molho de Pimenta Knorr Vermelha Pet com 150ml,Knorr,5.4,5.2,0.0,2025-04-04
26381,Mercearia,Temperos e condimentos,Ketchup Heinz Tradicional Pet com 397g,Heinz,13.99,13.99,0.0,2025-04-04
17035,Mercearia,Temperos e condimentos,Orégano Kitano Sachê com 10g,Kitano,3.99,3.79,0.0,2025-04-04
19822,Bebidas,Destilados,Gin Seagers Garrafa com 1L,Seagers,42.89,40.79,0.0,2025-04-04
5634,Mercearia,Temperos e condimentos,Ajinomoto Refil com 100g,Ajinomoto,6.99,6.29,0.0,2025-04-04
14436,Mercearia,Temperos e condimentos,Molho Shoyu Sakura Pet com 150ml,Sakura,2.99,2.99,0.0,2025-04-04
12293,Mercearia,Temperos e condimentos,Molho de Mostarda Heinz Pet com 255g,Heinz,15.99,15.49,0.0,2025-04-04
38668,Padaria e matinais,Pães e torradas,Pullman Rap 10 Original Pacote com 297g,Pullman,10.98,10.98,0.0,2025-04-04
5666,Limpeza,Limpeza de cozinha,Esponja Scotch-Brite Pacote com 4 unidades,Scotch-Brite,6.59,5.89,0.0,2025-04-04
5658,Limpeza,Limpeza de cozinha,Esponja Scotch-Brite Não Risca Pacote com 3 unidades,Scotch-Brite,8.15,7.35,0.0,2025-04-04
16022,Mercearia,Bomboniere,Chiclete Mentos Fresh Mint Unidade com 56g,Mentos,10.9,9.9,0.0,2025-04-04
34777,Limpeza,Limpeza de casa,Limpador Perfumado Concentrado Coala Cereja e Avelã Frasco com 120ml,Coala,11.5,10.5,0.0,2025-04-04
38763,Mercearia,Massas e molhos,Molho de Tomate Salsaretti Tradicional Pouch com 300g,Salsaretti,1.89,1.79,0.0,2025-04-11
36708,Limpeza,Limpeza de cozinha,Detergente Líquido Ypê Clear Frasco com 500ml,Ypê,2.39,2.29,0.0,2025-04-11
36732,Limpeza,Limpeza de cozinha,Detergente Líquido Ypê Neutro Frasco com 500ml,Ypê,2.39,2.29,0.0,2025-04-11
36410,Limpeza,Limpeza de cozinha,Detergente Líquido Limpol Neutro Frasco com 500ml,Limpol,2.25,2.15,0.0,2025-04-11
28319,Higiene e perfumaria,Higiene bucal,Creme Dental Colgate Máxima Proteção Anticáries Tubo com 90g,Colgate,3.94,3.79,0.0,2025-04-11
28697,Higiene e perfumaria,Higiene bucal,Creme Dental Oral-B 1-2-3 Tubo com 70g,Oral-B,2.29,2.29,0.0,2025-04-11
28585,Higiene e perfumaria,Higiene bucal,Creme Dental Colgate Tripla Ação Original Tubo com 90g,Colgate,4.9,4.3,0.0,2025-04-11
28745,Higiene e perfumaria,Higiene bucal,Creme Dental Oral-B 4 em 1 Tubo com 70g,Oral-B,4.2,3.8,0.0,2025-04-11
12460,Bebidas,Cervejas,Cerveja Heineken Lata com 269ml,Heineken,3.99,3.99,0.0,2025-04-11
13164,Bebidas,Cervejas,Cerveja Puro Malte Spaten Lata com 269ml,Spaten,3.29,3.19,0.0,2025-04-11
12498,Bebidas,Cervejas,Cerveja Heineken Zero Long neck com 330ml,Heineken,6.79,6.49,0.0,2025-04-11
13362,Bebidas,Cervejas,Cerveja Stella Artois Long neck com 330ml,Stella Artois,5.89,5.69,0.0,2025-04-11
13351,Bebidas,Cervejas,Cerveja Spaten Puro Malte Lata com 350ml,Spaten,4.35,4.25,0.0,2025-04-11
12880,Bebidas,Cervejas,Cerveja Patagonia Amber Lager Lata com 350ml,Patagonia,5.79,5.59,0.0,2025-04-11
12389,Bebidas,Cervejas,Cerveja Estrella Galicia Lata com 350ml,Estrella Galicia,4.59,4.39,0.0,2025-04-11
1187,Mercearia,Massas e molhos,Macarrão com Ovos Dona Benta Espaguete Pacote com 500g,Dona Benta,3.79,3.49,0.0,2025-04-11
1061,Mercearia,Massas e molhos,Macarrão com Ovos Adria Espaguete Pacote com 500g,Adria,3.75,3.39,0.0,2025-04-11
1203,Mercearia,Massas e molhos,Macarrão com Ovos Dona Benta Penne Pacote com 500g,Dona Benta,3.79,3.49,0.0,2025-04-11
1090,Mercearia,Massas e molhos,Macarrão com Ovos Adria Pena Pacote com 500g,Adria,3.75,3.39,0.0,2025-04-11
1065,Mercearia,Massas e molhos,Macarrão com Ovos Adria Espaguetinho Nº9 Pacote com 500g,Adria,3.75,3.39,0.0,2025-04-11
1433,Mercearia,Massas e molhos,Macarrão com Ovos Renata Espaguete Pacote com 500g,Renata,3.99,3.69,0.0,2025-04-11
1442,Mercearia,Massas e molhos,Macarrão com Ovos Renata Pena Pacote com 500g,Renata,3.99,3.69,0.0,2025-04-11
13073,Mercearia,"Cafés, chás e achocolatados",Filtro de Papel para Café Melitta Nº 103 Caixeta com 30 unidades,Melitta,3.79,3.79,0.0,2025-04-11
39240,Mercearia,Grãos,Milho para Pipoca Yoki Pacote com 400g,Yoki,5.29,5.09,0.0,2025-04-11
39238,Mercearia,Grãos,Milho para Pipoca Yoki Premium Pacote com 400g,Yoki,8.39,7.99,0.0,2025-04-11
31766,Limpeza,Limpeza de banheiro,Desinfetante Pinho Sol Original Frasco com 500ml,Pinho Sol,7.76,6.94,0.0,2025-04-11
38161,Limpeza,Limpeza de banheiro,Desinfetante Pinho Bril Plus Frasco com 500ml,Pinho Bril,4.1,4.1,0.0,2025-04-11
31494,Limpeza,Limpeza de banheiro,Desinfetante Lysoform Suave Frasco com 1L,Lysoform,10.99,10.99,0.0,2025-04-11
32839,Padaria e matinais,Leites,Leite Longa Vida Piracanjuba Com tampa Integral TP com 1L,Piracanjuba,4.69,4.69,0.0,2025-04-11
32452,Padaria e matinais,Leites,Leite Longa Vida Jussara Com tampa Semidesnatado TP com 1L,Jussara,5.09,5.09,0.0,2025-04-11
3984,Bebidas,Refrigerantes,Refrigerante Coca-Cola Sem açúcar Pet com 1L,Coca-Cola,6.19,6.09,0.0,2025-04-11
38145,Bebidas,Refrigerantes,Refrigerante Coca-Cola Sem açúcar Pet com 600ml,Coca-Cola,3.99,3.99,0.0,2025-04-11
64,Mercearia,Massas e molhos,Queijo Ralado Parmesão Président Pacote com 50g,Président,5.89,5.49,0.0,2025-04-11
36611,Mercearia,Massas e molhos,Queijo Parmesão Ralado Vigor Sachê com 50g,Vigor,3.99,3.99,0.0,2025-04-11
5350,Limpeza,Limpeza de banheiro,Água Sanitária Super Candida Frasco com 2L,Super Candida,5.99,5.49,0.0,2025-04-11
22295,Padaria e matinais,Pães e torradas,Pão de Forma Pullman Tradicional Pacote com 480g,Pullman,7.69,7.69,0.0,2025-04-11
38793,Padaria e matinais,Pães e torradas,Pão de Forma Visconti Tradicional Pacote com 400g,Visconti,6.3,5.59,0.0,2025-04-11
44028,Limpeza,Limpeza de casa,Removedor Suprema Tradicional Frasco com 1L,Suprema,7.99,7.29,0.0,2025-04-11
9742,Mercearia,Grãos,Feijão Carioca Camil Tipo 1 Pacote com 1kg,Camil,6.2,5.99,0.0,2025-04-11
10340,Limpeza,Limpeza de roupas,Amaciante para Roupas Comfort Lavanda Refil com 900ml,Comfort,16.9,15.9,0.0,2025-04-11
10382,Limpeza,Limpeza de roupas,"Amaciante para Roupas Concentrado Baby Soft Inspiração Fascinante Frasco com 1,5L",Baby Soft,16.5,14.9,0.0,2025-04-11
32659,Higiene e perfumaria,Desodorantes,Desodorante Aerossol Dove Men+Care Frasco com 200ml,Dove,21.99,20.99,0.0,2025-04-11
32932,Higiene e perfumaria,Desodorantes,Desodorante Aerossol Nivea Men Deep carvão Frasco com 150ml,Nivea,9.9,9.9,0.0,2025-04-11
32569,Higiene e perfumaria,Desodorantes,Desodorante Aerossol Bozzano Fresh Frasco com 150ml,Bozzano,6.99,6.99,0.0,2025-04-11
29864,Limpeza,Limpeza de roupas,Tira Manchas em Gel Vanish Refil com 500ml,Vanish,11.9,10.9,0.0,2025-04-11
14304,Mercearia,Salgadinhos e snacks,Salgadinho Batata Pringles Creme e Cebola Tubo com 109g,Pringles,9.9,9.9,0.0,2025-04-11
5057,Frios e congelados,Margarinas e manteigas,Manteiga Aviação Com sal Pote com 500g,Aviação,31.9,29.9,0.0,2025-04-11
5054,Frios e congelados,Margarinas e manteigas,Manteiga Aviação Com sal Pote com 200g,Aviação,14.5,13.9,0.0,2025-04-11
30248,Limpeza,Limpeza de roupas,Lava Roupas Líquido Omo Lavanda Refil com 900ml,Omo,14.99,14.29,0.0,2025-04-11
25621,Higiene e perfumaria,Papel higiênico,Papel Higiênico Personal Vip Folha dupla - 30m Pacote com 24 rolos,Personal,38.78,36.78,0.0,2025-04-11
25610,Higiene e perfumaria,Papel higiênico,Papel Higiênico Personal Vip Folha dupla - 30m Pacote com 12 rolos,Personal,19.39,18.4,0.0,2025-04-11
11516,Higiene e perfumaria,Sabonetes,Sabonete Líquido Protex Nutri protect Refil com 500ml,Protex,22.5,19.9,0.0,2025-04-11
915,Mercearia,"Cafés, chás e achocolatados",Café 3 Corações Tradicional Pacote com 500g,3 Corações,33.88,32.88,0.0,2025-04-11
924,Mercearia,"Cafés, chás e achocolatados",Café 3 Corações Tradicional - Vácuo Pacote com 500g,3 Corações,33.88,32.88,0.0,2025-04-11
3148,Mercearia,"Cafés, chás e achocolatados",Café Premium 3 Corações Estrada Real Pacote com 500g,3 Corações,34.98,33.98,0.0,2025-04-11
2588,Mercearia,"Cafés, chás e achocolatados",Café Melitta Tradicional Pouch com 500g,Melitta,34.98,33.98,0.0,2025-04-11
2584,Mercearia,"Cafés, chás e achocolatados",Café Melitta Sabor da Fazenda Vácuo Caixeta com 500g,Melitta,35.98,34.98,0.0,2025-04-11
3259,Mercearia,"Cafés, chás e achocolatados",Café Sabor da Fazenda Tradicional Pouch com 500g,Melitta,35.98,34.98,0.0,2025-04-11
20602,Higiene e perfumaria,Cabelo,Shampoo Clear Ice Cool Menthol Frasco com 400ml,Clear,24.75,24.75,0.0,2025-04-11
20562,Higiene e perfumaria,Cabelo,Shampoo Clear 2 em 1 Frasco com 400ml,Clear,24.75,24.75,0.0,2025-04-11
20745,Higiene e perfumaria,Cabelo,Shampoo Elseve Hidra Hialurônico Frasco com 400ml,Elseve,19.9,19.9,0.0,2025-04-11
33964,Bebidas,Vinhos,Vinho Argentino Trapiche Malbec Garrafa com 750ml,Trapiche,40.9,37.9,0.0,2025-04-11
37139,Bebidas,Destilados,Cachaça Salinas Tradicional Garrafa com 600ml,Salinas,41.89,39.89,0.0,2025-04-11
37130,Bebidas,Destilados,Cachaça Salinas Bálsamo Garrafa com 1L,Salinas,46.99,44.99,0.0,2025-04-11
37135,Bebidas,Destilados,Cachaça Salinas Ipê Garrafa com 700ml,Salinas,47.99,45.49,0.0,2025-04-11
16327,Mercearia,"Azeites, óleos e vinagres",Azeite de Oliva Andorinha Extra Virgem Vidro com 500ml,Andorinha,36.9,34.9,0.0,2025-04-11
16464,Mercearia,"Azeites, óleos e vinagres",Azeite de Oliva Gallo Extra virgem Vidro com 500ml,Gallo,38.9,36.9,0.0,2025-04-11
7433,Mercearia,Farinhas,Farinha de Mandioca D'Cheff Temperada Tradicional Pacote com 300g,D'Cheff,6.49,5.99,0.0,2025-04-11
12638,Mercearia,Temperos e condimentos,Molho de Pimenta Knorr Vermelha Pet com 150ml,Knorr,5.4,5.2,0.0,2025-04-11
26381,Mercearia,Temperos e condimentos,Ketchup Heinz Tradicional Pet com 397g,Heinz,15.29,13.99,0.0,2025-04-11
17035,Mercearia,Temperos e condimentos,Orégano Kitano Sachê com 10g,Kitano,3.99,3.79,0.0,2025-04-11
14436,Mercearia,Temperos e condimentos,Molho Shoyu Sakura Pet com 150ml,Sakura,3.99,3.59,0.0,2025-04-11
38668,Padaria e matinais,Pães e torradas,Pullman Rap 10 Original Pacote com 297g,Pullman,10.98,10.98,0.0,2025-04-11
5666,Limpeza,Limpeza de cozinha,Esponja Scotch-Brite Pacote com 4 unidades,Scotch-Brite,6.8,6.15,0.0,2025-04-11
5658,Limpeza,Limpeza de cozinha,Esponja Scotch-Brite Não Risca Pacote com 3 unidades,Scotch-Brite,8.15,7.35,0.0,2025-04-11
16022,Mercearia,Bomboniere,Chiclete Mentos Fresh Mint Unidade com 56g,Mentos,10.9,9.9,0.0,2025-04-11
34777,Limpeza,Limpeza de casa,Limpador Perfumado Concentrado Coala Cereja e Avelã Frasco com 120ml,Coala,11.5,10.5,0.0,2025-04-11
38763,Mercearia,Massas e molhos,Molho de Tomate Salsaretti Tradicional Pouch com 300g,Salsaretti,1.85,1.69,0.0,2025-04-25
13206,Mercearia,Massas e molhos,Molho de Tomate Pomarola Chef Passata Vidro com 700g,Pomarola,18.9,18.5,0.0,2025-04-25
36708,Limpeza,Limpeza de cozinha,Detergente Líquido Ypê Clear Frasco com 500ml,Ypê,2.39,2.29,0.0,2025-04-25
36732,Limpeza,Limpeza de cozinha,Detergente Líquido Ypê Neutro Frasco com 500ml,Ypê,2.39,2.29,0.0,2025-04-25
36410,Limpeza,Limpeza de cozinha,Detergente Líquido Limpol Neutro Frasco com 500ml,Limpol,2.25,2.15,0.0,2025-04-25
36362,Limpeza,Limpeza de cozinha,Detergente Líquido Limpol Coco Frasco com 500ml,Limpol,2.25,2.15,0.0,2025-04-25
28319,Higiene e perfumaria,Higiene bucal,Creme Dental Colgate Máxima Proteção Anticáries Tubo com 90g,Colgate,3.94,3.79,0.0,2025-04-25
28697,Higiene e perfumaria,Higiene bucal,Creme Dental Oral-B 1-2-3 Tubo com 70g,Oral-B,2.75,2.69,0.0,2025-04-25
28585,Higiene e perfumaria,Higiene bucal,Creme Dental Colgate Tripla Ação Original Tubo com 90g,Colgate,4.89,4.29,0.0,2025-04-25
28745,Higiene e perfumaria,Higiene bucal,Creme Dental Oral-B 4 em 1 Tubo com 70g,Oral-B,4.2,3.8,0.0,2025-04-25
12460,Bebidas,Cervejas,Cerveja Heineken Lata com 269ml,Heineken,3.99,3.99,0.0,2025-04-25
13164,Bebidas,Cervejas,Cerveja Puro Malte Spaten Lata com 269ml,Spaten,2.78,2.78,0.0,2025-04-25
12498,Bebidas,Cervejas,Cerveja Heineken Zero Long neck com 330ml,Heineken,5.29,5.29,0.0,2025-04-25
13362,Bebidas,Cervejas,Cerveja Stella Artois Long neck com 330ml,Stella Artois,5.89,5.69,0.0,2025-04-25
13351,Bebidas,Cervejas,Cerveja Spaten Puro Malte Lata com 350ml,Spaten,3.78,3.78,0.0,2025-04-25
12490,Bebidas,Cervejas,Cerveja Heineken Zero Lata com 269ml,Heineken,3.99,3.99,0.0,2025-04-25
12880,Bebidas,Cervejas,Cerveja Patagonia Amber Lager Lata com 350ml,Patagonia,5.79,5.59,0.0,2025-04-25
12389,Bebidas,Cervejas,Cerveja Estrella Galicia Lata com 350ml,Estrella Galicia,4.99,4.89,0.0,2025-04-25
1187,Mercearia,Massas e molhos,Macarrão com Ovos Dona Benta Espaguete Pacote com 500g,Dona Benta,3.29,2.99,0.0,2025-04-25
1061,Mercearia,Massas e molhos,Macarrão com Ovos Adria Espaguete Pacote com 500g,Adria,3.29,3.29,0.0,2025-04-25
1203,Mercearia,Massas e molhos,Macarrão com Ovos Dona Benta Penne Pacote com 500g,Dona Benta,3.29,2.99,0.0,2025-04-25
1090,Mercearia,Massas e molhos,Macarrão com Ovos Adria Pena Pacote com 500g,Adria,3.29,3.29,0.0,2025-04-25
1065,Mercearia,Massas e molhos,Macarrão com Ovos Adria Espaguetinho Nº9 Pacote com 500g,Adria,3.29,3.29,0.0,2025-04-25
1442,Mercearia,Massas e molhos,Macarrão com Ovos Renata Pena Pacote com 500g,Renata,3.99,3.69,0.0,2025-04-25
13073,Mercearia,"Cafés, chás e achocolatados",Filtro de Papel para Café Melitta Nº 103 Caixeta com 30 unidades,Melitta,4.29,3.99,0.0,2025-04-25
39240,Mercearia,Grãos,Milho para Pipoca Yoki Pacote com 400g,Yoki,3.79,3.79,0.0,2025-04-25
39238,Mercearia,Grãos,Milho para Pipoca Yoki Premium Pacote com 400g,Yoki,5.89,5.89,0.0,2025-04-25
31766,Limpeza,Limpeza de banheiro,Desinfetante Pinho Sol Original Frasco com 500ml,Pinho Sol,7.76,6.94,0.0,2025-04-25
31494,Limpeza,Limpeza de banheiro,Desinfetante Lysoform Suave Frasco com 1L,Lysoform,10.49,10.49,0.0,2025-04-25
30600,Mercearia,Confeitaria,Leite Condensado Moça Integral Lata com 395g,Moça,8.79,8.29,0.0,2025-04-25
32839,Padaria e matinais,Leites,Leite Longa Vida Piracanjuba Com tampa Integral TP com 1L,Piracanjuba,5.39,5.19,0.0,2025-04-25
32452,Padaria e matinais,Leites,Leite Longa Vida Jussara Com tampa Semidesnatado TP com 1L,Jussara,5.29,5.09,0.0,2025-04-25
3984,Bebidas,Refrigerantes,Refrigerante Coca-Cola Sem açúcar Pet com 1L,Coca-Cola,5.99,5.99,0.0,2025-04-25
38145,Bebidas,Refrigerantes,Refrigerante Coca-Cola Sem açúcar Pet com 600ml,Coca-Cola,5.29,5.19,0.0,2025-04-25
64,Mercearia,Massas e molhos,Queijo Ralado Parmesão Président Pacote com 50g,Président,5.89,5.49,0.0,2025-04-25
36611,Mercearia,Massas e molhos,Queijo Parmesão Ralado Vigor Sachê com 50g,Vigor,6.39,5.99,0.0,2025-04-25
5350,Limpeza,Limpeza de banheiro,Água Sanitária Super Candida Frasco com 2L,Super Candida,5.88,5.48,0.0,2025-04-25
22295,Padaria e matinais,Pães e torradas,Pão de Forma Pullman Tradicional Pacote com 480g,Pullman,7.98,7.98,0.0,2025-04-25
38793,Padaria e matinais,Pães e torradas,Pão de Forma Visconti Tradicional Pacote com 400g,Visconti,4.49,4.49,0.0,2025-04-25
44028,Limpeza,Limpeza de casa,Removedor Suprema Tradicional Frasco com 1L,Suprema,7.99,7.29,0.0,2025-04-25
13743,Mercearia,Grãos,Arroz Camil Agulhinha - Tipo 1 Pacote com 5kg,Camil,23.9,23.17,0.0,2025-04-25
13757,Mercearia,Grãos,Arroz Camil Integral Pacote com 1kg,Camil,6.1,5.99,0.0,2025-04-25
9742,Mercearia,Grãos,Feijão Carioca Camil Tipo 1 Pacote com 1kg,Camil,6.6,6.39,0.0,2025-04-25
10394,Limpeza,Limpeza de roupas,Amaciante para Roupas Concentrado Comfort Azul Frasco com 500ml,Comfort,10.49,9.9,0.0,2025-04-25
10340,Limpeza,Limpeza de roupas,Amaciante para Roupas Comfort Lavanda Refil com 900ml,Comfort,16.9,15.9,0.0,2025-04-25
10382,Limpeza,Limpeza de roupas,"Amaciante para Roupas Concentrado Baby Soft Inspiração Fascinante Frasco com 1,5L",Baby Soft,16.5,14.9,0.0,2025-04-25
32659,Higiene e perfumaria,Desodorantes,Desodorante Aerossol Dove Men+Care Frasco com 200ml,Dove,21.99,20.99,0.0,2025-04-25
32932,Higiene e perfumaria,Desodorantes,Desodorante Aerossol Nivea Men Deep carvão Frasco com 150ml,Nivea,11.5,10.9,0.0,2025-04-25
32569,Higiene e perfumaria,Desodorantes,Desodorante Aerossol Bozzano Fresh Frasco com 150ml,Bozzano,6.99,6.99,0.0,2025-04-25
29864,Limpeza,Limpeza de roupas,Tira Manchas em Gel Vanish Refil com 500ml,Vanish,11.9,10.9,0.0,2025-04-25
14304,Mercearia,Salgadinhos e snacks,Salgadinho Batata Pringles Creme e Cebola Tubo com 109g,Pringles,6.49,6.49,0.0,2025-04-25
5054,Frios e congelados,Margarinas e manteigas,Manteiga Aviação Com sal Pote com 200g,Aviação,14.5,13.9,0.0,2025-04-25
30248,Limpeza,Limpeza de roupas,Lava Roupas Líquido Omo Lavanda Refil com 900ml,Omo,14.29,14.29,0.0,2025-04-25
25621,Higiene e perfumaria,Papel higiênico,Papel Higiênico Personal Vip Folha dupla - 30m Pacote com 24 rolos,Personal,31.78,31.78,0.0,2025-04-25
25610,Higiene e perfumaria,Papel higiênico,Papel Higiênico Personal Vip Folha dupla - 30m Pacote com 12 rolos,Personal,15.89,15.89,0.0,2025-04-25
11516,Higiene e perfumaria,Sabonetes,Sabonete Líquido Protex Nutri protect Refil com 500ml,Protex,22.5,19.9,0.0,2025-04-25
915,Mercearia,"Cafés, chás e achocolatados",Café 3 Corações Tradicional Pacote com 500g,3 Corações,34.48,33.48,0.0,2025-04-25
924,Mercearia,"Cafés, chás e achocolatados",Café 3 Corações Tradicional - Vácuo Pacote com 500g,3 Corações,34.48,33.48,0.0,2025-04-25
3148,Mercearia,"Cafés, chás e achocolatados",Café Premium 3 Corações Estrada Real Pacote com 500g,3 Corações,34.98,33.98,0.0,2025-04-25
2588,Mercearia,"Cafés, chás e achocolatados",Café Melitta Tradicional Pouch com 500g,Melitta,34.48,33.48,0.0,2025-04-25
2584,Mercearia,"Cafés, chás e achocolatados",Café Melitta Sabor da Fazenda Vácuo Caixeta com 500g,Melitta,35.48,34.48,0.0,2025-04-25
3259,Mercearia,"Cafés, chás e achocolatados",Café Sabor da Fazenda Tradicional Pouch com 500g,Melitta,35.48,34.48,0.0,2025-04-25
20602,Higiene e perfumaria,Cabelo,Shampoo Clear Ice Cool Menthol Frasco com 400ml,Clear,19.28,18.31,0.0,2025-04-25
20562,Higiene e perfumaria,Cabelo,Shampoo Clear 2 em 1 Frasco com 400ml,Clear,19.28,18.31,0.0,2025-04-25
20745,Higiene e perfumaria,Cabelo,Shampoo Elseve Hidra Hialurônico Frasco com 400ml,Elseve,24.9,23.9,0.0,2025-04-25
33964,Bebidas,Vinhos,Vinho Argentino Trapiche Malbec Garrafa com 750ml,Trapiche,40.9,37.9,0.0,2025-04-25
37139,Bebidas,Destilados,Cachaça Salinas Tradicional Garrafa com 600ml,Salinas,41.89,39.89,0.0,2025-04-25
37130,Bebidas,Destilados,Cachaça Salinas Bálsamo Garrafa com 1L,Salinas,46.99,44.99,0.0,2025-04-25
37135,Bebidas,Destilados,Cachaça Salinas Ipê Garrafa com 700ml,Salinas,47.99,45.49,0.0,2025-04-25
16464,Mercearia,"Azeites, óleos e vinagres",Azeite de Oliva Gallo Extra virgem Vidro com 500ml,Gallo,37.9,35.9,0.0,2025-04-25
7433,Mercearia,Farinhas,Farinha de Mandioca D'Cheff Temperada Tradicional Pacote com 300g,D'Cheff,6.49,5.99,0.0,2025-04-25
17035,Mercearia,Temperos e condimentos,Orégano Kitano Sachê com 10g,Kitano,3.99,3.79,0.0,2025-04-25
5634,Mercearia,Temperos e condimentos,Ajinomoto Refil com 100g,Ajinomoto,6.99,6.29,0.0,2025-04-25
14436,Mercearia,Temperos e condimentos,Molho Shoyu Sakura Pet com 150ml,Sakura,3.99,3.59,0.0,2025-04-25
12293,Mercearia,Temperos e condimentos,Molho de Mostarda Heinz Pet com 255g,Heinz,15.99,15.49,0.0,2025-04-25
27280,Mercearia,Confeitaria,Creme de Leite Italac TP com 200g,Italac,2.69,2.69,0.0,2025-04-25
38668,Padaria e matinais,Pães e torradas,Pullman Rap 10 Original Pacote com 297g,Pullman,10.98,10.98,0.0,2025-04-25
5666,Limpeza,Limpeza de cozinha,Esponja Scotch-Brite Pacote com 4 unidades,Scotch-Brite,6.8,6.15,0.0,2025-04-25
5658,Limpeza,Limpeza de cozinha,Esponja Scotch-Brite Não Risca Pacote com 3 unidades,Scotch-Brite,8.15,7.35,0.0,2025-04-25
16022,Mercearia,Bomboniere,Chiclete Mentos Fresh Mint Unidade com 56g,Mentos,10.9,9.9,0.0,2025-04-25
34777,Limpeza,Limpeza de casa,Limpador Perfumado Concentrado Coala Cereja e Avelã Frasco com 120ml,Coala,11.5,10.5,0.0,2025-04-25
38763,Mercearia,Massas e molhos,Molho de Tomate Salsaretti Tradicional Pouch com 300g,Salsaretti,1.85,1.69,0.0,2025-05-02
13206,Mercearia,Massas e molhos,Molho de Tomate Pomarola Chef Passata Vidro com 700g,Pomarola,18.9,18.5,0.0,2025-05-02
36708,Limpeza,Limpeza de cozinha,Detergente Líquido Ypê Clear Frasco com 500ml,Ypê,2.39,2.29,0.0,2025-05-02
36732,Limpeza,Limpeza de cozinha,Detergente Líquido Ypê Neutro Frasco com 500ml,Ypê,2.39,2.29,0.0,2025-05-02
36410,Limpeza,Limpeza de cozinha,Detergente Líquido Limpol Neutro Frasco com 500ml,Limpol,2.25,2.15,0.0,2025-05-02
36362,Limpeza,Limpeza de cozinha,Detergente Líquido Limpol Coco Frasco com 500ml,Limpol,2.25,2.15,0.0,2025-05-02
28319,Higiene e perfumaria,Higiene bucal,Creme Dental Colgate Máxima Proteção Anticáries Tubo com 90g,Colgate,3.94,3.79,0.0,2025-05-02
28697,Higiene e perfumaria,Higiene bucal,Creme Dental Oral-B 1-2-3 Tubo com 70g,Oral-B,2.75,2.69,0.0,2025-05-02
28585,Higiene e perfumaria,Higiene bucal,Creme Dental Colgate Tripla Ação Original Tubo com 90g,Colgate,4.8,4.35,0.0,2025-05-02
28745,Higiene e perfumaria,Higiene bucal,Creme Dental Oral-B 4 em 1 Tubo com 70g,Oral-B,4.2,3.8,0.0,2025-05-02
12460,Bebidas,Cervejas,Cerveja Heineken Lata com 269ml,Heineken,3.99,3.99,0.0,2025-05-02
13164,Bebidas,Cervejas,Cerveja Puro Malte Spaten Lata com 269ml,Spaten,2.78,2.78,0.0,2025-05-02
13362,Bebidas,Cervejas,Cerveja Stella Artois Long neck com 330ml,Stella Artois,5.89,5.69,0.0,2025-05-02
13351,Bebidas,Cervejas,Cerveja Spaten Puro Malte Lata com 350ml,Spaten,3.78,3.78,0.0,2025-05-02
12498,Bebidas,Cervejas,Cerveja Heineken Zero Long neck com 330ml,Heineken,5.95,5.95,0.0,2025-05-02
12490,Bebidas,Cervejas,Cerveja Heineken Zero Lata com 269ml,Heineken,3.99,3.99,0.0,2025-05-02
12880,Bebidas,Cervejas,Cerveja Patagonia Amber Lager Lata com 350ml,Patagonia,5.79,5.59,0.0,2025-05-02
1187,Mercearia,Massas e molhos,Macarrão com Ovos Dona Benta Espaguete Pacote com 500g,Dona Benta,3.79,3.49,0.0,2025-05-02
1061,Mercearia,Massas e molhos,Macarrão com Ovos Adria Espaguete Pacote com 500g,Adria,3.75,3.39,0.0,2025-05-02
1203,Mercearia,Massas e molhos,Macarrão com Ovos Dona Benta Penne Pacote com 500g,Dona Benta,3.79,3.49,0.0,2025-05-02
1090,Mercearia,Massas e molhos,Macarrão com Ovos Adria Pena Pacote com 500g,Adria,3.75,3.39,0.0,2025-05-02
1065,Mercearia,Massas e molhos,Macarrão com Ovos Adria Espaguetinho Nº9 Pacote com 500g,Adria,3.75,3.39,0.0,2025-05-02
13073,Mercearia,"Cafés, chás e achocolatados",Filtro de Papel para Café Melitta Nº 103 Caixeta com 30 unidades,Melitta,4.29,3.99,0.0,2025-05-02
39240,Mercearia,Grãos,Milho para Pipoca Yoki Pacote com 400g,Yoki,5.49,5.29,0.0,2025-05-02
39238,Mercearia,Grãos,Milho para Pipoca Yoki Premium Pacote com 400g,Yoki,8.49,8.19,0.0,2025-05-02
31766,Limpeza,Limpeza de banheiro,Desinfetante Pinho Sol Original Frasco com 500ml,Pinho Sol,7.76,6.94,0.0,2025-05-02
31494,Limpeza,Limpeza de banheiro,Desinfetante Lysoform Suave Frasco com 1L,Lysoform,15.65,14.65,0.0,2025-05-02
32839,Padaria e matinais,Leites,Leite Longa Vida Piracanjuba Com tampa Integral TP com 1L,Piracanjuba,5.35,5.15,0.0,2025-05-02
30600,Mercearia,Confeitaria,Leite Condensado Moça Integral Lata com 395g,Moça,8.9,8.4,0.0,2025-05-02
32447,Padaria e matinais,Leites,Leite Longa Vida Jussara Com tampa Integral TP com 1L,Jussara,5.25,5.09,0.0,2025-05-02
3984,Bebidas,Refrigerantes,Refrigerante Coca-Cola Sem açúcar Pet com 1L,Coca-Cola,5.99,5.99,0.0,2025-05-02
38145,Bebidas,Refrigerantes,Refrigerante Coca-Cola Sem açúcar Pet com 600ml,Coca-Cola,5.29,5.19,0.0,2025-05-02
64,Mercearia,Massas e molhos,Queijo Ralado Parmesão Président Pacote com 50g,Président,5.19,4.99,0.0,2025-05-02
36611,Mercearia,Massas e molhos,Queijo Parmesão Ralado Vigor Sachê com 50g,Vigor,6.39,5.99,0.0,2025-05-02
5350,Limpeza,Limpeza de banheiro,Água Sanitária Super Candida Frasco com 2L,Super Candida,5.88,5.48,0.0,2025-05-02
22295,Padaria e matinais,Pães e torradas,Pão de Forma Pullman Tradicional Pacote com 480g,Pullman,7.48,7.48,0.0,2025-05-02
38793,Padaria e matinais,Pães e torradas,Pão de Forma Visconti Tradicional Pacote com 400g,Visconti,4.99,4.99,0.0,2025-05-02
17933,Mercearia,Chocolates,Chocolate Nestlé Crunch Unidade com 80g,Nestlé,7.39,6.99,0.0,2025-05-02
44028,Limpeza,Limpeza de casa,Removedor Suprema Tradicional Frasco com 1L,Suprema,7.99,7.29,0.0,2025-05-02
13743,Mercearia,Grãos,Arroz Camil Agulhinha - Tipo 1 Pacote com 5kg,Camil,23.5,22.9,0.0,2025-05-02
13757,Mercearia,Grãos,Arroz Camil Integral Pacote com 1kg,Camil,5.9,5.7,0.0,2025-05-02
10394,Limpeza,Limpeza de roupas,Amaciante para Roupas Concentrado Comfort Azul Frasco com 500ml,Comfort,10.49,9.9,0.0,2025-05-02
10340,Limpeza,Limpeza de roupas,Amaciante para Roupas Comfort Lavanda Refil com 900ml,Comfort,16.9,15.9,0.0,2025-05-02
10382,Limpeza,Limpeza de roupas,"Amaciante para Roupas Concentrado Baby Soft Inspiração Fascinante Frasco com 1,5L",Baby Soft,16.5,14.9,0.0,2025-05-02
32659,Higiene e perfumaria,Desodorantes,Desodorante Aerossol Dove Men+Care Frasco com 200ml,Dove,21.99,20.99,0.0,2025-05-02
32932,Higiene e perfumaria,Desodorantes,Desodorante Aerossol Nivea Men Deep carvão Frasco com 150ml,Nivea,11.5,10.9,0.0,2025-05-02
32569,Higiene e perfumaria,Desodorantes,Desodorante Aerossol Bozzano Fresh Frasco com 150ml,Bozzano,8.99,8.99,0.0,2025-05-02
29864,Limpeza,Limpeza de roupas,Tira Manchas em Gel Vanish Refil com 500ml,Vanish,11.9,10.9,0.0,2025-05-02
14304,Mercearia,Salgadinhos e snacks,Salgadinho Batata Pringles Creme e Cebola Tubo com 109g,Pringles,9.9,9.9,0.0,2025-05-02
5054,Frios e congelados,Margarinas e manteigas,Manteiga Aviação Com sal Pote com 200g,Aviação,14.5,13.9,0.0,2025-05-02
30248,Limpeza,Limpeza de roupas,Lava Roupas Líquido Omo Lavanda Refil com 900ml,Omo,13.9,13.9,0.0,2025-05-02
25621,Higiene e perfumaria,Papel higiênico,Papel Higiênico Personal Vip Folha dupla - 30m Pacote com 24 rolos,Personal,38.77,36.78,0.0,2025-05-02
25610,Higiene e perfumaria,Papel higiênico,Papel Higiênico Personal Vip Folha dupla - 30m Pacote com 12 rolos,Personal,19.39,18.39,0.0,2025-05-02
11516,Higiene e perfumaria,Sabonetes,Sabonete Líquido Protex Nutri protect Refil com 500ml,Protex,22.5,19.9,0.0,2025-05-02
915,Mercearia,"Cafés, chás e achocolatados",Café 3 Corações Tradicional Pacote com 500g,3 Corações,34.48,33.48,0.0,2025-05-02
924,Mercearia,"Cafés, chás e achocolatados",Café 3 Corações Tradicional - Vácuo Pacote com 500g,3 Corações,34.48,33.48,0.0,2025-05-02
3148,Mercearia,"Cafés, chás e achocolatados",Café Premium 3 Corações Estrada Real Pacote com 500g,3 Corações,34.98,33.98,0.0,2025-05-02
2588,Mercearia,"Cafés, chás e achocolatados",Café Melitta Tradicional Pouch com 500g,Melitta,34.48,33.48,0.0,2025-05-02
2584,Mercearia,"Cafés, chás e achocolatados",Café Melitta Sabor da Fazenda Vácuo Caixeta com 500g,Melitta,35.48,34.48,0.0,2025-05-02
3259,Mercearia,"Cafés, chás e achocolatados",Café Sabor da Fazenda Tradicional Pouch com 500g,Melitta,35.48,34.48,0.0,2025-05-02
20602,Higiene e perfumaria,Cabelo,Shampoo Clear Ice Cool Menthol Frasco com 400ml,Clear,24.75,24.75,0.0,2025-05-02
20562,Higiene e perfumaria,Cabelo,Shampoo Clear 2 em 1 Frasco com 400ml,Clear,24.75,24.75,0.0,2025-05-02
20745,Higiene e perfumaria,Cabelo,Shampoo Elseve Hidra Hialurônico Frasco com 400ml,Elseve,24.9,23.9,0.0,2025-05-02
33964,Bebidas,Vinhos,Vinho Argentino Trapiche Malbec Garrafa com 750ml,Trapiche,40.9,37.9,0.0,2025-05-02
37139,Bebidas,Destilados,Cachaça Salinas Tradicional Garrafa com 600ml,Salinas,41.89,39.89,0.0,2025-05-02
37130,Bebidas,Destilados,Cachaça Salinas Bálsamo Garrafa com 1L,Salinas,46.99,44.99,0.0,2025-05-02
37135,Bebidas,Destilados,Cachaça Salinas Ipê Garrafa com 700ml,Salinas,47.99,45.49,0.0,2025-05-02
16327,Mercearia,"Azeites, óleos e vinagres",Azeite de Oliva Andorinha Extra Virgem Vidro com 500ml,Andorinha,36.9,34.9,0.0,2025-05-02
16464,Mercearia,"Azeites, óleos e vinagres",Azeite de Oliva Gallo Extra virgem Vidro com 500ml,Gallo,37.4,35.4,0.0,2025-05-02
7433,Mercearia,Farinhas,Farinha de Mandioca D'Cheff Temperada Tradicional Pacote com 300g,D'Cheff,6.49,5.99,0.0,2025-05-02
12638,Mercearia,Temperos e condimentos,Molho de Pimenta Knorr Vermelha Pet com 150ml,Knorr,5.4,5.2,0.0,2025-05-02
26381,Mercearia,Temperos e condimentos,Ketchup Heinz Tradicional Pet com 397g,Heinz,15.99,15.49,0.0,2025-05-02
17035,Mercearia,Temperos e condimentos,Orégano Kitano Sachê com 10g,Kitano,3.99,3.79,0.0,2025-05-02
5634,Mercearia,Temperos e condimentos,Ajinomoto Refil com 100g,Ajinomoto,6.99,6.29,0.0,2025-05-02
14436,Mercearia,Temperos e condimentos,Molho Shoyu Sakura Pet com 150ml,Sakura,3.99,3.59,0.0,2025-05-02
12293,Mercearia,Temperos e condimentos,Molho de Mostarda Heinz Pet com 255g,Heinz,15.99,15.49,0.0,2025-05-02
27280,Mercearia,Confeitaria,Creme de Leite Italac TP com 200g,Italac,2.79,2.79,0.0,2025-05-02
38668,Padaria e matinais,Pães e torradas,Pullman Rap 10 Original Pacote com 297g,Pullman,10.98,10.98,0.0,2025-05-02
5666,Limpeza,Limpeza de cozinha,Esponja Scotch-Brite Pacote com 4 unidades,Scotch-Brite,6.8,6.15,0.0,2025-05-02
5658,Limpeza,Limpeza de cozinha,Esponja Scotch-Brite Não Risca Pacote com 3 unidades,Scotch-Brite,8.15,7.35,0.0,2025-05-02
16022,Mercearia,Bomboniere,Chiclete Mentos Fresh Mint Unidade com 56g,Mentos,8.9,8.9,0.0,2025-05-02
34777,Limpeza,Limpeza de casa,Limpador Perfumado Concentrado Coala Cereja e Avelã Frasco com 120ml,Coala,11.5,10.5,0.0,2025-05-02
38763,Mercearia,Massas e molhos,Molho de Tomate Salsaretti Tradicional Pouch com 300g,Salsaretti,1.95,1.85,0.0,2025-05-12
13206,Mercearia,Massas e molhos,Molho de Tomate Pomarola Chef Passata Vidro com 700g,Pomarola,18.9,18.5,0.0,2025-05-12
36708,Limpeza,Limpeza de cozinha,Detergente Líquido Ypê Clear Frasco com 500ml,Ypê,2.39,2.29,0.0,2025-05-12
36732,Limpeza,Limpeza de cozinha,Detergente Líquido Ypê Neutro Frasco com 500ml,Ypê,2.39,2.29,0.0,2025-05-12
36410,Limpeza,Limpeza de cozinha,Detergente Líquido Limpol Neutro Frasco com 500ml,Limpol,2.25,2.15,0.0,2025-05-12
36362,Limpeza,Limpeza de cozinha,Detergente Líquido Limpol Coco Frasco com 500ml,Limpol,2.25,2.15,0.0,2025-05-12
28319,Higiene e perfumaria,Higiene bucal,Creme Dental Colgate Máxima Proteção Anticáries Tubo com 90g,Colgate,3.94,3.79,0.0,2025-05-12
28697,Higiene e perfumaria,Higiene bucal,Creme Dental Oral-B 1-2-3 Tubo com 70g,Oral-B,2.75,2.69,0.0,2025-05-12
28585,Higiene e perfumaria,Higiene bucal,Creme Dental Colgate Tripla Ação Original Tubo com 90g,Colgate,4.79,4.34,0.0,2025-05-12
28745,Higiene e perfumaria,Higiene bucal,Creme Dental Oral-B 4 em 1 Tubo com 70g,Oral-B,4.2,3.8,0.0,2025-05-12
12460,Bebidas,Cervejas,Cerveja Heineken Lata com 269ml,Heineken,3.99,3.99,0.0,2025-05-12
13164,Bebidas,Cervejas,Cerveja Puro Malte Spaten Lata com 269ml,Spaten,2.69,2.69,0.0,2025-05-12
13362,Bebidas,Cervejas,Cerveja Stella Artois Long neck com 330ml,Stella Artois,5.89,5.69,0.0,2025-05-12
13351,Bebidas,Cervejas,Cerveja Spaten Puro Malte Lata com 350ml,Spaten,3.79,3.79,0.0,2025-05-12
12498,Bebidas,Cervejas,Cerveja Heineken Zero Long neck com 330ml,Heineken,6.59,6.29,0.0,2025-05-12
12880,Bebidas,Cervejas,Cerveja Patagonia Amber Lager Lata com 350ml,Patagonia,5.79,5.59,0.0,2025-05-12
1187,Mercearia,Massas e molhos,Macarrão com Ovos Dona Benta Espaguete Pacote com 500g,Dona Benta,3.79,3.49,0.0,2025-05-12
1061,Mercearia,Massas e molhos,Macarrão com Ovos Adria Espaguete Pacote com 500g,Adria,3.65,3.29,0.0,2025-05-12
1203,Mercearia,Massas e molhos,Macarrão com Ovos Dona Benta Penne Pacote com 500g,Dona Benta,3.79,3.49,0.0,2025-05-12
1065,Mercearia,Massas e molhos,Macarrão com Ovos Adria Espaguetinho Nº9 Pacote com 500g,Adria,3.65,3.29,0.0,2025-05-12
13073,Mercearia,"Cafés, chás e achocolatados",Filtro de Papel para Café Melitta Nº 103 Caixeta com 30 unidades,Melitta,4.29,3.99,0.0,2025-05-12
39240,Mercearia,Grãos,Milho para Pipoca Yoki Pacote com 400g,Yoki,3.99,3.99,0.0,2025-05-12
39238,Mercearia,Grãos,Milho para Pipoca Yoki Premium Pacote com 400g,Yoki,5.99,5.99,0.0,2025-05-12
31766,Limpeza,Limpeza de banheiro,Desinfetante Pinho Sol Original Frasco com 500ml,Pinho Sol,7.76,6.94,0.0,2025-05-12
31494,Limpeza,Limpeza de banheiro,Desinfetante Lysoform Suave Frasco com 1L,Lysoform,15.65,14.65,0.0,2025-05-12
32839,Padaria e matinais,Leites,Leite Longa Vida Piracanjuba Com tampa Integral TP com 1L,Piracanjuba,5.35,5.15,0.0,2025-05-12
30600,Mercearia,Confeitaria,Leite Condensado Moça Integral Lata com 395g,Moça,8.85,8.39,0.0,2025-05-12
32447,Padaria e matinais,Leites,Leite Longa Vida Jussara Com tampa Integral TP com 1L,Jussara,5.25,5.09,0.0,2025-05-12
32452,Padaria e matinais,Leites,Leite Longa Vida Jussara Com tampa Semidesnatado TP com 1L,Jussara,5.15,5.15,0.0,2025-05-12
3984,Bebidas,Refrigerantes,Refrigerante Coca-Cola Sem açúcar Pet com 1L,Coca-Cola,4.99,4.99,0.0,2025-05-12
38145,Bebidas,Refrigerantes,Refrigerante Coca-Cola Sem açúcar Pet com 600ml,Coca-Cola,3.97,3.97,0.0,2025-05-12
64,Mercearia,Massas e molhos,Queijo Ralado Parmesão Président Pacote com 50g,Président,5.19,4.99,0.0,2025-05-12
36611,Mercearia,Massas e molhos,Queijo Parmesão Ralado Vigor Sachê com 50g,Vigor,6.39,5.99,0.0,2025-05-12
5350,Limpeza,Limpeza de banheiro,Água Sanitária Super Candida Frasco com 2L,Super Candida,5.88,5.48,0.0,2025-05-12
17933,Mercearia,Chocolates,Chocolate Nestlé Crunch Unidade com 80g,Nestlé,6.79,6.79,0.0,2025-05-12
44028,Limpeza,Limpeza de casa,Removedor Suprema Tradicional Frasco com 1L,Suprema,8.99,8.29,0.0,2025-05-12
10394,Limpeza,Limpeza de roupas,Amaciante para Roupas Concentrado Comfort Azul Frasco com 500ml,Comfort,10.49,9.9,0.0,2025-05-12
10340,Limpeza,Limpeza de roupas,Amaciante para Roupas Comfort Lavanda Refil com 900ml,Comfort,16.9,15.9,0.0,2025-05-12
10382,Limpeza,Limpeza de roupas,"Amaciante para Roupas Concentrado Baby Soft Inspiração Fascinante Frasco com 1,5L",Baby Soft,16.5,14.9,0.0,2025-05-12
32659,Higiene e perfumaria,Desodorantes,Desodorante Aerossol Dove Men+Care Frasco com 200ml,Dove,22.9,21.9,0.0,2025-05-12
32932,Higiene e perfumaria,Desodorantes,Desodorante Aerossol Nivea Men Deep carvão Frasco com 150ml,Nivea,11.5,10.9,0.0,2025-05-12
32569,Higiene e perfumaria,Desodorantes,Desodorante Aerossol Bozzano Fresh Frasco com 150ml,Bozzano,10.9,10.4,0.0,2025-05-12
29864,Limpeza,Limpeza de roupas,Tira Manchas em Gel Vanish Refil com 500ml,Vanish,9.8,9.8,0.0,2025-05-12
14304,Mercearia,Salgadinhos e snacks,Salgadinho Batata Pringles Creme e Cebola Tubo com 109g,Pringles,9.9,9.9,0.0,2025-05-12
5057,Frios e congelados,Margarinas e manteigas,Manteiga Aviação Com sal Pote com 500g,Aviação,31.9,29.9,0.0,2025-05-12
5054,Frios e congelados,Margarinas e manteigas,Manteiga Aviação Com sal Pote com 200g,Aviação,14.5,13.9,0.0,2025-05-12
30248,Limpeza,Limpeza de roupas,Lava Roupas Líquido Omo Lavanda Refil com 900ml,Omo,13.9,13.9,0.0,2025-05-12
25621,Higiene e perfumaria,Papel higiênico,Papel Higiênico Personal Vip Folha dupla - 30m Pacote com 24 rolos,Personal,38.78,36.78,0.0,2025-05-12
25610,Higiene e perfumaria,Papel higiênico,Papel Higiênico Personal Vip Folha dupla - 30m Pacote com 12 rolos,Personal,19.39,18.4,0.0,2025-05-12
11516,Higiene e perfumaria,Sabonetes,Sabonete Líquido Protex Nutri protect Refil com 500ml,Protex,22.5,19.9,0.0,2025-05-12
915,Mercearia,"Cafés, chás e achocolatados",Café 3 Corações Tradicional Pacote com 500g,3 Corações,37.98,36.98,0.0,2025-05-12
924,Mercearia,"Cafés, chás e achocolatados",Café 3 Corações Tradicional - Vácuo Pacote com 500g,3 Corações,37.98,36.98,0.0,2025-05-12
2588,Mercearia,"Cafés, chás e achocolatados",Café Melitta Tradicional Pouch com 500g,Melitta,34.98,33.98,0.0,2025-05-12
3148,Mercearia,"Cafés, chás e achocolatados",Café Premium 3 Corações Estrada Real Pacote com 500g,3 Corações,34.98,33.98,0.0,2025-05-12
2584,Mercearia,"Cafés, chás e achocolatados",Café Melitta Sabor da Fazenda Vácuo Caixeta com 500g,Melitta,36.98,35.98,0.0,2025-05-12
3259,Mercearia,"Cafés, chás e achocolatados",Café Sabor da Fazenda Tradicional Pouch com 500g,Melitta,36.98,35.98,0.0,2025-05-12
20602,Higiene e perfumaria,Cabelo,Shampoo Clear Ice Cool Menthol Frasco com 400ml,Clear,26.31,25.08,0.0,2025-05-12
20562,Higiene e perfumaria,Cabelo,Shampoo Clear 2 em 1 Frasco com 400ml,Clear,26.31,25.08,0.0,2025-05-12
20745,Higiene e perfumaria,Cabelo,Shampoo Elseve Hidra Hialurônico Frasco com 400ml,Elseve,24.9,23.9,0.0,2025-05-12
33964,Bebidas,Vinhos,Vinho Argentino Trapiche Malbec Garrafa com 750ml,Trapiche,40.9,37.9,0.0,2025-05-12
37139,Bebidas,Destilados,Cachaça Salinas Tradicional Garrafa com 600ml,Salinas,41.89,39.89,0.0,2025-05-12
37130,Bebidas,Destilados,Cachaça Salinas Bálsamo Garrafa com 1L,Salinas,46.99,44.99,0.0,2025-05-12
37135,Bebidas,Destilados,Cachaça Salinas Ipê Garrafa com 700ml,Salinas,47.99,45.49,0.0,2025-05-12
16327,Mercearia,"Azeites, óleos e vinagres",Azeite de Oliva Andorinha Extra Virgem Vidro com 500ml,Andorinha,36.4,34.4,0.0,2025-05-12
16464,Mercearia,"Azeites, óleos e vinagres",Azeite de Oliva Gallo Extra virgem Vidro com 500ml,Gallo,37.4,35.4,0.0,2025-05-12
12638,Mercearia,Temperos e condimentos,Molho de Pimenta Knorr Vermelha Pet com 150ml,Knorr,5.4,5.2,0.0,2025-05-12
26381,Mercearia,Temperos e condimentos,Ketchup Heinz Tradicional Pet com 397g,Heinz,15.99,15.49,0.0,2025-05-12
17035,Mercearia,Temperos e condimentos,Orégano Kitano Sachê com 10g,Kitano,3.99,3.79,0.0,2025-05-12
5634,Mercearia,Temperos e condimentos,Ajinomoto Refil com 100g,Ajinomoto,6.99,6.29,0.0,2025-05-12
14436,Mercearia,Temperos e condimentos,Molho Shoyu Sakura Pet com 150ml,Sakura,3.99,3.59,0.0,2025-05-12
27280,Mercearia,Confeitaria,Creme de Leite Italac TP com 200g,Italac,2.79,2.79,0.0,2025-05-12
38668,Padaria e matinais,Pães e torradas,Pullman Rap 10 Original Pacote com 297g,Pullman,10.98,10.98,0.0,2025-05-12
5666,Limpeza,Limpeza de cozinha,Esponja Scotch-Brite Pacote com 4 unidades,Scotch-Brite,6.8,6.15,0.0,2025-05-12
5658,Limpeza,Limpeza de cozinha,Esponja Scotch-Brite Não Risca Pacote com 3 unidades,Scotch-Brite,8.15,7.35,0.0,2025-05-12
16022,Mercearia,Bomboniere,Chiclete Mentos Fresh Mint Unidade com 56g,Mentos,8.89,8.89,0.0,2025-05-12
34777,Limpeza,Limpeza de casa,Limpador Perfumado Concentrado Coala Cereja e Avelã Frasco com 120ml,Coala,11.5,10.5,0.0,2025-05-12
38763,Mercearia,Massas e molhos,Molho de Tomate Salsaretti Tradicional Pouch com 300g,Salsaretti,1.95,1.85,0.0,2025-05-16
36708,Limpeza,Limpeza de cozinha,Detergente Líquido Ypê Clear Frasco com 500ml,Ypê,2.39,2.29,0.0,2025-05-16
36732,Limpeza,Limpeza de cozinha,Detergente Líquido Ypê Neutro Frasco com 500ml,Ypê,2.39,2.29,0.0,2025-05-16
36410,Limpeza,Limpeza de cozinha,Detergente Líquido Limpol Neutro Frasco com 500ml,Limpol,2.25,2.15,0.0,2025-05-16
36362,Limpeza,Limpeza de cozinha,Detergente Líquido Limpol Coco Frasco com 500ml,Limpol,2.25,2.15,0.0,2025-05-16
28319,Higiene e perfumaria,Higiene bucal,Creme Dental Colgate Máxima Proteção Anticáries Tubo com 90g,Colgate,3.94,3.79,0.0,2025-05-16
28697,Higiene e perfumaria,Higiene bucal,Creme Dental Oral-B 1-2-3 Tubo com 70g,Oral-B,2.75,2.69,0.0,2025-05-16
28585,Higiene e perfumaria,Higiene bucal,Creme Dental Colgate Tripla Ação Original Tubo com 90g,Colgate,4.79,4.34,0.0,2025-05-16
28745,Higiene e perfumaria,Higiene bucal,Creme Dental Oral-B 4 em 1 Tubo com 70g,Oral-B,3.18,3.18,0.0,2025-05-16
12460,Bebidas,Cervejas,Cerveja Heineken Lata com 269ml,Heineken,3.29,3.29,0.0,2025-05-16
13164,Bebidas,Cervejas,Cerveja Puro Malte Spaten Lata com 269ml,Spaten,2.59,2.59,0.0,2025-05-16
12498,Bebidas,Cervejas,Cerveja Heineken Zero Long neck com 330ml,Heineken,6.59,6.29,0.0,2025-05-16
13362,Bebidas,Cervejas,Cerveja Stella Artois Long neck com 330ml,Stella Artois,5.89,5.69,0.0,2025-05-16
13351,Bebidas,Cervejas,Cerveja Spaten Puro Malte Lata com 350ml,Spaten,3.79,3.79,0.0,2025-05-16
12880,Bebidas,Cervejas,Cerveja Patagonia Amber Lager Lata com 350ml,Patagonia,5.79,5.59,0.0,2025-05-16
1187,Mercearia,Massas e molhos,Macarrão com Ovos Dona Benta Espaguete Pacote com 500g,Dona Benta,3.79,3.49,0.0,2025-05-16
1061,Mercearia,Massas e molhos,Macarrão com Ovos Adria Espaguete Pacote com 500g,Adria,3.65,3.29,0.0,2025-05-16
1203,Mercearia,Massas e molhos,Macarrão com Ovos Dona Benta Penne Pacote com 500g,Dona Benta,3.79,3.49,0.0,2025-05-16
1065,Mercearia,Massas e molhos,Macarrão com Ovos Adria Espaguetinho Nº9 Pacote com 500g,Adria,3.65,3.29,0.0,2025-05-16
13073,Mercearia,"Cafés, chás e achocolatados",Filtro de Papel para Café Melitta Nº 103 Caixeta com 30 unidades,Melitta,4.29,3.99,0.0,2025-05-16
39240,Mercearia,Grãos,Milho para Pipoca Yoki Pacote com 400g,Yoki,3.99,3.99,0.0,2025-05-16
39238,Mercearia,Grãos,Milho para Pipoca Yoki Premium Pacote com 400g,Yoki,5.99,5.99,0.0,2025-05-16
31766,Limpeza,Limpeza de banheiro,Desinfetante Pinho Sol Original Frasco com 500ml,Pinho Sol,7.76,6.94,0.0,2025-05-16
31494,Limpeza,Limpeza de banheiro,Desinfetante Lysoform Suave Frasco com 1L,Lysoform,15.65,14.65,0.0,2025-05-16
32839,Padaria e matinais,Leites,Leite Longa Vida Piracanjuba Com tampa Integral TP com 1L,Piracanjuba,5.35,5.15,0.0,2025-05-16
30600,Mercearia,Confeitaria,Leite Condensado Moça Integral Lata com 395g,Moça,7.49,7.49,0.0,2025-05-16
32447,Padaria e matinais,Leites,Leite Longa Vida Jussara Com tampa Integral TP com 1L,Jussara,5.39,5.19,0.0,2025-05-16
32452,Padaria e matinais,Leites,Leite Longa Vida Jussara Com tampa Semidesnatado TP com 1L,Jussara,4.29,4.29,0.0,2025-05-16
3984,Bebidas,Refrigerantes,Refrigerante Coca-Cola Sem açúcar Pet com 1L,Coca-Cola,4.99,4.99,0.0,2025-05-16
64,Mercearia,Massas e molhos,Queijo Ralado Parmesão Président Pacote com 50g,Président,5.19,4.99,0.0,2025-05-16
36611,Mercearia,Massas e molhos,Queijo Parmesão Ralado Vigor Sachê com 50g,Vigor,5.69,5.69,0.0,2025-05-16
5350,Limpeza,Limpeza de banheiro,Água Sanitária Super Candida Frasco com 2L,Super Candida,5.88,5.48,0.0,2025-05-16
22295,Padaria e matinais,Pães e torradas,Pão de Forma Pullman Tradicional Pacote com 480g,Pullman,7.98,7.98,0.0,2025-05-16
17933,Mercearia,Chocolates,Chocolate Nestlé Crunch Unidade com 80g,Nestlé,6.79,6.79,0.0,2025-05-16
44028,Limpeza,Limpeza de casa,Removedor Suprema Tradicional Frasco com 1L,Suprema,8.99,8.29,0.0,2025-05-16
10394,Limpeza,Limpeza de roupas,Amaciante para Roupas Concentrado Comfort Azul Frasco com 500ml,Comfort,10.49,9.9,0.0,2025-05-16
10340,Limpeza,Limpeza de roupas,Amaciante para Roupas Comfort Lavanda Refil com 900ml,Comfort,16.9,15.9,0.0,2025-05-16
10382,Limpeza,Limpeza de roupas,"Amaciante para Roupas Concentrado Baby Soft Inspiração Fascinante Frasco com 1,5L",Baby Soft,16.5,14.9,0.0,2025-05-16
32659,Higiene e perfumaria,Desodorantes,Desodorante Aerossol Dove Men+Care Frasco com 200ml,Dove,22.9,21.9,0.0,2025-05-16
32932,Higiene e perfumaria,Desodorantes,Desodorante Aerossol Nivea Men Deep carvão Frasco com 150ml,Nivea,11.5,10.9,0.0,2025-05-16
32569,Higiene e perfumaria,Desodorantes,Desodorante Aerossol Bozzano Fresh Frasco com 150ml,Bozzano,6.99,6.99,0.0,2025-05-16
29864,Limpeza,Limpeza de roupas,Tira Manchas em Gel Vanish Refil com 500ml,Vanish,11.9,10.9,0.0,2025-05-16
14304,Mercearia,Salgadinhos e snacks,Salgadinho Batata Pringles Creme e Cebola Tubo com 109g,Pringles,8.79,8.79,0.0,2025-05-16
5057,Frios e congelados,Margarinas e manteigas,Manteiga Aviação Com sal Pote com 500g,Aviação,31.9,29.9,0.0,2025-05-16
5054,Frios e congelados,Margarinas e manteigas,Manteiga Aviação Com sal Pote com 200g,Aviação,14.5,13.9,0.0,2025-05-16
30248,Limpeza,Limpeza de roupas,Lava Roupas Líquido Omo Lavanda Refil com 900ml,Omo,13.9,13.9,0.0,2025-05-16
25621,Higiene e perfumaria,Papel higiênico,Papel Higiênico Personal Vip Folha dupla - 30m Pacote com 24 rolos,Personal,33.78,33.78,0.0,2025-05-16
25610,Higiene e perfumaria,Papel higiênico,Papel Higiênico Personal Vip Folha dupla - 30m Pacote com 12 rolos,Personal,16.89,16.89,0.0,2025-05-16
11516,Higiene e perfumaria,Sabonetes,Sabonete Líquido Protex Nutri protect Refil com 500ml,Protex,22.5,19.9,0.0,2025-05-16
915,Mercearia,"Cafés, chás e achocolatados",Café 3 Corações Tradicional Pacote com 500g,3 Corações,38.48,37.48,0.0,2025-05-16
924,Mercearia,"Cafés, chás e achocolatados",Café 3 Corações Tradicional - Vácuo Pacote com 500g,3 Corações,38.48,37.48,0.0,2025-05-16
3148,Mercearia,"Cafés, chás e achocolatados",Café Premium 3 Corações Estrada Real Pacote com 500g,3 Corações,40.98,39.98,0.0,2025-05-16
2588,Mercearia,"Cafés, chás e achocolatados",Café Melitta Tradicional Pouch com 500g,Melitta,35.98,34.98,0.0,2025-05-16
2584,Mercearia,"Cafés, chás e achocolatados",Café Melitta Sabor da Fazenda Vácuo Caixeta com 500g,Melitta,37.98,36.98,0.0,2025-05-16
3259,Mercearia,"Cafés, chás e achocolatados",Café Sabor da Fazenda Tradicional Pouch com 500g,Melitta,37.98,36.98,0.0,2025-05-16
20602,Higiene e perfumaria,Cabelo,Shampoo Clear Ice Cool Menthol Frasco com 400ml,Clear,26.31,25.08,0.0,2025-05-16
20562,Higiene e perfumaria,Cabelo,Shampoo Clear 2 em 1 Frasco com 400ml,Clear,26.31,25.08,0.0,2025-05-16
20745,Higiene e perfumaria,Cabelo,Shampoo Elseve Hidra Hialurônico Frasco com 400ml,Elseve,24.9,23.9,0.0,2025-05-16
33964,Bebidas,Vinhos,Vinho Argentino Trapiche Malbec Garrafa com 750ml,Trapiche,40.9,37.9,0.0,2025-05-16
37139,Bebidas,Destilados,Cachaça Salinas Tradicional Garrafa com 600ml,Salinas,41.89,39.89,0.0,2025-05-16
37130,Bebidas,Destilados,Cachaça Salinas Bálsamo Garrafa com 1L,Salinas,46.99,44.99,0.0,2025-05-16
16327,Mercearia,"Azeites, óleos e vinagres",Azeite de Oliva Andorinha Extra Virgem Vidro com 500ml,Andorinha,30.49,30.49,0.0,2025-05-16
7433,Mercearia,Farinhas,Farinha de Mandioca D'Cheff Temperada Tradicional Pacote com 300g,D'Cheff,6.49,5.99,0.0,2025-05-16
12638,Mercearia,Temperos e condimentos,Molho de Pimenta Knorr Vermelha Pet com 150ml,Knorr,5.69,5.69,0.0,2025-05-16
26381,Mercearia,Temperos e condimentos,Ketchup Heinz Tradicional Pet com 397g,Heinz,12.99,12.99,0.0,2025-05-16
17035,Mercearia,Temperos e condimentos,Orégano Kitano Sachê com 10g,Kitano,3.99,3.79,0.0,2025-05-16
5634,Mercearia,Temperos e condimentos,Ajinomoto Refil com 100g,Ajinomoto,6.99,6.29,0.0,2025-05-16
14436,Mercearia,Temperos e condimentos,Molho Shoyu Sakura Pet com 150ml,Sakura,3.99,3.59,0.0,2025-05-16
12293,Mercearia,Temperos e condimentos,Molho de Mostarda Heinz Pet com 255g,Heinz,13.99,13.99,0.0,2025-05-16
27280,Mercearia,Confeitaria,Creme de Leite Italac TP com 200g,Italac,2.79,2.79,0.0,2025-05-16
38668,Padaria e matinais,Pães e torradas,Pullman Rap 10 Original Pacote com 297g,Pullman,10.98,10.98,0.0,2025-05-16
5666,Limpeza,Limpeza de cozinha,Esponja Scotch-Brite Pacote com 4 unidades,Scotch-Brite,6.59,5.99,0.0,2025-05-16
5658,Limpeza,Limpeza de cozinha,Esponja Scotch-Brite Não Risca Pacote com 3 unidades,Scotch-Brite,8.15,7.35,0.0,2025-05-16
16022,Mercearia,Bomboniere,Chiclete Mentos Fresh Mint Unidade com 56g,Mentos,8.89,8.89,0.0,2025-05-16
34777,Limpeza,Limpeza de casa,Limpador Perfumado Concentrado Coala Cereja e Avelã Frasco com 120ml,Coala,11.5,10.5,0.0,2025-05-16
12969,Mercearia,Massas e molhos,Molho de Tomate Heinz Tradicional Pouch com 300g,Heinz,3.59,3.48,0.22,2024-07-26
38763,Mercearia,Massas e molhos,Molho de Tomate Salsaretti Tradicional Pouch com 300g,Salsaretti,1.79,1.62,0.11,2024-07-26
13480,Mercearia,Massas e molhos,Molho de Tomate Salsaretti Passata Rústica Vidro com 680g,Salsaretti,12.99,12.49,0.78,2024-07-26
13206,Mercearia,Massas e molhos,Molho de Tomate Pomarola Chef Passata Vidro com 700g,Pomarola,18.9,18.3,1.13,2024-07-26
12942,Mercearia,Massas e molhos,Molho de Tomate Heinz Bolonhesa Pouch com 300g,Heinz,4.69,4.39,0.28,2024-07-26
12948,Mercearia,Massas e molhos,Molho de Tomate Heinz Manjericão Pouch com 300g,Heinz,4.69,4.29,0.28,2024-07-26
36732,Limpeza,Limpeza de cozinha,Detergente Líquido Ypê Neutro Frasco com 500ml,Ypê,2.39,2.19,0.14,2024-07-26
36708,Limpeza,Limpeza de cozinha,Detergente Líquido Ypê Clear Frasco com 500ml,Ypê,2.39,2.19,0.14,2024-07-26
36410,Limpeza,Limpeza de cozinha,Detergente Líquido Limpol Neutro Frasco com 500ml,Limpol,2.15,1.95,0.13,2024-07-26
36362,Limpeza,Limpeza de cozinha,Detergente Líquido Limpol Coco Frasco com 500ml,Limpol,2.15,1.95,0.13,2024-07-26
28319,Higiene e perfumaria,Higiene bucal,Creme Dental Colgate Máxima Proteção Anticáries Tubo com 90g,Colgate,3.89,3.64,0.23,2024-07-26
28585,Higiene e perfumaria,Higiene bucal,Creme Dental Colgate Tripla Ação Original Tubo com 90g,Colgate,4.44,4.14,0.27,2024-07-26
28697,Higiene e perfumaria,Higiene bucal,Creme Dental Oral-B 1-2-3 Tubo com 70g,Oral-B,2.15,2.15,0.13,2024-07-26
28745,Higiene e perfumaria,Higiene bucal,Creme Dental Oral-B 4 em 1 Tubo com 70g,Oral-B,2.76,2.76,0.17,2024-07-26
12460,Bebidas,Cervejas,Cerveja Heineken Lata com 269ml,Heineken,3.48,3.48,0.21,2024-07-26
13351,Bebidas,Cervejas,Cerveja Spaten Puro Malte Lata com 350ml,Spaten,4.35,4.25,0.26,2024-07-26
13362,Bebidas,Cervejas,Cerveja Stella Artois Long neck com 330ml,Stella Artois,3.99,3.8,0.24,2024-07-26
12498,Bebidas,Cervejas,Cerveja Heineken Zero Long neck com 330ml,Heineken,5.78,5.78,0.35,2024-07-26
13164,Bebidas,Cervejas,Cerveja Puro Malte Spaten Lata com 269ml,Spaten,3.09,2.99,0.19,2024-07-26
13356,Bebidas,Cervejas,Cerveja Spaten Puro Malte Long Neck com 355ml,Spaten,5.49,5.29,0.33,2024-07-26
12490,Bebidas,Cervejas,Cerveja Heineken Zero Lata com 269ml,Heineken,3.99,3.99,0.24,2024-07-26
12389,Bebidas,Cervejas,Cerveja Estrella Galicia Lata com 350ml,Estrella Galicia,4.79,4.69,0.29,2024-07-26
12880,Bebidas,Cervejas,Cerveja Patagonia Amber Lager Lata com 350ml,Patagonia,5.69,5.49,0.34,2024-07-26
12385,Bebidas,Cervejas,Cerveja Estrella Galicia Lata com 269ml,Estrella Galicia,3.49,3.19,0.21,2024-07-26
1187,Mercearia,Massas e molhos,Macarrão com Ovos Dona Benta Espaguete Pacote com 500g,Dona Benta,3.69,3.29,0.22,2024-07-26
1061,Mercearia,Massas e molhos,Macarrão com Ovos Adria Espaguete Pacote com 500g,Adria,3.25,2.95,0.2,2024-07-26
1203,Mercearia,Massas e molhos,Macarrão com Ovos Dona Benta Penne Pacote com 500g,Dona Benta,3.69,3.29,0.22,2024-07-26
1433,Mercearia,Massas e molhos,Macarrão com Ovos Renata Espaguete Pacote com 500g,Renata,3.79,3.49,0.23,2024-07-26
1090,Mercearia,Massas e molhos,Macarrão com Ovos Adria Pena Pacote com 500g,Adria,3.25,2.95,0.2,2024-07-26
1065,Mercearia,Massas e molhos,Macarrão com Ovos Adria Espaguetinho Nº9 Pacote com 500g,Adria,3.25,2.95,0.2,2024-07-26
1442,Mercearia,Massas e molhos,Macarrão com Ovos Renata Pena Pacote com 500g,Renata,3.79,3.49,0.23,2024-07-26
13073,Mercearia,"Cafés, chás e achocolatados",Filtro de Papel para Café Melitta Nº 103 Caixeta com 30 unidades,Melitta,3.69,3.49,0.22,2024-07-26
39240,Mercearia,Grãos,Milho para Pipoca Yoki Pacote com 400g,Yoki,3.99,3.99,0.24,2024-07-26
39238,Mercearia,Grãos,Milho para Pipoca Yoki Premium Pacote com 400g,Yoki,8.49,7.99,0.51,2024-07-26
31766,Limpeza,Limpeza de banheiro,Desinfetante Pinho Sol Original Frasco com 500ml,Pinho Sol,6.9,6.9,0.41,2024-07-26
38161,Limpeza,Limpeza de banheiro,Desinfetante Pinho Bril Plus Frasco com 500ml,Pinho Bril,4.49,4.29,0.27,2024-07-26
31494,Limpeza,Limpeza de banheiro,Desinfetante Lysoform Suave Frasco com 1L,Lysoform,14.65,13.25,0.88,2024-07-26
30600,Mercearia,Confeitaria,Leite Condensado Moça Integral Lata com 395g,Nestlé,8.54,7.88,0.51,2024-07-26
32839,Padaria e matinais,Leites,Leite Longa Vida Piracanjuba Com tampa Integral TP com 1L,Piracanjuba,5.49,5.29,0.33,2024-07-26
32447,Padaria e matinais,Leites,Leite Longa Vida Jussara Com tampa Integral TP com 1L,Jussara,5.25,4.99,0.32,2024-07-26
32452,Padaria e matinais,Leites,Leite Longa Vida Jussara Com tampa Semidesnatado TP com 1L,Jussara,4.79,4.79,0.29,2024-07-26
32828,Padaria e matinais,Leites,Leite Longa Vida Piracanjuba A2 Semidesnatado TP com 1L,Piracanjuba,5.59,5.59,0.34,2024-07-26
27280,Mercearia,Confeitaria,Creme de Leite Italac TP com 200g,Italac,3.19,2.99,0.19,2024-07-26
3984,Bebidas,Refrigerantes,Refrigerante Coca-Cola Sem açúcar Pet com 1L,Coca-Cola,4.75,4.75,0.29,2024-07-26
38145,Bebidas,Refrigerantes,Refrigerante Coca-Cola Sem açúcar Pet com 600ml,Coca-Cola,4.99,4.79,0.3,2024-07-26
64,Mercearia,Massas e molhos,Queijo Ralado Parmesão Président Pacote com 50g,Président,5.2,4.79,0.31,2024-07-26
36611,Mercearia,Massas e molhos,Queijo Parmesão Ralado Vigor Sachê com 50g,Vigor,4.99,4.99,0.3,2024-07-26
5350,Limpeza,Limpeza de banheiro,Água Sanitária Super Candida Frasco com 2L,Super Candida,5.49,4.95,0.33,2024-07-26
22295,Padaria e matinais,Pães e torradas,Pão de Forma Pullman Tradicional Pacote com 480g,Pullman,5.95,5.95,0.36,2024-07-26
38793,Padaria e matinais,Pães e torradas,Pão de Forma Visconti Tradicional Pacote com 400g,Visconti,4.89,4.89,0.29,2024-07-26
17933,Mercearia,Chocolates,Chocolate Nestlé Crunch Unidade com 80g,Nestlé,5.99,5.49,0.36,2024-07-26
44028,Limpeza,Limpeza de casa,Removedor Suprema Tradicional Frasco com 1L,Suprema,6.45,5.95,0.39,2024-07-26
13743,Mercearia,Grãos,Arroz Camil Agulhinha - Tipo 1 Pacote com 5kg,Camil,29.2,28.5,1.75,2024-07-26
13757,Mercearia,Grãos,Arroz Camil Integral Pacote com 1kg,Camil,6.5,6.3,0.39,2024-07-26
9742,Mercearia,Grãos,Feijão Carioca Camil Tipo 1 Pacote com 1kg,Camil,6.7,6.5,0.4,2024-07-26
10394,Limpeza,Limpeza de roupas,Amaciante para Roupas Concentrado Comfort Azul Frasco com 500ml,Comfort,8.99,8.29,0.54,2024-07-26
10340,Limpeza,Limpeza de roupas,Amaciante para Roupas Comfort Lavanda Refil com 900ml,Comfort,14.99,13.99,0.9,2024-07-26
10382,Limpeza,Limpeza de roupas,"Amaciante para Roupas Concentrado Baby Soft Inspiração Fascinante Frasco com 1,5L",Baby Soft,14.5,12.9,0.87,2024-07-26
32659,Higiene e perfumaria,Desodorantes,Desodorante Aerossol Dove Men+Care Frasco com 200ml,Dove,19.9,18.9,1.19,2024-07-26
32932,Higiene e perfumaria,Desodorantes,Desodorante Aerossol Nivea Men Deep carvão Frasco com 150ml,Nivea,12.5,11.9,0.75,2024-07-26
32569,Higiene e perfumaria,Desodorantes,Desodorante Aerossol Bozzano Fresh Frasco com 150ml,Bozzano,8.99,8.99,0.54,2024-07-26
29864,Limpeza,Limpeza de roupas,Tira Manchas em Gel Vanish Refil com 500ml,Vanish,11.4,10.3,0.68,2024-07-26
28483,Limpeza,Limpeza de roupas,Kit Tira Manchas Semorin Grátis 1 Sabão de Coco,Semorin,19.95,19.95,1.2,2024-07-26
14304,Mercearia,Salgadinhos e snacks,Salgadinho Batata Pringles Creme e Cebola Tubo com 109g,Pringles,9.99,9.99,0.6,2024-07-26
5057,Frios e congelados,Margarinas e manteigas,Manteiga Aviação Com sal Pote com 500g,Aviação,32.9,30.9,1.97,2024-07-26
5054,Frios e congelados,Margarinas e manteigas,Manteiga Aviação Com sal Pote com 200g,Aviação,14.5,13.9,0.87,2024-07-26
30248,Limpeza,Limpeza de roupas,Lava Roupas Líquido Omo Lavanda Refil com 900ml,Omo,11.9,11.9,0.71,2024-07-26
9235,Limpeza,Limpeza de roupas,Sabão em Barra Ypê Toque de Aveia e Coco Pacote com 5x180g,Ypê,14.9,13.9,0.89,2024-07-26
41949,Limpeza,Limpeza de roupas,Sabão em Barra Glicerinado Ypê Fresh Pacote com 900g,Ypê,14.89,13.89,0.89,2024-07-26
36732,Limpeza,Limpeza de cozinha,Detergente Líquido Ypê Neutro Frasco com 500ml,Ypê,2.39,2.19,0.14,2024-07-26
36708,Limpeza,Limpeza de cozinha,Detergente Líquido Ypê Clear Frasco com 500ml,Ypê,2.39,2.19,0.14,2024-07-26
36410,Limpeza,Limpeza de cozinha,Detergente Líquido Limpol Neutro Frasco com 500ml,Limpol,2.15,1.95,0.13,2024-07-26
36362,Limpeza,Limpeza de cozinha,Detergente Líquido Limpol Coco Frasco com 500ml,Limpol,2.15,1.95,0.13,2024-07-26
30248,Limpeza,Limpeza de roupas,Lava Roupas Líquido Omo Lavanda Refil com 900ml,Omo,11.9,11.9,0.71,2024-07-26
28483,Limpeza,Limpeza de roupas,Kit Tira Manchas Semorin Grátis 1 Sabão de Coco,Semorin,19.95,19.95,1.2,2024-07-26
25610,Higiene e perfumaria,Papel higiênico,Papel Higiênico Personal Vip Folha dupla - 30m Pacote com 12 rolos,Personal,16.49,16.49,0.99,2024-07-26
25621,Higiene e perfumaria,Papel higiênico,Papel Higiênico Personal Vip Folha dupla - 30m Pacote com 24 rolos,Personal,32.98,32.98,1.98,2024-07-26
915,Mercearia,"Cafés, chás e achocolatados",Café 3 Corações Tradicional Pacote com 500g,3 Corações,19.48,18.68,1.17,2024-07-26
924,Mercearia,"Cafés, chás e achocolatados",Café 3 Corações Tradicional - Vácuo Pacote com 500g,3 Corações,19.48,18.68,1.17,2024-07-26
2584,Mercearia,"Cafés, chás e achocolatados",Café Melitta Sabor da Fazenda Vácuo Caixeta com 500g,Melitta,22.98,21.98,1.38,2024-07-26
3148,Mercearia,"Cafés, chás e achocolatados",Café Premium 3 Corações Estrada Real Pacote com 500g,3 Corações,24.98,23.98,1.5,2024-07-26
2588,Mercearia,"Cafés, chás e achocolatados",Café Melitta Tradicional Pouch com 500g,Melitta,18.58,17.68,1.11,2024-07-26
3259,Mercearia,"Cafés, chás e achocolatados",Café Sabor da Fazenda Tradicional Pouch com 500g,Melitta,22.98,21.98,1.38,2024-07-26
20602,Higiene e perfumaria,Cabelo,Shampoo Clear Ice Cool Menthol Frasco com 400ml,Clear,23.99,22.99,1.44,2024-07-26
20562,Higiene e perfumaria,Cabelo,Shampoo Clear 2 em 1 Frasco com 400ml,Clear,23.99,22.99,1.44,2024-07-26
20745,Higiene e perfumaria,Cabelo,Shampoo Elseve Hidra Hialurônico Frasco com 400ml,Elseve,26.99,25.5,1.62,2024-07-26
33807,Bebidas,Vinhos,Vinho Argentino Concha Y Toro Malbec Garrafa com 750ml,Concha Y Toro,29.8,24.8,1.79,2024-07-26
34190,Bebidas,Vinhos,Vinho Chileno Casillero del Diablo Malbec Garrafa com 750ml,Casillero del Diablo,56.9,47.01,3.41,2024-07-26
33989,Bebidas,Vinhos,Vinho Aurora Merlot Garrafa com 750ml,Aurora,33.9,29.9,2.03,2024-07-26
33964,Bebidas,Vinhos,Vinho Argentino Trapiche Malbec Garrafa com 750ml,Trapiche,31.9,31.9,1.91,2024-07-26
35964,Bebidas,Vinhos,Vinho Reserva Aurora Merlot Garrafa com 750ml,Aurora,38.9,36.9,2.33,2024-07-26
37135,Bebidas,Destilados,Cachaça Salinas Ipê Garrafa com 700ml,Salinas,44.89,42.69,2.69,2024-07-26
37130,Bebidas,Destilados,Cachaça Salinas Bálsamo Garrafa com 1L,Salinas,39.29,37.29,2.36,2024-07-26
16327,Mercearia,"Azeites, óleos e vinagres",Azeite de Oliva Andorinha Extra Virgem Vidro com 500ml,Andorinha,44.9,42.9,2.69,2024-07-26
16464,Mercearia,"Azeites, óleos e vinagres",Azeite de Oliva Gallo Extra virgem Vidro com 500ml,Gallo,45.9,43.9,2.75,2024-07-26
39643,Mercearia,"Azeites, óleos e vinagres",Azeite de Oliva Deleyda Extra Virgem Premium Vidro com 500ml,Deleyda,59.9,56.9,3.59,2024-07-26
32839,Padaria e matinais,Leites,Leite Longa Vida Piracanjuba Com tampa Integral TP com 1L,Piracanjuba,5.49,5.29,0.33,2024-07-26
32447,Padaria e matinais,Leites,Leite Longa Vida Jussara Com tampa Integral TP com 1L,Jussara,5.25,4.99,0.32,2024-07-26
32452,Padaria e matinais,Leites,Leite Longa Vida Jussara Com tampa Semidesnatado TP com 1L,Jussara,4.79,4.79,0.29,2024-07-26
7433,Mercearia,Farinhas,Farinha de Mandioca D'Cheff Temperada Tradicional Pacote com 300g,D'Cheff,6.49,5.99,0.39,2024-07-26
12638,Mercearia,Temperos e condimentos,Molho de Pimenta Knorr Vermelha Pet com 150ml,Knorr,5.4,5.2,0.32,2024-07-26
28585,Higiene e perfumaria,Higiene bucal,Creme Dental Colgate Tripla Ação Original Tubo com 90g,Colgate,4.44,4.14,0.27,2024-07-26
26381,Mercearia,Temperos e condimentos,Ketchup Heinz Tradicional Pet com 397g,Heinz,14.19,13.99,0.85,2024-07-26
17035,Mercearia,Temperos e condimentos,Orégano Kitano Sachê com 10g,Kitano,3.89,3.69,0.23,2024-07-26
19822,Bebidas,Destilados,Gin Seagers Garrafa com 1L,Seagers,44.89,42.89,2.69,2024-07-26
5634,Mercearia,Temperos e condimentos,Ajinomoto Refil com 100g,Ajinomoto,6.99,6.49,0.42,2024-07-26
14436,Mercearia,Temperos e condimentos,Molho Shoyu Sakura Pet com 150ml,Sakura,3.09,2.99,0.19,2024-07-26
12293,Mercearia,Temperos e condimentos,Molho de Mostarda Heinz Pet com 255g,Heinz,16.49,15.49,0.99,2024-07-26
12319,Mercearia,Temperos e condimentos,Molho de Mostarda Hemmer Dijon Pet com 200g,Hemmer,13.98,13.19,0.84,2024-07-26
27280,Mercearia,Confeitaria,Creme de Leite Italac TP com 200g,Italac,3.19,2.99,0.19,2024-07-26
38668,Padaria e matinais,Pães e torradas,Pullman Rap 10 Original Pacote com 297g,Pullman,8.48,8.48,0.51,2024-07-26
5666,Limpeza,Limpeza de cozinha,Esponja Scotch-Brite Pacote com 4 unidades,Scotch-Brite,4.79,4.39,0.29,2024-07-26
5658,Limpeza,Limpeza de cozinha,Esponja Scotch-Brite Não Risca Pacote com 3 unidades,Scotch-Brite,5.49,4.99,0.33,2024-07-26
16022,Mercearia,Bomboniere,Chiclete Mentos Fresh Mint Unidade com 56g,Mentos,8.49,7.9,0.51,2024-07-26
34777,Limpeza,Limpeza de casa,Limpador Perfumado Concentrado Coala Cereja e Avelã Frasco com 120ml,Coala,10.49,9.99,0.63,2024-07-26
37139,Bebidas,Destilados,Cachaça Salinas Tradicional Garrafa com 600ml,Salinas,36.49,35.49,2.19,2024-07-26
12969,Mercearia,Massas e molhos,Molho de Tomate Heinz Tradicional Pouch com 300g,Heinz,3.39,3.39,0.2,2024-08-02
38763,Mercearia,Massas e molhos,Molho de Tomate Salsaretti Tradicional Pouch com 300g,Salsaretti,1.79,1.62,0.11,2024-08-02
13480,Mercearia,Massas e molhos,Molho de Tomate Salsaretti Passata Rústica Vidro com 680g,Salsaretti,12.99,12.49,0.78,2024-08-02
13206,Mercearia,Massas e molhos,Molho de Tomate Pomarola Chef Passata Vidro com 700g,Pomarola,18.9,18.3,1.13,2024-08-02
12942,Mercearia,Massas e molhos,Molho de Tomate Heinz Bolonhesa Pouch com 300g,Heinz,4.89,4.69,0.29,2024-08-02
12948,Mercearia,Massas e molhos,Molho de Tomate Heinz Manjericão Pouch com 300g,Heinz,4.78,4.78,0.29,2024-08-02
36732,Limpeza,Limpeza de cozinha,Detergente Líquido Ypê Neutro Frasco com 500ml,Ypê,2.19,1.99,0.13,2024-08-02
36708,Limpeza,Limpeza de cozinha,Detergente Líquido Ypê Clear Frasco com 500ml,Ypê,2.19,1.99,0.13,2024-08-02
36410,Limpeza,Limpeza de cozinha,Detergente Líquido Limpol Neutro Frasco com 500ml,Limpol,2.09,1.95,0.13,2024-08-02
36362,Limpeza,Limpeza de cozinha,Detergente Líquido Limpol Coco Frasco com 500ml,Limpol,2.09,1.95,0.13,2024-08-02
28319,Higiene e perfumaria,Higiene bucal,Creme Dental Colgate Máxima Proteção Anticáries Tubo com 90g,Colgate,3.89,3.64,0.23,2024-08-02
28585,Higiene e perfumaria,Higiene bucal,Creme Dental Colgate Tripla Ação Original Tubo com 90g,Colgate,4.44,4.14,0.27,2024-08-02
28697,Higiene e perfumaria,Higiene bucal,Creme Dental Oral-B 1-2-3 Tubo com 70g,Oral-B,2.39,2.39,0.14,2024-08-02
28745,Higiene e perfumaria,Higiene bucal,Creme Dental Oral-B 4 em 1 Tubo com 70g,Oral-B,3.75,3.4,0.23,2024-08-02
12460,Bebidas,Cervejas,Cerveja Heineken Lata com 269ml,Heineken,4.09,3.99,0.25,2024-08-02
13351,Bebidas,Cervejas,Cerveja Spaten Puro Malte Lata com 350ml,Spaten,4.35,4.25,0.26,2024-08-02
13362,Bebidas,Cervejas,Cerveja Stella Artois Long neck com 330ml,Stella Artois,4.49,4.39,0.27,2024-08-02
12498,Bebidas,Cervejas,Cerveja Heineken Zero Long neck com 330ml,Heineken,5.88,5.88,0.35,2024-08-02
13164,Bebidas,Cervejas,Cerveja Puro Malte Spaten Lata com 269ml,Spaten,3.09,2.99,0.19,2024-08-02
13356,Bebidas,Cervejas,Cerveja Spaten Puro Malte Long Neck com 355ml,Spaten,5.49,5.29,0.33,2024-08-02
12490,Bebidas,Cervejas,Cerveja Heineken Zero Lata com 269ml,Heineken,3.99,3.99,0.24,2024-08-02
12389,Bebidas,Cervejas,Cerveja Estrella Galicia Lata com 350ml,Estrella Galicia,2.97,2.97,0.18,2024-08-02
12880,Bebidas,Cervejas,Cerveja Patagonia Amber Lager Lata com 350ml,Patagonia,5.69,5.49,0.34,2024-08-02
12385,Bebidas,Cervejas,Cerveja Estrella Galicia Lata com 269ml,Estrella Galicia,3.49,3.19,0.21,2024-08-02
1187,Mercearia,Massas e molhos,Macarrão com Ovos Dona Benta Espaguete Pacote com 500g,Dona Benta,2.65,2.65,0.16,2024-08-02
1061,Mercearia,Massas e molhos,Macarrão com Ovos Adria Espaguete Pacote com 500g,Adria,3.55,3.15,0.21,2024-08-02
1203,Mercearia,Massas e molhos,Macarrão com Ovos Dona Benta Penne Pacote com 500g,Dona Benta,2.65,2.65,0.16,2024-08-02
1433,Mercearia,Massas e molhos,Macarrão com Ovos Renata Espaguete Pacote com 500g,Renata,3.79,3.49,0.23,2024-08-02
1090,Mercearia,Massas e molhos,Macarrão com Ovos Adria Pena Pacote com 500g,Adria,3.55,3.15,0.21,2024-08-02
1065,Mercearia,Massas e molhos,Macarrão com Ovos Adria Espaguetinho Nº9 Pacote com 500g,Adria,3.55,3.15,0.21,2024-08-02
1442,Mercearia,Massas e molhos,Macarrão com Ovos Renata Pena Pacote com 500g,Renata,3.79,3.49,0.23,2024-08-02
13073,Mercearia,"Cafés, chás e achocolatados",Filtro de Papel para Café Melitta Nº 103 Caixeta com 30 unidades,Melitta,3.48,3.48,0.21,2024-08-02
39240,Mercearia,Grãos,Milho para Pipoca Yoki Pacote com 400g,Yoki,5.49,4.99,0.33,2024-08-02
39238,Mercearia,Grãos,Milho para Pipoca Yoki Premium Pacote com 400g,Yoki,8.49,7.99,0.51,2024-08-02
31766,Limpeza,Limpeza de banheiro,Desinfetante Pinho Sol Original Frasco com 500ml,Pinho Sol,6.9,6.9,0.41,2024-08-02
38161,Limpeza,Limpeza de banheiro,Desinfetante Pinho Bril Plus Frasco com 500ml,Pinho Bril,4.49,4.29,0.27,2024-08-02
31494,Limpeza,Limpeza de banheiro,Desinfetante Lysoform Suave Frasco com 1L,Lysoform,14.65,13.25,0.88,2024-08-02
30600,Mercearia,Confeitaria,Leite Condensado Moça Integral Lata com 395g,Nestlé,7.79,6.78,0.47,2024-08-02
32839,Padaria e matinais,Leites,Leite Longa Vida Piracanjuba Com tampa Integral TP com 1L,Piracanjuba,5.49,5.29,0.33,2024-08-02
32447,Padaria e matinais,Leites,Leite Longa Vida Jussara Com tampa Integral TP com 1L,Jussara,5.19,4.99,0.31,2024-08-02
32828,Padaria e matinais,Leites,Leite Longa Vida Piracanjuba A2 Semidesnatado TP com 1L,Piracanjuba,5.59,5.59,0.34,2024-08-02
27280,Mercearia,Confeitaria,Creme de Leite Italac TP com 200g,Italac,3.19,2.89,0.19,2024-08-02
3984,Bebidas,Refrigerantes,Refrigerante Coca-Cola Sem açúcar Pet com 1L,Coca-Cola,4.99,4.79,0.3,2024-08-02
38145,Bebidas,Refrigerantes,Refrigerante Coca-Cola Sem açúcar Pet com 600ml,Coca-Cola,4.99,4.79,0.3,2024-08-02
64,Mercearia,Massas e molhos,Queijo Ralado Parmesão Président Pacote com 50g,Président,5.2,4.79,0.31,2024-08-02
36611,Mercearia,Massas e molhos,Queijo Parmesão Ralado Vigor Sachê com 50g,Vigor,4.99,4.99,0.3,2024-08-02
5350,Limpeza,Limpeza de banheiro,Água Sanitária Super Candida Frasco com 2L,Super Candida,4.39,3.95,0.26,2024-08-02
22295,Padaria e matinais,Pães e torradas,Pão de Forma Pullman Tradicional Pacote com 480g,Pullman,6.98,6.98,0.42,2024-08-02
38793,Padaria e matinais,Pães e torradas,Pão de Forma Visconti Tradicional Pacote com 400g,Visconti,6.39,5.89,0.38,2024-08-02
44028,Limpeza,Limpeza de casa,Removedor Suprema Tradicional Frasco com 1L,Suprema,7.35,6.89,0.44,2024-08-02
13743,Mercearia,Grãos,Arroz Camil Agulhinha - Tipo 1 Pacote com 5kg,Camil,29.2,28.8,1.75,2024-08-02
13757,Mercearia,Grãos,Arroz Camil Integral Pacote com 1kg,Camil,7.2,6.98,0.43,2024-08-02
9742,Mercearia,Grãos,Feijão Carioca Camil Tipo 1 Pacote com 1kg,Camil,6.7,6.5,0.4,2024-08-02
10394,Limpeza,Limpeza de roupas,Amaciante para Roupas Concentrado Comfort Azul Frasco com 500ml,Comfort,8.99,8.29,0.54,2024-08-02
10340,Limpeza,Limpeza de roupas,Amaciante para Roupas Comfort Lavanda Refil com 900ml,Comfort,14.99,13.99,0.9,2024-08-02
10382,Limpeza,Limpeza de roupas,"Amaciante para Roupas Concentrado Baby Soft Inspiração Fascinante Frasco com 1,5L",Baby Soft,14.5,12.9,0.87,2024-08-02
32659,Higiene e perfumaria,Desodorantes,Desodorante Aerossol Dove Men+Care Frasco com 200ml,Dove,19.9,18.9,1.19,2024-08-02
32932,Higiene e perfumaria,Desodorantes,Desodorante Aerossol Nivea Men Deep carvão Frasco com 150ml,Nivea,13.15,13.15,0.79,2024-08-02
32569,Higiene e perfumaria,Desodorantes,Desodorante Aerossol Bozzano Fresh Frasco com 150ml,Bozzano,8.99,8.99,0.54,2024-08-02
29864,Limpeza,Limpeza de roupas,Tira Manchas em Gel Vanish Refil com 500ml,Vanish,11.3,10.2,0.68,2024-08-02
28483,Limpeza,Limpeza de roupas,Kit Tira Manchas Semorin Grátis 1 Sabão de Coco,Semorin,19.95,19.95,1.2,2024-08-02
14304,Mercearia,Salgadinhos e snacks,Salgadinho Batata Pringles Creme e Cebola Tubo com 109g,Pringles,9.89,8.79,0.59,2024-08-02
5057,Frios e congelados,Margarinas e manteigas,Manteiga Aviação Com sal Pote com 500g,Aviação,32.9,30.9,1.97,2024-08-02
5054,Frios e congelados,Margarinas e manteigas,Manteiga Aviação Com sal Pote com 200g,Aviação,14.5,13.9,0.87,2024-08-02
30248,Limpeza,Limpeza de roupas,Lava Roupas Líquido Omo Lavanda Refil com 900ml,Omo,13.9,12.9,0.83,2024-08-02
9235,Limpeza,Limpeza de roupas,Sabão em Barra Ypê Toque de Aveia e Coco Pacote com 5x180g,Ypê,14.9,13.9,0.89,2024-08-02
41949,Limpeza,Limpeza de roupas,Sabão em Barra Glicerinado Ypê Fresh Pacote com 900g,Ypê,14.89,13.89,0.89,2024-08-02
36732,Limpeza,Limpeza de cozinha,Detergente Líquido Ypê Neutro Frasco com 500ml,Ypê,2.19,1.99,0.13,2024-08-02
36708,Limpeza,Limpeza de cozinha,Detergente Líquido Ypê Clear Frasco com 500ml,Ypê,2.19,1.99,0.13,2024-08-02
36410,Limpeza,Limpeza de cozinha,Detergente Líquido Limpol Neutro Frasco com 500ml,Limpol,2.09,1.95,0.13,2024-08-02
36362,Limpeza,Limpeza de cozinha,Detergente Líquido Limpol Coco Frasco com 500ml,Limpol,2.09,1.95,0.13,2024-08-02
30248,Limpeza,Limpeza de roupas,Lava Roupas Líquido Omo Lavanda Refil com 900ml,Omo,13.9,12.9,0.83,2024-08-02
28483,Limpeza,Limpeza de roupas,Kit Tira Manchas Semorin Grátis 1 Sabão de Coco,Semorin,19.95,19.95,1.2,2024-08-02
25610,Higiene e perfumaria,Papel higiênico,Papel Higiênico Personal Vip Folha dupla - 30m Pacote com 12 rolos,Personal,14.25,14.25,0.86,2024-08-02
25621,Higiene e perfumaria,Papel higiênico,Papel Higiênico Personal Vip Folha dupla - 30m Pacote com 24 rolos,Personal,28.49,28.49,1.71,2024-08-02
915,Mercearia,"Cafés, chás e achocolatados",Café 3 Corações Tradicional Pacote com 500g,3 Corações,17.88,16.38,1.07,2024-08-02
924,Mercearia,"Cafés, chás e achocolatados",Café 3 Corações Tradicional - Vácuo Pacote com 500g,3 Corações,17.88,16.38,1.07,2024-08-02
2584,Mercearia,"Cafés, chás e achocolatados",Café Melitta Sabor da Fazenda Vácuo Caixeta com 500g,Melitta,20.48,19.98,1.23,2024-08-02
3148,Mercearia,"Cafés, chás e achocolatados",Café Premium 3 Corações Estrada Real Pacote com 500g,3 Corações,24.98,23.98,1.5,2024-08-02
2588,Mercearia,"Cafés, chás e achocolatados",Café Melitta Tradicional Pouch com 500g,Melitta,19.88,18.98,1.19,2024-08-02
3259,Mercearia,"Cafés, chás e achocolatados",Café Sabor da Fazenda Tradicional Pouch com 500g,Melitta,20.48,19.98,1.23,2024-08-02
20602,Higiene e perfumaria,Cabelo,Shampoo Clear Ice Cool Menthol Frasco com 400ml,Clear,23.09,21.85,1.39,2024-08-02
20562,Higiene e perfumaria,Cabelo,Shampoo Clear 2 em 1 Frasco com 400ml,Clear,23.09,21.85,1.39,2024-08-02
33807,Bebidas,Vinhos,Vinho Argentino Concha Y Toro Malbec Garrafa com 750ml,Concha Y Toro,29.8,24.8,1.79,2024-08-02
34190,Bebidas,Vinhos,Vinho Chileno Casillero del Diablo Malbec Garrafa com 750ml,Casillero del Diablo,56.9,47.01,3.41,2024-08-02
33964,Bebidas,Vinhos,Vinho Argentino Trapiche Malbec Garrafa com 750ml,Trapiche,36.9,34.9,2.21,2024-08-02
33989,Bebidas,Vinhos,Vinho Aurora Merlot Garrafa com 750ml,Aurora,33.9,29.9,2.03,2024-08-02
37135,Bebidas,Destilados,Cachaça Salinas Ipê Garrafa com 700ml,Salinas,44.89,42.69,2.69,2024-08-02
37130,Bebidas,Destilados,Cachaça Salinas Bálsamo Garrafa com 1L,Salinas,39.29,37.29,2.36,2024-08-02
16327,Mercearia,"Azeites, óleos e vinagres",Azeite de Oliva Andorinha Extra Virgem Vidro com 500ml,Andorinha,41.9,37.9,2.51,2024-08-02
16464,Mercearia,"Azeites, óleos e vinagres",Azeite de Oliva Gallo Extra virgem Vidro com 500ml,Gallo,45.9,43.9,2.75,2024-08-02
39643,Mercearia,"Azeites, óleos e vinagres",Azeite de Oliva Deleyda Extra Virgem Premium Vidro com 500ml,Deleyda,59.9,56.9,3.59,2024-08-02
32839,Padaria e matinais,Leites,Leite Longa Vida Piracanjuba Com tampa Integral TP com 1L,Piracanjuba,5.49,5.29,0.33,2024-08-02
32447,Padaria e matinais,Leites,Leite Longa Vida Jussara Com tampa Integral TP com 1L,Jussara,5.19,4.99,0.31,2024-08-02
7433,Mercearia,Farinhas,Farinha de Mandioca D'Cheff Temperada Tradicional Pacote com 300g,D'Cheff,6.49,5.99,0.39,2024-08-02
12638,Mercearia,Temperos e condimentos,Molho de Pimenta Knorr Vermelha Pet com 150ml,Knorr,5.4,5.2,0.32,2024-08-02
28585,Higiene e perfumaria,Higiene bucal,Creme Dental Colgate Tripla Ação Original Tubo com 90g,Colgate,4.44,4.14,0.27,2024-08-02
26381,Mercearia,Temperos e condimentos,Ketchup Heinz Tradicional Pet com 397g,Heinz,14.99,14.99,0.9,2024-08-02
17035,Mercearia,Temperos e condimentos,Orégano Kitano Sachê com 10g,Kitano,3.89,3.69,0.23,2024-08-02
19822,Bebidas,Destilados,Gin Seagers Garrafa com 1L,Seagers,44.89,42.89,2.69,2024-08-02
5634,Mercearia,Temperos e condimentos,Ajinomoto Refil com 100g,Ajinomoto,6.99,6.49,0.42,2024-08-02
14436,Mercearia,Temperos e condimentos,Molho Shoyu Sakura Pet com 150ml,Sakura,3.49,3.15,0.21,2024-08-02
12293,Mercearia,Temperos e condimentos,Molho de Mostarda Heinz Pet com 255g,Heinz,13.89,13.89,0.83,2024-08-02
12319,Mercearia,Temperos e condimentos,Molho de Mostarda Hemmer Dijon Pet com 200g,Hemmer,13.98,13.19,0.84,2024-08-02
27280,Mercearia,Confeitaria,Creme de Leite Italac TP com 200g,Italac,3.19,2.89,0.19,2024-08-02
38668,Padaria e matinais,Pães e torradas,Pullman Rap 10 Original Pacote com 297g,Pullman,8.98,8.98,0.54,2024-08-02
5666,Limpeza,Limpeza de cozinha,Esponja Scotch-Brite Pacote com 4 unidades,Scotch-Brite,5.09,5.09,0.31,2024-08-02
5658,Limpeza,Limpeza de cozinha,Esponja Scotch-Brite Não Risca Pacote com 3 unidades,Scotch-Brite,7.1,6.8,0.43,2024-08-02
16022,Mercearia,Bomboniere,Chiclete Mentos Fresh Mint Unidade com 56g,Mentos,10.99,9.99,0.66,2024-08-02
34777,Limpeza,Limpeza de casa,Limpador Perfumado Concentrado Coala Cereja e Avelã Frasco com 120ml,Coala,10.49,9.99,0.63,2024-08-02
35964,Bebidas,Vinhos,Vinho Reserva Aurora Merlot Garrafa com 750ml,Aurora,38.9,36.9,2.33,2024-08-02
12969,Mercearia,Massas e molhos,Molho de Tomate Heinz Tradicional Pouch com 300g,Heinz,2.78,2.78,0.17,2024-08-09
38763,Mercearia,Massas e molhos,Molho de Tomate Salsaretti Tradicional Pouch com 300g,Salsaretti,1.9,1.79,0.11,2024-08-09
13480,Mercearia,Massas e molhos,Molho de Tomate Salsaretti Passata Rústica Vidro com 680g,Salsaretti,12.99,12.49,0.78,2024-08-09
13206,Mercearia,Massas e molhos,Molho de Tomate Pomarola Chef Passata Vidro com 700g,Pomarola,18.9,18.3,1.13,2024-08-09
12942,Mercearia,Massas e molhos,Molho de Tomate Heinz Bolonhesa Pouch com 300g,Heinz,4.89,4.69,0.29,2024-08-09
12948,Mercearia,Massas e molhos,Molho de Tomate Heinz Manjericão Pouch com 300g,Heinz,4.78,4.78,0.29,2024-08-09
36732,Limpeza,Limpeza de cozinha,Detergente Líquido Ypê Neutro Frasco com 500ml,Ypê,2.39,2.19,0.14,2024-08-09
36410,Limpeza,Limpeza de cozinha,Detergente Líquido Limpol Neutro Frasco com 500ml,Limpol,1.95,1.89,0.12,2024-08-09
36362,Limpeza,Limpeza de cozinha,Detergente Líquido Limpol Coco Frasco com 500ml,Limpol,1.95,1.89,0.12,2024-08-09
28319,Higiene e perfumaria,Higiene bucal,Creme Dental Colgate Máxima Proteção Anticáries Tubo com 90g,Colgate,3.89,3.64,0.23,2024-08-09
28585,Higiene e perfumaria,Higiene bucal,Creme Dental Colgate Tripla Ação Original Tubo com 90g,Colgate,4.44,4.14,0.27,2024-08-09
28697,Higiene e perfumaria,Higiene bucal,Creme Dental Oral-B 1-2-3 Tubo com 70g,Oral-B,2.39,2.39,0.14,2024-08-09
28745,Higiene e perfumaria,Higiene bucal,Creme Dental Oral-B 4 em 1 Tubo com 70g,Oral-B,3.75,3.4,0.23,2024-08-09
12460,Bebidas,Cervejas,Cerveja Heineken Lata com 269ml,Heineken,4.09,3.99,0.25,2024-08-09
13351,Bebidas,Cervejas,Cerveja Spaten Puro Malte Lata com 350ml,Spaten,4.35,4.25,0.26,2024-08-09
13362,Bebidas,Cervejas,Cerveja Stella Artois Long neck com 330ml,Stella Artois,3.75,3.75,0.23,2024-08-09
12498,Bebidas,Cervejas,Cerveja Heineken Zero Long neck com 330ml,Heineken,6.59,6.39,0.4,2024-08-09
13164,Bebidas,Cervejas,Cerveja Puro Malte Spaten Lata com 269ml,Spaten,2.89,2.89,0.17,2024-08-09
13356,Bebidas,Cervejas,Cerveja Spaten Puro Malte Long Neck com 355ml,Spaten,3.27,3.27,0.2,2024-08-09
12490,Bebidas,Cervejas,Cerveja Heineken Zero Lata com 269ml,Heineken,3.99,3.99,0.24,2024-08-09
12389,Bebidas,Cervejas,Cerveja Estrella Galicia Lata com 350ml,Estrella Galicia,2.97,2.97,0.18,2024-08-09
12880,Bebidas,Cervejas,Cerveja Patagonia Amber Lager Lata com 350ml,Patagonia,5.69,5.49,0.34,2024-08-09
12385,Bebidas,Cervejas,Cerveja Estrella Galicia Lata com 269ml,Estrella Galicia,3.49,3.19,0.21,2024-08-09
1187,Mercearia,Massas e molhos,Macarrão com Ovos Dona Benta Espaguete Pacote com 500g,Dona Benta,2.99,2.99,0.18,2024-08-09
1061,Mercearia,Massas e molhos,Macarrão com Ovos Adria Espaguete Pacote com 500g,Adria,3.1,2.79,0.19,2024-08-09
1203,Mercearia,Massas e molhos,Macarrão com Ovos Dona Benta Penne Pacote com 500g,Dona Benta,2.99,2.99,0.18,2024-08-09
1433,Mercearia,Massas e molhos,Macarrão com Ovos Renata Espaguete Pacote com 500g,Renata,2.89,2.89,0.17,2024-08-09
1090,Mercearia,Massas e molhos,Macarrão com Ovos Adria Pena Pacote com 500g,Adria,3.1,2.79,0.19,2024-08-09
1065,Mercearia,Massas e molhos,Macarrão com Ovos Adria Espaguetinho Nº9 Pacote com 500g,Adria,3.1,2.79,0.19,2024-08-09
1442,Mercearia,Massas e molhos,Macarrão com Ovos Renata Pena Pacote com 500g,Renata,3.79,3.49,0.17,2024-08-09
13073,Mercearia,"Cafés, chás e achocolatados",Filtro de Papel para Café Melitta Nº 103 Caixeta com 30 unidades,Melitta,3.09,3.09,0.19,2024-08-09
39240,Mercearia,Grãos,Milho para Pipoca Yoki Pacote com 400g,Yoki,5.49,4.99,0.33,2024-08-09
39238,Mercearia,Grãos,Milho para Pipoca Yoki Premium Pacote com 400g,Yoki,8.49,7.99,0.51,2024-08-09
31766,Limpeza,Limpeza de banheiro,Desinfetante Pinho Sol Original Frasco com 500ml,Pinho Sol,6.9,6.9,0.41,2024-08-09
38161,Limpeza,Limpeza de banheiro,Desinfetante Pinho Bril Plus Frasco com 500ml,Pinho Bril,3.98,3.98,0.24,2024-08-09
31494,Limpeza,Limpeza de banheiro,Desinfetante Lysoform Suave Frasco com 1L,Lysoform,14.65,13.25,0.88,2024-08-09
30600,Mercearia,Confeitaria,Leite Condensado Moça Integral Lata com 395g,Nestlé,8.54,7.88,0.51,2024-08-09
32839,Padaria e matinais,Leites,Leite Longa Vida Piracanjuba Com tampa Integral TP com 1L,Piracanjuba,5.49,5.29,0.33,2024-08-09
32447,Padaria e matinais,Leites,Leite Longa Vida Jussara Com tampa Integral TP com 1L,Jussara,5.19,4.99,0.31,2024-08-09
32828,Padaria e matinais,Leites,Leite Longa Vida Piracanjuba A2 Semidesnatado TP com 1L,Piracanjuba,5.59,5.59,0.34,2024-08-09
27280,Mercearia,Confeitaria,Creme de Leite Italac TP com 200g,Italac,2.95,2.65,0.18,2024-08-09
3984,Bebidas,Refrigerantes,Refrigerante Coca-Cola Sem açúcar Pet com 1L,Coca-Cola,4.89,4.89,0.29,2024-08-09
38145,Bebidas,Refrigerantes,Refrigerante Coca-Cola Sem açúcar Pet com 600ml,Coca-Cola,4.99,4.79,0.3,2024-08-09
64,Mercearia,Massas e molhos,Queijo Ralado Parmesão Président Pacote com 50g,Président,5.2,4.79,0.31,2024-08-09
36611,Mercearia,Massas e molhos,Queijo Parmesão Ralado Vigor Sachê com 50g,Vigor,4.99,4.99,0.3,2024-08-09
5350,Limpeza,Limpeza de banheiro,Água Sanitária Super Candida Frasco com 2L,Super Candida,5.49,4.99,0.33,2024-08-09
22295,Padaria e matinais,Pães e torradas,Pão de Forma Pullman Tradicional Pacote com 480g,Pullman,5.89,5.89,0.35,2024-08-09
38793,Padaria e matinais,Pães e torradas,Pão de Forma Visconti Tradicional Pacote com 400g,Visconti,6.39,5.89,0.38,2024-08-09
44028,Limpeza,Limpeza de casa,Removedor Suprema Tradicional Frasco com 1L,Suprema,7.35,6.89,0.44,2024-08-09
13743,Mercearia,Grãos,Arroz Camil Agulhinha - Tipo 1 Pacote com 5kg,Camil,29.2,28.7,1.75,2024-08-09
13757,Mercearia,Grãos,Arroz Camil Integral Pacote com 1kg,Camil,7.2,6.98,0.43,2024-08-09
9742,Mercearia,Grãos,Feijão Carioca Camil Tipo 1 Pacote com 1kg,Camil,6.7,6.5,0.4,2024-08-09
10394,Limpeza,Limpeza de roupas,Amaciante para Roupas Concentrado Comfort Azul Frasco com 500ml,Comfort,9.49,8.59,0.57,2024-08-09
10340,Limpeza,Limpeza de roupas,Amaciante para Roupas Comfort Lavanda Refil com 900ml,Comfort,13.99,13.99,0.84,2024-08-09
10382,Limpeza,Limpeza de roupas,"Amaciante para Roupas Concentrado Baby Soft Inspiração Fascinante Frasco com 1,5L",Baby Soft,14.5,12.9,0.87,2024-08-09
32659,Higiene e perfumaria,Desodorantes,Desodorante Aerossol Dove Men+Care Frasco com 200ml,Dove,14.9,14.9,0.89,2024-08-09
32932,Higiene e perfumaria,Desodorantes,Desodorante Aerossol Nivea Men Deep carvão Frasco com 150ml,Nivea,13.15,13.15,0.79,2024-08-09
29864,Limpeza,Limpeza de roupas,Tira Manchas em Gel Vanish Refil com 500ml,Vanish,11.3,10.2,0.68,2024-08-09
28483,Limpeza,Limpeza de roupas,Kit Tira Manchas Semorin Grátis 1 Sabão de Coco,Semorin,19.95,19.95,1.2,2024-08-09
14304,Mercearia,Salgadinhos e snacks,Salgadinho Batata Pringles Creme e Cebola Tubo com 109g,Pringles,11.75,10.89,0.71,2024-08-09
5057,Frios e congelados,Margarinas e manteigas,Manteiga Aviação Com sal Pote com 500g,Aviação,32.9,30.9,1.97,2024-08-09
5054,Frios e congelados,Margarinas e manteigas,Manteiga Aviação Com sal Pote com 200g,Aviação,14.5,13.9,0.87,2024-08-09
30248,Limpeza,Limpeza de roupas,Lava Roupas Líquido Omo Lavanda Refil com 900ml,Omo,13.9,12.9,0.83,2024-08-09
9235,Limpeza,Limpeza de roupas,Sabão em Barra Ypê Toque de Aveia e Coco Pacote com 5x180g,Ypê,14.9,13.9,0.89,2024-08-09
41949,Limpeza,Limpeza de roupas,Sabão em Barra Glicerinado Ypê Fresh Pacote com 900g,Ypê,14.89,13.89,0.89,2024-08-09
36732,Limpeza,Limpeza de cozinha,Detergente Líquido Ypê Neutro Frasco com 500ml,Ypê,2.39,2.19,0.14,2024-08-09
36410,Limpeza,Limpeza de cozinha,Detergente Líquido Limpol Neutro Frasco com 500ml,Limpol,1.95,1.89,0.12,2024-08-09
36362,Limpeza,Limpeza de cozinha,Detergente Líquido Limpol Coco Frasco com 500ml,Limpol,1.95,1.89,0.12,2024-08-09
30248,Limpeza,Limpeza de roupas,Lava Roupas Líquido Omo Lavanda Refil com 900ml,Omo,13.9,12.9,0.83,2024-08-09
28483,Limpeza,Limpeza de roupas,Kit Tira Manchas Semorin Grátis 1 Sabão de Coco,Semorin,19.95,19.95,1.2,2024-08-09
25610,Higiene e perfumaria,Papel higiênico,Papel Higiênico Personal Vip Folha dupla - 30m Pacote com 12 rolos,Personal,19.59,18.59,1.18,2024-08-09
25621,Higiene e perfumaria,Papel higiênico,Papel Higiênico Personal Vip Folha dupla - 30m Pacote com 24 rolos,Personal,39.17,37.18,2.35,2024-08-09
915,Mercearia,"Cafés, chás e achocolatados",Café 3 Corações Tradicional Pacote com 500g,3 Corações,16.38,16.38,0.98,2024-08-09
924,Mercearia,"Cafés, chás e achocolatados",Café 3 Corações Tradicional - Vácuo Pacote com 500g,3 Corações,16.38,16.38,0.98,2024-08-09
2584,Mercearia,"Cafés, chás e achocolatados",Café Melitta Sabor da Fazenda Vácuo Caixeta com 500g,Melitta,18.48,18.48,1.11,2024-08-09
3148,Mercearia,"Cafés, chás e achocolatados",Café Premium 3 Corações Estrada Real Pacote com 500g,3 Corações,19.98,19.98,1.2,2024-08-09
2588,Mercearia,"Cafés, chás e achocolatados",Café Melitta Tradicional Pouch com 500g,Melitta,18.48,18.48,1.11,2024-08-09
3259,Mercearia,"Cafés, chás e achocolatados",Café Sabor da Fazenda Tradicional Pouch com 500g,Melitta,18.48,18.48,1.11,2024-08-09
20602,Higiene e perfumaria,Cabelo,Shampoo Clear Ice Cool Menthol Frasco com 400ml,Clear,19.89,18.9,1.19,2024-08-09
20562,Higiene e perfumaria,Cabelo,Shampoo Clear 2 em 1 Frasco com 400ml,Clear,19.89,18.9,1.19,2024-08-09
20745,Higiene e perfumaria,Cabelo,Shampoo Elseve Hidra Hialurônico Frasco com 400ml,Elseve,23.8,21.9,1.43,2024-08-09
33807,Bebidas,Vinhos,Vinho Argentino Concha Y Toro Malbec Garrafa com 750ml,Concha Y Toro,29.8,24.8,1.79,2024-08-09
34190,Bebidas,Vinhos,Vinho Chileno Casillero del Diablo Malbec Garrafa com 750ml,Casillero del Diablo,39.8,39.8,2.39,2024-08-09
33964,Bebidas,Vinhos,Vinho Argentino Trapiche Malbec Garrafa com 750ml,Trapiche,36.9,34.9,2.21,2024-08-09
33989,Bebidas,Vinhos,Vinho Aurora Merlot Garrafa com 750ml,Aurora,33.9,29.9,2.03,2024-08-09
16327,Mercearia,"Azeites, óleos e vinagres",Azeite de Oliva Andorinha Extra Virgem Vidro com 500ml,Andorinha,44.8,42.8,2.69,2024-08-09
16464,Mercearia,"Azeites, óleos e vinagres",Azeite de Oliva Gallo Extra virgem Vidro com 500ml,Gallo,45.9,43.9,2.75,2024-08-09
39643,Mercearia,"Azeites, óleos e vinagres",Azeite de Oliva Deleyda Extra Virgem Premium Vidro com 500ml,Deleyda,59.9,56.9,3.59,2024-08-09
30600,Mercearia,Confeitaria,Leite Condensado Moça Integral Lata com 395g,Nestlé,8.54,7.88,0.51,2024-08-09
32839,Padaria e matinais,Leites,Leite Longa Vida Piracanjuba Com tampa Integral TP com 1L,Piracanjuba,5.49,5.29,0.33,2024-08-09
32447,Padaria e matinais,Leites,Leite Longa Vida Jussara Com tampa Integral TP com 1L,Jussara,5.19,4.99,0.31,2024-08-09
7433,Mercearia,Farinhas,Farinha de Mandioca D'Cheff Temperada Tradicional Pacote com 300g,D'Cheff,6.49,5.99,0.39,2024-08-09
12638,Mercearia,Temperos e condimentos,Molho de Pimenta Knorr Vermelha Pet com 150ml,Knorr,5.4,5.2,0.32,2024-08-09
28585,Higiene e perfumaria,Higiene bucal,Creme Dental Colgate Tripla Ação Original Tubo com 90g,Colgate,4.44,4.14,0.27,2024-08-09
26381,Mercearia,Temperos e condimentos,Ketchup Heinz Tradicional Pet com 397g,Heinz,14.99,14.99,0.72,2024-08-09
17035,Mercearia,Temperos e condimentos,Orégano Kitano Sachê com 10g,Kitano,3.89,3.69,0.23,2024-08-09
19822,Bebidas,Destilados,Gin Seagers Garrafa com 1L,Seagers,44.89,42.89,2.69,2024-08-09
5634,Mercearia,Temperos e condimentos,Ajinomoto Refil com 100g,Ajinomoto,6.99,6.49,0.42,2024-08-09
14436,Mercearia,Temperos e condimentos,Molho Shoyu Sakura Pet com 150ml,Sakura,1.99,1.99,0.12,2024-08-09
12293,Mercearia,Temperos e condimentos,Molho de Mostarda Heinz Pet com 255g,Heinz,13.77,13.77,0.83,2024-08-09
12319,Mercearia,Temperos e condimentos,Molho de Mostarda Hemmer Dijon Pet com 200g,Hemmer,13.98,13.19,0.84,2024-08-09
30600,Mercearia,Confeitaria,Leite Condensado Moça Integral Lata com 395g,Nestlé,8.54,7.88,0.51,2024-08-09
27280,Mercearia,Confeitaria,Creme de Leite Italac TP com 200g,Italac,2.95,2.65,0.18,2024-08-09
38668,Padaria e matinais,Pães e torradas,Pullman Rap 10 Original Pacote com 297g,Pullman,8.98,8.98,0.54,2024-08-09
5666,Limpeza,Limpeza de cozinha,Esponja Scotch-Brite Pacote com 4 unidades,Scotch-Brite,5.09,5.09,0.31,2024-08-09
5658,Limpeza,Limpeza de cozinha,Esponja Scotch-Brite Não Risca Pacote com 3 unidades,Scotch-Brite,7.1,6.8,0.43,2024-08-09
16022,Mercearia,Bomboniere,Chiclete Mentos Fresh Mint Unidade com 56g,Mentos,10.99,9.99,0.66,2024-08-09
34777,Limpeza,Limpeza de casa,Limpador Perfumado Concentrado Coala Cereja e Avelã Frasco com 120ml,Coala,10.49,9.99,0.63,2024-08-09
12969,Mercearia,Massas e molhos,Molho de Tomate Heinz Tradicional Pouch com 300g,Heinz,2.79,2.79,0.17,2024-08-16
38763,Mercearia,Massas e molhos,Molho de Tomate Salsaretti Tradicional Pouch com 300g,Salsaretti,1.82,1.62,0.11,2024-08-16
13480,Mercearia,Massas e molhos,Molho de Tomate Salsaretti Passata Rústica Vidro com 680g,Salsaretti,12.99,12.49,0.78,2024-08-16
13206,Mercearia,Massas e molhos,Molho de Tomate Pomarola Chef Passata Vidro com 700g,Pomarola,18.9,18.3,1.13,2024-08-16
12942,Mercearia,Massas e molhos,Molho de Tomate Heinz Bolonhesa Pouch com 300g,Heinz,4.89,4.69,0.29,2024-08-16
12948,Mercearia,Massas e molhos,Molho de Tomate Heinz Manjericão Pouch com 300g,Heinz,4.78,4.78,0.29,2024-08-16
36732,Limpeza,Limpeza de cozinha,Detergente Líquido Ypê Neutro Frasco com 500ml,Ypê,2.39,2.19,0.14,2024-08-16
36410,Limpeza,Limpeza de cozinha,Detergente Líquido Limpol Neutro Frasco com 500ml,Limpol,2.09,1.95,0.13,2024-08-16
36362,Limpeza,Limpeza de cozinha,Detergente Líquido Limpol Coco Frasco com 500ml,Limpol,2.09,1.95,0.13,2024-08-16
28319,Higiene e perfumaria,Higiene bucal,Creme Dental Colgate Máxima Proteção Anticáries Tubo com 90g,Colgate,3.89,3.64,0.23,2024-08-16
28585,Higiene e perfumaria,Higiene bucal,Creme Dental Colgate Tripla Ação Original Tubo com 90g,Colgate,4.44,4.14,0.27,2024-08-16
28697,Higiene e perfumaria,Higiene bucal,Creme Dental Oral-B 1-2-3 Tubo com 70g,Oral-B,2.39,2.39,0.14,2024-08-16
28745,Higiene e perfumaria,Higiene bucal,Creme Dental Oral-B 4 em 1 Tubo com 70g,Oral-B,3.75,3.4,0.23,2024-08-16
12460,Bebidas,Cervejas,Cerveja Heineken Lata com 269ml,Heineken,3.59,3.59,0.22,2024-08-16
13351,Bebidas,Cervejas,Cerveja Spaten Puro Malte Lata com 350ml,Spaten,4.35,4.25,0.26,2024-08-16
12498,Bebidas,Cervejas,Cerveja Heineken Zero Long neck com 330ml,Heineken,5.48,5.48,0.33,2024-08-16
13362,Bebidas,Cervejas,Cerveja Stella Artois Long neck com 330ml,Stella Artois,3.89,3.89,0.23,2024-08-16
13164,Bebidas,Cervejas,Cerveja Puro Malte Spaten Lata com 269ml,Spaten,2.69,2.69,0.16,2024-08-16
12490,Bebidas,Cervejas,Cerveja Heineken Zero Lata com 269ml,Heineken,3.99,3.99,0.24,2024-08-16
12389,Bebidas,Cervejas,Cerveja Estrella Galicia Lata com 350ml,Estrella Galicia,4.39,4.19,0.26,2024-08-16
12880,Bebidas,Cervejas,Cerveja Patagonia Amber Lager Lata com 350ml,Patagonia,5.32,5.32,0.32,2024-08-16
12385,Bebidas,Cervejas,Cerveja Estrella Galicia Lata com 269ml,Estrella Galicia,3.49,3.19,0.21,2024-08-16
1187,Mercearia,Massas e molhos,Macarrão com Ovos Dona Benta Espaguete Pacote com 500g,Dona Benta,2.99,2.99,0.18,2024-08-16
1061,Mercearia,Massas e molhos,Macarrão com Ovos Adria Espaguete Pacote com 500g,Adria,3.55,3.29,0.21,2024-08-16
1203,Mercearia,Massas e molhos,Macarrão com Ovos Dona Benta Penne Pacote com 500g,Dona Benta,2.99,2.99,0.18,2024-08-16
1433,Mercearia,Massas e molhos,Macarrão com Ovos Renata Espaguete Pacote com 500g,Renata,3.79,3.49,0.23,2024-08-16
1065,Mercearia,Massas e molhos,Macarrão com Ovos Adria Espaguetinho Nº9 Pacote com 500g,Adria,3.55,3.29,0.21,2024-08-16
1442,Mercearia,Massas e molhos,Macarrão com Ovos Renata Pena Pacote com 500g,Renata,3.79,3.49,0.23,2024-08-16
13073,Mercearia,"Cafés, chás e achocolatados",Filtro de Papel para Café Melitta Nº 103 Caixeta com 30 unidades,Melitta,3.58,3.58,0.21,2024-08-16
39240,Mercearia,Grãos,Milho para Pipoca Yoki Pacote com 400g,Yoki,5.49,4.99,0.33,2024-08-16
39238,Mercearia,Grãos,Milho para Pipoca Yoki Premium Pacote com 400g,Yoki,8.49,7.99,0.51,2024-08-16
31766,Limpeza,Limpeza de banheiro,Desinfetante Pinho Sol Original Frasco com 500ml,Pinho Sol,6.9,6.9,0.41,2024-08-16
38161,Limpeza,Limpeza de banheiro,Desinfetante Pinho Bril Plus Frasco com 500ml,Pinho Bril,4.54,4.32,0.27,2024-08-16
31494,Limpeza,Limpeza de banheiro,Desinfetante Lysoform Suave Frasco com 1L,Lysoform,14.65,13.25,0.88,2024-08-16
30600,Mercearia,Confeitaria,Leite Condensado Moça Integral Lata com 395g,Nestlé,8.39,7.78,0.5,2024-08-16
32839,Padaria e matinais,Leites,Leite Longa Vida Piracanjuba Com tampa Integral TP com 1L,Piracanjuba,5.35,5.15,0.32,2024-08-16
32447,Padaria e matinais,Leites,Leite Longa Vida Jussara Com tampa Integral TP com 1L,Jussara,5.15,4.95,0.31,2024-08-16
3984,Bebidas,Refrigerantes,Refrigerante Coca-Cola Sem açúcar Pet com 1L,Coca-Cola,4.89,4.89,0.29,2024-08-16
38145,Bebidas,Refrigerantes,Refrigerante Coca-Cola Sem açúcar Pet com 600ml,Coca-Cola,4.99,4.79,0.3,2024-08-16
64,Mercearia,Massas e molhos,Queijo Ralado Parmesão Président Pacote com 50g,Président,5.2,4.79,0.31,2024-08-16
36611,Mercearia,Massas e molhos,Queijo Parmesão Ralado Vigor Sachê com 50g,Vigor,4.99,4.99,0.3,2024-08-16
5350,Limpeza,Limpeza de banheiro,Água Sanitária Super Candida Frasco com 2L,Super Candida,5.49,4.99,0.33,2024-08-16
22295,Padaria e matinais,Pães e torradas,Pão de Forma Pullman Tradicional Pacote com 480g,Pullman,6.48,6.48,0.39,2024-08-16
38793,Padaria e matinais,Pães e torradas,Pão de Forma Visconti Tradicional Pacote com 400g,Visconti,4.69,4.69,0.28,2024-08-16
44028,Limpeza,Limpeza de casa,Removedor Suprema Tradicional Frasco com 1L,Suprema,7.35,6.89,0.44,2024-08-16
13743,Mercearia,Grãos,Arroz Camil Agulhinha - Tipo 1 Pacote com 5kg,Camil,27.98,27.98,1.68,2024-08-16
13757,Mercearia,Grãos,Arroz Camil Integral Pacote com 1kg,Camil,6.9,6.7,0.41,2024-08-16
10394,Limpeza,Limpeza de roupas,Amaciante para Roupas Concentrado Comfort Azul Frasco com 500ml,Comfort,8.99,8.29,0.54,2024-08-16
10340,Limpeza,Limpeza de roupas,Amaciante para Roupas Comfort Lavanda Refil com 900ml,Comfort,14.99,13.99,0.9,2024-08-16
10382,Limpeza,Limpeza de roupas,"Amaciante para Roupas Concentrado Baby Soft Inspiração Fascinante Frasco com 1,5L",Baby Soft,14.5,12.9,0.87,2024-08-16
32659,Higiene e perfumaria,Desodorantes,Desodorante Aerossol Dove Men+Care Frasco com 200ml,Dove,19.9,18.9,1.19,2024-08-16
32932,Higiene e perfumaria,Desodorantes,Desodorante Aerossol Nivea Men Deep carvão Frasco com 150ml,Nivea,13.14,13.14,0.79,2024-08-16
29864,Limpeza,Limpeza de roupas,Tira Manchas em Gel Vanish Refil com 500ml,Vanish,9.5,9.5,0.57,2024-08-16
28483,Limpeza,Limpeza de roupas,Kit Tira Manchas Semorin Grátis 1 Sabão de Coco,Semorin,19.95,19.95,1.2,2024-08-16
14304,Mercearia,Salgadinhos e snacks,Salgadinho Batata Pringles Creme e Cebola Tubo com 109g,Pringles,11.3,10.49,0.68,2024-08-16
5057,Frios e congelados,Margarinas e manteigas,Manteiga Aviação Com sal Pote com 500g,Aviação,32.9,30.9,1.97,2024-08-16
5054,Frios e congelados,Margarinas e manteigas,Manteiga Aviação Com sal Pote com 200g,Aviação,14.5,13.9,0.87,2024-08-16
30248,Limpeza,Limpeza de roupas,Lava Roupas Líquido Omo Lavanda Refil com 900ml,Omo,13.9,12.9,0.83,2024-08-16
9235,Limpeza,Limpeza de roupas,Sabão em Barra Ypê Toque de Aveia e Coco Pacote com 5x180g,Ypê,14.9,13.9,0.89,2024-08-16
41949,Limpeza,Limpeza de roupas,Sabão em Barra Glicerinado Ypê Fresh Pacote com 900g,Ypê,14.89,13.89,0.89,2024-08-16
36732,Limpeza,Limpeza de cozinha,Detergente Líquido Ypê Neutro Frasco com 500ml,Ypê,2.39,2.19,0.14,2024-08-16
36410,Limpeza,Limpeza de cozinha,Detergente Líquido Limpol Neutro Frasco com 500ml,Limpol,2.09,1.95,0.13,2024-08-16
36362,Limpeza,Limpeza de cozinha,Detergente Líquido Limpol Coco Frasco com 500ml,Limpol,2.09,1.95,0.13,2024-08-16
30248,Limpeza,Limpeza de roupas,Lava Roupas Líquido Omo Lavanda Refil com 900ml,Omo,13.9,12.9,0.83,2024-08-16
28483,Limpeza,Limpeza de roupas,Kit Tira Manchas Semorin Grátis 1 Sabão de Coco,Semorin,19.95,19.95,1.2,2024-08-16
25610,Higiene e perfumaria,Papel higiênico,Papel Higiênico Personal Vip Folha dupla - 30m Pacote com 12 rolos,Personal,18.99,18.0,1.14,2024-08-16
25621,Higiene e perfumaria,Papel higiênico,Papel Higiênico Personal Vip Folha dupla - 30m Pacote com 24 rolos,Personal,37.98,35.98,2.28,2024-08-16
915,Mercearia,"Cafés, chás e achocolatados",Café 3 Corações Tradicional Pacote com 500g,3 Corações,15.98,15.98,0.96,2024-08-16
924,Mercearia,"Cafés, chás e achocolatados",Café 3 Corações Tradicional - Vácuo Pacote com 500g,3 Corações,15.98,15.98,0.96,2024-08-16
2584,Mercearia,"Cafés, chás e achocolatados",Café Melitta Sabor da Fazenda Vácuo Caixeta com 500g,Melitta,18.49,18.49,1.11,2024-08-16
3148,Mercearia,"Cafés, chás e achocolatados",Café Premium 3 Corações Estrada Real Pacote com 500g,3 Corações,19.98,19.98,1.2,2024-08-16
2588,Mercearia,"Cafés, chás e achocolatados",Café Melitta Tradicional Pouch com 500g,Melitta,17.48,17.48,1.05,2024-08-16
3259,Mercearia,"Cafés, chás e achocolatados",Café Sabor da Fazenda Tradicional Pouch com 500g,Melitta,18.49,18.49,1.11,2024-08-16
20602,Higiene e perfumaria,Cabelo,Shampoo Clear Ice Cool Menthol Frasco com 400ml,Clear,26.39,24.74,1.58,2024-08-16
20562,Higiene e perfumaria,Cabelo,Shampoo Clear 2 em 1 Frasco com 400ml,Clear,26.39,24.74,1.58,2024-08-16
20745,Higiene e perfumaria,Cabelo,Shampoo Elseve Hidra Hialurônico Frasco com 400ml,Elseve,22.9,21.9,1.37,2024-08-16
33807,Bebidas,Vinhos,Vinho Argentino Concha Y Toro Malbec Garrafa com 750ml,Concha Y Toro,29.8,24.8,1.79,2024-08-16
34190,Bebidas,Vinhos,Vinho Chileno Casillero del Diablo Malbec Garrafa com 750ml,Casillero del Diablo,54.9,52.0,3.29,2024-08-16
33989,Bebidas,Vinhos,Vinho Aurora Merlot Garrafa com 750ml,Aurora,33.9,29.9,2.03,2024-08-16
35964,Bebidas,Vinhos,Vinho Reserva Aurora Merlot Garrafa com 750ml,Aurora,38.9,36.9,2.33,2024-08-16
16327,Mercearia,"Azeites, óleos e vinagres",Azeite de Oliva Andorinha Extra Virgem Vidro com 500ml,Andorinha,44.8,42.8,2.69,2024-08-16
16464,Mercearia,"Azeites, óleos e vinagres",Azeite de Oliva Gallo Extra virgem Vidro com 500ml,Gallo,45.9,43.9,2.75,2024-08-16
39643,Mercearia,"Azeites, óleos e vinagres",Azeite de Oliva Deleyda Extra Virgem Premium Vidro com 500ml,Deleyda,59.9,56.9,3.59,2024-08-16
30600,Mercearia,Confeitaria,Leite Condensado Moça Integral Lata com 395g,Nestlé,8.39,7.78,0.5,2024-08-16
32839,Padaria e matinais,Leites,Leite Longa Vida Piracanjuba Com tampa Integral TP com 1L,Piracanjuba,5.35,5.15,0.32,2024-08-16
32447,Padaria e matinais,Leites,Leite Longa Vida Jussara Com tampa Integral TP com 1L,Jussara,5.15,4.95,0.31,2024-08-16
7433,Mercearia,Farinhas,Farinha de Mandioca D'Cheff Temperada Tradicional Pacote com 300g,D'Cheff,6.49,5.99,0.39,2024-08-16
12638,Mercearia,Temperos e condimentos,Molho de Pimenta Knorr Vermelha Pet com 150ml,Knorr,5.4,5.2,0.32,2024-08-16
28585,Higiene e perfumaria,Higiene bucal,Creme Dental Colgate Tripla Ação Original Tubo com 90g,Colgate,4.44,4.14,0.27,2024-08-16
26381,Mercearia,Temperos e condimentos,Ketchup Heinz Tradicional Pet com 397g,Heinz,14.99,14.99,0.9,2024-08-16
17035,Mercearia,Temperos e condimentos,Orégano Kitano Sachê com 10g,Kitano,3.89,3.69,0.23,2024-08-16
19822,Bebidas,Destilados,Gin Seagers Garrafa com 1L,Seagers,44.89,42.89,2.69,2024-08-16
5634,Mercearia,Temperos e condimentos,Ajinomoto Refil com 100g,Ajinomoto,6.99,6.29,0.42,2024-08-16
14436,Mercearia,Temperos e condimentos,Molho Shoyu Sakura Pet com 150ml,Sakura,3.49,3.15,0.21,2024-08-16
12293,Mercearia,Temperos e condimentos,Molho de Mostarda Heinz Pet com 255g,Heinz,13.99,13.89,0.84,2024-08-16
12319,Mercearia,Temperos e condimentos,Molho de Mostarda Hemmer Dijon Pet com 200g,Hemmer,14.49,13.69,0.87,2024-08-16
30600,Mercearia,Confeitaria,Leite Condensado Moça Integral Lata com 395g,Nestlé,8.39,7.78,0.5,2024-08-16
27280,Mercearia,Confeitaria,Creme de Leite Italac TP com 200g,Italac,3.19,2.89,0.19,2024-08-16
38668,Padaria e matinais,Pães e torradas,Pullman Rap 10 Original Pacote com 297g,Pullman,8.98,8.98,0.54,2024-08-16
5666,Limpeza,Limpeza de cozinha,Esponja Scotch-Brite Pacote com 4 unidades,Scotch-Brite,6.15,5.79,0.37,2024-08-16
5658,Limpeza,Limpeza de cozinha,Esponja Scotch-Brite Não Risca Pacote com 3 unidades,Scotch-Brite,7.1,6.8,0.43,2024-08-16
16022,Mercearia,Bomboniere,Chiclete Mentos Fresh Mint Unidade com 56g,Mentos,10.99,9.99,0.66,2024-08-16
34777,Limpeza,Limpeza de casa,Limpador Perfumado Concentrado Coala Cereja e Avelã Frasco com 120ml,Coala,10.49,9.99,0.63,2024-08-16
12969,Mercearia,Massas e molhos,Molho de Tomate Heinz Tradicional Pouch com 300g,Heinz,3.49,3.39,0.21,2024-08-23
38763,Mercearia,Massas e molhos,Molho de Tomate Salsaretti Tradicional Pouch com 300g,Salsaretti,1.82,1.62,0.11,2024-08-23
13480,Mercearia,Massas e molhos,Molho de Tomate Salsaretti Passata Rústica Vidro com 680g,Salsaretti,12.99,12.49,0.78,2024-08-23
13206,Mercearia,Massas e molhos,Molho de Tomate Pomarola Chef Passata Vidro com 700g,Pomarola,18.9,18.3,1.13,2024-08-23
12942,Mercearia,Massas e molhos,Molho de Tomate Heinz Bolonhesa Pouch com 300g,Heinz,4.89,4.69,0.29,2024-08-23
12948,Mercearia,Massas e molhos,Molho de Tomate Heinz Manjericão Pouch com 300g,Heinz,4.78,4.78,0.29,2024-08-23
36732,Limpeza,Limpeza de cozinha,Detergente Líquido Ypê Neutro Frasco com 500ml,Ypê,1.89,1.89,0.11,2024-08-23
36708,Limpeza,Limpeza de cozinha,Detergente Líquido Ypê Clear Frasco com 500ml,Ypê,1.89,1.89,0.11,2024-08-23
36410,Limpeza,Limpeza de cozinha,Detergente Líquido Limpol Neutro Frasco com 500ml,Limpol,2.05,1.8,0.12,2024-08-23
36362,Limpeza,Limpeza de cozinha,Detergente Líquido Limpol Coco Frasco com 500ml,Limpol,2.05,1.8,0.12,2024-08-23
28319,Higiene e perfumaria,Higiene bucal,Creme Dental Colgate Máxima Proteção Anticáries Tubo com 90g,Colgate,3.89,3.64,0.23,2024-08-23
28585,Higiene e perfumaria,Higiene bucal,Creme Dental Colgate Tripla Ação Original Tubo com 90g,Colgate,4.44,4.14,0.27,2024-08-23
28697,Higiene e perfumaria,Higiene bucal,Creme Dental Oral-B 1-2-3 Tubo com 70g,Oral-B,2.1,2.1,0.13,2024-08-23
28745,Higiene e perfumaria,Higiene bucal,Creme Dental Oral-B 4 em 1 Tubo com 70g,Oral-B,3.75,3.4,0.23,2024-08-23
12460,Bebidas,Cervejas,Cerveja Heineken Lata com 269ml,Heineken,3.99,3.89,0.24,2024-08-23
12498,Bebidas,Cervejas,Cerveja Heineken Zero Long neck com 330ml,Heineken,5.78,5.78,0.35,2024-08-23
13362,Bebidas,Cervejas,Cerveja Stella Artois Long neck com 330ml,Stella Artois,5.19,4.99,0.31,2024-08-23
13351,Bebidas,Cervejas,Cerveja Spaten Puro Malte Lata com 350ml,Spaten,3.89,3.89,0.23,2024-08-23
13164,Bebidas,Cervejas,Cerveja Puro Malte Spaten Lata com 269ml,Spaten,2.59,2.59,0.16,2024-08-23
12490,Bebidas,Cervejas,Cerveja Heineken Zero Lata com 269ml,Heineken,3.99,3.99,0.24,2024-08-23
12389,Bebidas,Cervejas,Cerveja Estrella Galicia Lata com 350ml,Estrella Galicia,4.39,4.19,0.26,2024-08-23
12880,Bebidas,Cervejas,Cerveja Patagonia Amber Lager Lata com 350ml,Patagonia,5.29,5.29,0.32,2024-08-23
12385,Bebidas,Cervejas,Cerveja Estrella Galicia Lata com 269ml,Estrella Galicia,3.49,3.19,0.21,2024-08-23
1187,Mercearia,Massas e molhos,Macarrão com Ovos Dona Benta Espaguete Pacote com 500g,Dona Benta,2.99,2.99,0.18,2024-08-23
1061,Mercearia,Massas e molhos,Macarrão com Ovos Adria Espaguete Pacote com 500g,Adria,3.55,3.15,0.21,2024-08-23
1203,Mercearia,Massas e molhos,Macarrão com Ovos Dona Benta Penne Pacote com 500g,Dona Benta,2.99,2.99,0.18,2024-08-23
1433,Mercearia,Massas e molhos,Macarrão com Ovos Renata Espaguete Pacote com 500g,Renata,3.79,3.49,0.23,2024-08-23
1065,Mercearia,Massas e molhos,Macarrão com Ovos Adria Espaguetinho Nº9 Pacote com 500g,Adria,3.55,3.15,0.21,2024-08-23
1442,Mercearia,Massas e molhos,Macarrão com Ovos Renata Pena Pacote com 500g,Renata,3.79,3.49,0.23,2024-08-23
13073,Mercearia,"Cafés, chás e achocolatados",Filtro de Papel para Café Melitta Nº 103 Caixeta com 30 unidades,Melitta,3.49,3.49,0.21,2024-08-23
39240,Mercearia,Grãos,Milho para Pipoca Yoki Pacote com 400g,Yoki,5.49,4.99,0.33,2024-08-23
39238,Mercearia,Grãos,Milho para Pipoca Yoki Premium Pacote com 400g,Yoki,8.49,7.99,0.51,2024-08-23
31766,Limpeza,Limpeza de banheiro,Desinfetante Pinho Sol Original Frasco com 500ml,Pinho Sol,6.9,6.9,0.41,2024-08-23
38161,Limpeza,Limpeza de banheiro,Desinfetante Pinho Bril Plus Frasco com 500ml,Pinho Bril,4.54,4.32,0.27,2024-08-23
31494,Limpeza,Limpeza de banheiro,Desinfetante Lysoform Suave Frasco com 1L,Lysoform,14.65,13.25,0.88,2024-08-23
30600,Mercearia,Confeitaria,Leite Condensado Moça Integral Lata com 395g,Nestlé,7.68,7.28,0.46,2024-08-23
32839,Padaria e matinais,Leites,Leite Longa Vida Piracanjuba Com tampa Integral TP com 1L,Piracanjuba,5.35,5.15,0.32,2024-08-23
32447,Padaria e matinais,Leites,Leite Longa Vida Jussara Com tampa Integral TP com 1L,Jussara,5.15,4.95,0.31,2024-08-23
32828,Padaria e matinais,Leites,Leite Longa Vida Piracanjuba A2 Semidesnatado TP com 1L,Piracanjuba,5.99,5.99,0.36,2024-08-23
27280,Mercearia,Confeitaria,Creme de Leite Italac TP com 200g,Italac,3.19,2.89,0.19,2024-08-23
3984,Bebidas,Refrigerantes,Refrigerante Coca-Cola Sem açúcar Pet com 1L,Coca-Cola,4.89,4.89,0.29,2024-08-23
38145,Bebidas,Refrigerantes,Refrigerante Coca-Cola Sem açúcar Pet com 600ml,Coca-Cola,4.99,4.79,0.3,2024-08-23
64,Mercearia,Massas e molhos,Queijo Ralado Parmesão Président Pacote com 50g,Président,5.2,4.79,0.31,2024-08-23
36611,Mercearia,Massas e molhos,Queijo Parmesão Ralado Vigor Sachê com 50g,Vigor,4.99,4.99,0.3,2024-08-23
5350,Limpeza,Limpeza de banheiro,Água Sanitária Super Candida Frasco com 2L,Super Candida,5.49,4.99,0.33,2024-08-23
22295,Padaria e matinais,Pães e torradas,Pão de Forma Pullman Tradicional Pacote com 480g,Pullman,5.48,5.48,0.33,2024-08-23
38793,Padaria e matinais,Pães e torradas,Pão de Forma Visconti Tradicional Pacote com 400g,Visconti,5.49,5.49,0.33,2024-08-23
44028,Limpeza,Limpeza de casa,Removedor Suprema Tradicional Frasco com 1L,Suprema,5.99,5.99,0.36,2024-08-23
13743,Mercearia,Grãos,Arroz Camil Agulhinha - Tipo 1 Pacote com 5kg,Camil,27.98,27.98,1.68,2024-08-23
13757,Mercearia,Grãos,Arroz Camil Integral Pacote com 1kg,Camil,6.9,6.7,0.41,2024-08-23
9742,Mercearia,Grãos,Feijão Carioca Camil Tipo 1 Pacote com 1kg,Camil,6.1,5.98,0.37,2024-08-23
10394,Limpeza,Limpeza de roupas,Amaciante para Roupas Concentrado Comfort Azul Frasco com 500ml,Comfort,8.99,8.29,0.54,2024-08-23
10340,Limpeza,Limpeza de roupas,Amaciante para Roupas Comfort Lavanda Refil com 900ml,Comfort,14.99,13.99,0.9,2024-08-23
10382,Limpeza,Limpeza de roupas,"Amaciante para Roupas Concentrado Baby Soft Inspiração Fascinante Frasco com 1,5L",Baby Soft,10.9,9.9,0.65,2024-08-23
32659,Higiene e perfumaria,Desodorantes,Desodorante Aerossol Dove Men+Care Frasco com 200ml,Dove,18.9,17.9,1.13,2024-08-23
32932,Higiene e perfumaria,Desodorantes,Desodorante Aerossol Nivea Men Deep carvão Frasco com 150ml,Nivea,11.9,11.9,0.71,2024-08-23
29864,Limpeza,Limpeza de roupas,Tira Manchas em Gel Vanish Refil com 500ml,Vanish,11.2,10.2,0.67,2024-08-23
28483,Limpeza,Limpeza de roupas,Kit Tira Manchas Semorin Grátis 1 Sabão de Coco,Semorin,19.95,19.95,1.2,2024-08-23
14304,Mercearia,Salgadinhos e snacks,Salgadinho Batata Pringles Creme e Cebola Tubo com 109g,Pringles,9.75,8.98,0.59,2024-08-23
5057,Frios e congelados,Margarinas e manteigas,Manteiga Aviação Com sal Pote com 500g,Aviação,32.9,30.9,1.97,2024-08-23
5054,Frios e congelados,Margarinas e manteigas,Manteiga Aviação Com sal Pote com 200g,Aviação,14.5,13.9,0.87,2024-08-23
30248,Limpeza,Limpeza de roupas,Lava Roupas Líquido Omo Lavanda Refil com 900ml,Omo,13.9,12.9,0.83,2024-08-23
9235,Limpeza,Limpeza de roupas,Sabão em Barra Ypê Toque de Aveia e Coco Pacote com 5x180g,Ypê,14.9,13.9,0.89,2024-08-23
41949,Limpeza,Limpeza de roupas,Sabão em Barra Glicerinado Ypê Fresh Pacote com 900g,Ypê,14.89,13.89,0.89,2024-08-23
36732,Limpeza,Limpeza de cozinha,Detergente Líquido Ypê Neutro Frasco com 500ml,Ypê,1.89,1.89,0.11,2024-08-23
36708,Limpeza,Limpeza de cozinha,Detergente Líquido Ypê Clear Frasco com 500ml,Ypê,1.89,1.89,0.11,2024-08-23
36410,Limpeza,Limpeza de cozinha,Detergente Líquido Limpol Neutro Frasco com 500ml,Limpol,2.05,1.8,0.12,2024-08-23
36362,Limpeza,Limpeza de cozinha,Detergente Líquido Limpol Coco Frasco com 500ml,Limpol,2.05,1.8,0.12,2024-08-23
30248,Limpeza,Limpeza de roupas,Lava Roupas Líquido Omo Lavanda Refil com 900ml,Omo,13.9,12.9,0.83,2024-08-23
28483,Limpeza,Limpeza de roupas,Kit Tira Manchas Semorin Grátis 1 Sabão de Coco,Semorin,19.95,19.95,1.2,2024-08-23
25610,Higiene e perfumaria,Papel higiênico,Papel Higiênico Personal Vip Folha dupla - 30m Pacote com 12 rolos,Personal,18.99,17.99,1.14,2024-08-23
25621,Higiene e perfumaria,Papel higiênico,Papel Higiênico Personal Vip Folha dupla - 30m Pacote com 24 rolos,Personal,37.97,35.97,2.28,2024-08-23
915,Mercearia,"Cafés, chás e achocolatados",Café 3 Corações Tradicional Pacote com 500g,3 Corações,21.98,20.98,1.32,2024-08-23
924,Mercearia,"Cafés, chás e achocolatados",Café 3 Corações Tradicional - Vácuo Pacote com 500g,3 Corações,21.98,20.98,1.32,2024-08-23
2584,Mercearia,"Cafés, chás e achocolatados",Café Melitta Sabor da Fazenda Vácuo Caixeta com 500g,Melitta,19.98,19.98,1.2,2024-08-23
3148,Mercearia,"Cafés, chás e achocolatados",Café Premium 3 Corações Estrada Real Pacote com 500g,3 Corações,23.98,22.98,1.44,2024-08-23
2588,Mercearia,"Cafés, chás e achocolatados",Café Melitta Tradicional Pouch com 500g,Melitta,18.98,18.98,1.14,2024-08-23
3259,Mercearia,"Cafés, chás e achocolatados",Café Sabor da Fazenda Tradicional Pouch com 500g,Melitta,19.98,19.98,1.2,2024-08-23
20602,Higiene e perfumaria,Cabelo,Shampoo Clear Ice Cool Menthol Frasco com 400ml,Clear,22.89,21.69,1.37,2024-08-23
20562,Higiene e perfumaria,Cabelo,Shampoo Clear 2 em 1 Frasco com 400ml,Clear,22.89,21.69,1.37,2024-08-23
20745,Higiene e perfumaria,Cabelo,Shampoo Elseve Hidra Hialurônico Frasco com 400ml,Elseve,16.99,16.99,1.02,2024-08-23
33807,Bebidas,Vinhos,Vinho Argentino Concha Y Toro Malbec Garrafa com 750ml,Concha Y Toro,29.8,24.8,1.79,2024-08-23
34190,Bebidas,Vinhos,Vinho Chileno Casillero del Diablo Malbec Garrafa com 750ml,Casillero del Diablo,54.9,52.0,3.29,2024-08-23
16327,Mercearia,"Azeites, óleos e vinagres",Azeite de Oliva Andorinha Extra Virgem Vidro com 500ml,Andorinha,44.8,42.8,2.69,2024-08-23
16464,Mercearia,"Azeites, óleos e vinagres",Azeite de Oliva Gallo Extra virgem Vidro com 500ml,Gallo,45.9,43.9,2.75,2024-08-23
39643,Mercearia,"Azeites, óleos e vinagres",Azeite de Oliva Deleyda Extra Virgem Premium Vidro com 500ml,Deleyda,59.9,56.9,3.59,2024-08-23
30600,Mercearia,Confeitaria,Leite Condensado Moça Integral Lata com 395g,Nestlé,7.68,7.28,0.46,2024-08-23
32839,Padaria e matinais,Leites,Leite Longa Vida Piracanjuba Com tampa Integral TP com 1L,Piracanjuba,5.35,5.15,0.32,2024-08-23
32447,Padaria e matinais,Leites,Leite Longa Vida Jussara Com tampa Integral TP com 1L,Jussara,5.15,4.95,0.31,2024-08-23
7433,Mercearia,Farinhas,Farinha de Mandioca D'Cheff Temperada Tradicional Pacote com 300g,D'Cheff,6.49,5.99,0.39,2024-08-23
12638,Mercearia,Temperos e condimentos,Molho de Pimenta Knorr Vermelha Pet com 150ml,Knorr,5.4,5.2,0.32,2024-08-23
28585,Higiene e perfumaria,Higiene bucal,Creme Dental Colgate Tripla Ação Original Tubo com 90g,Colgate,4.44,4.14,0.27,2024-08-23
26381,Mercearia,Temperos e condimentos,Ketchup Heinz Tradicional Pet com 397g,Heinz,14.99,14.99,0.9,2024-08-23
17035,Mercearia,Temperos e condimentos,Orégano Kitano Sachê com 10g,Kitano,3.89,3.69,0.23,2024-08-23
19822,Bebidas,Destilados,Gin Seagers Garrafa com 1L,Seagers,44.89,42.89,2.69,2024-08-23
5634,Mercearia,Temperos e condimentos,Ajinomoto Refil com 100g,Ajinomoto,6.99,6.29,0.42,2024-08-23
14436,Mercearia,Temperos e condimentos,Molho Shoyu Sakura Pet com 150ml,Sakura,3.49,3.15,0.21,2024-08-23
12293,Mercearia,Temperos e condimentos,Molho de Mostarda Heinz Pet com 255g,Heinz,13.99,13.99,0.84,2024-08-23
12319,Mercearia,Temperos e condimentos,Molho de Mostarda Hemmer Dijon Pet com 200g,Hemmer,14.49,13.69,0.87,2024-08-23
30600,Mercearia,Confeitaria,Leite Condensado Moça Integral Lata com 395g,Nestlé,7.68,7.28,0.46,2024-08-23
27280,Mercearia,Confeitaria,Creme de Leite Italac TP com 200g,Italac,3.19,2.89,0.19,2024-08-23
38668,Padaria e matinais,Pães e torradas,Pullman Rap 10 Original Pacote com 297g,Pullman,8.98,8.98,0.54,2024-08-23
5666,Limpeza,Limpeza de cozinha,Esponja Scotch-Brite Pacote com 4 unidades,Scotch-Brite,6.15,5.79,0.37,2024-08-23
5658,Limpeza,Limpeza de cozinha,Esponja Scotch-Brite Não Risca Pacote com 3 unidades,Scotch-Brite,7.75,6.99,0.47,2024-08-23
16022,Mercearia,Bomboniere,Chiclete Mentos Fresh Mint Unidade com 56g,Mentos,0.0,0.0,0.0,2024-08-23
34777,Limpeza,Limpeza de casa,Limpador Perfumado Concentrado Coala Cereja e Avelã Frasco com 120ml,Coala,10.49,9.99,0.63,2024-08-23
12969,Mercearia,Massas e molhos,Molho de Tomate Heinz Tradicional Pouch com 300g,Heinz,2.69,2.69,0.16,2024-08-30
38763,Mercearia,Massas e molhos,Molho de Tomate Salsaretti Tradicional Pouch com 300g,Salsaretti,1.75,1.58,0.11,2024-08-30
13480,Mercearia,Massas e molhos,Molho de Tomate Salsaretti Passata Rústica Vidro com 680g,Salsaretti,12.99,12.49,0.78,2024-08-30
13206,Mercearia,Massas e molhos,Molho de Tomate Pomarola Chef Passata Vidro com 700g,Pomarola,18.9,18.3,1.13,2024-08-30
12942,Mercearia,Massas e molhos,Molho de Tomate Heinz Bolonhesa Pouch com 300g,Heinz,4.89,4.69,0.29,2024-08-30
12948,Mercearia,Massas e molhos,Molho de Tomate Heinz Manjericão Pouch com 300g,Heinz,4.78,4.78,0.29,2024-08-30
36732,Limpeza,Limpeza de cozinha,Detergente Líquido Ypê Neutro Frasco com 500ml,Ypê,2.39,2.19,0.14,2024-08-30
36410,Limpeza,Limpeza de cozinha,Detergente Líquido Limpol Neutro Frasco com 500ml,Limpol,2.09,1.95,0.13,2024-08-30
36708,Limpeza,Limpeza de cozinha,Detergente Líquido Ypê Clear Frasco com 500ml,Ypê,2.39,2.19,0.14,2024-08-30
36362,Limpeza,Limpeza de cozinha,Detergente Líquido Limpol Coco Frasco com 500ml,Limpol,2.09,1.95,0.13,2024-08-30
28319,Higiene e perfumaria,Higiene bucal,Creme Dental Colgate Máxima Proteção Anticáries Tubo com 90g,Colgate,3.89,3.64,0.23,2024-08-30
28585,Higiene e perfumaria,Higiene bucal,Creme Dental Colgate Tripla Ação Original Tubo com 90g,Colgate,4.44,4.14,0.27,2024-08-30
28697,Higiene e perfumaria,Higiene bucal,Creme Dental Oral-B 1-2-3 Tubo com 70g,Oral-B,2.39,2.39,0.14,2024-08-30
28745,Higiene e perfumaria,Higiene bucal,Creme Dental Oral-B 4 em 1 Tubo com 70g,Oral-B,3.75,3.4,0.23,2024-08-30
12460,Bebidas,Cervejas,Cerveja Heineken Lata com 269ml,Heineken,3.99,3.89,0.24,2024-08-30
12498,Bebidas,Cervejas,Cerveja Heineken Zero Long neck com 330ml,Heineken,5.68,5.68,0.34,2024-08-30
13351,Bebidas,Cervejas,Cerveja Spaten Puro Malte Lata com 350ml,Spaten,2.97,2.97,0.18,2024-08-30
13164,Bebidas,Cervejas,Cerveja Puro Malte Spaten Lata com 269ml,Spaten,2.49,2.49,0.15,2024-08-30
13356,Bebidas,Cervejas,Cerveja Spaten Puro Malte Long Neck com 355ml,Spaten,5.49,5.29,0.33,2024-08-30
12490,Bebidas,Cervejas,Cerveja Heineken Zero Lata com 269ml,Heineken,3.99,3.99,0.24,2024-08-30
12389,Bebidas,Cervejas,Cerveja Estrella Galicia Lata com 350ml,Estrella Galicia,4.39,4.19,0.26,2024-08-30
12385,Bebidas,Cervejas,Cerveja Estrella Galicia Lata com 269ml,Estrella Galicia,3.49,3.19,0.21,2024-08-30
12880,Bebidas,Cervejas,Cerveja Patagonia Amber Lager Lata com 350ml,Patagonia,5.69,5.49,0.34,2024-08-30
1187,Mercearia,Massas e molhos,Macarrão com Ovos Dona Benta Espaguete Pacote com 500g,Dona Benta,2.99,2.99,0.18,2024-08-30
1061,Mercearia,Massas e molhos,Macarrão com Ovos Adria Espaguete Pacote com 500g,Adria,3.69,3.39,0.22,2024-08-30
1203,Mercearia,Massas e molhos,Macarrão com Ovos Dona Benta Penne Pacote com 500g,Dona Benta,2.99,2.99,0.18,2024-08-30
1433,Mercearia,Massas e molhos,Macarrão com Ovos Renata Espaguete Pacote com 500g,Renata,3.79,3.49,0.23,2024-08-30
1090,Mercearia,Massas e molhos,Macarrão com Ovos Adria Pena Pacote com 500g,Adria,3.69,3.39,0.22,2024-08-30
1065,Mercearia,Massas e molhos,Macarrão com Ovos Adria Espaguetinho Nº9 Pacote com 500g,Adria,3.69,3.39,0.22,2024-08-30
1442,Mercearia,Massas e molhos,Macarrão com Ovos Renata Pena Pacote com 500g,Renata,3.79,3.49,0.23,2024-08-30
13073,Mercearia,"Cafés, chás e achocolatados",Filtro de Papel para Café Melitta Nº 103 Caixeta com 30 unidades,Melitta,3.89,3.69,0.23,2024-08-30
39240,Mercearia,Grãos,Milho para Pipoca Yoki Pacote com 400g,Yoki,5.49,4.99,0.33,2024-08-30
39238,Mercearia,Grãos,Milho para Pipoca Yoki Premium Pacote com 400g,Yoki,8.49,7.99,0.51,2024-08-30
31766,Limpeza,Limpeza de banheiro,Desinfetante Pinho Sol Original Frasco com 500ml,Pinho Sol,5.45,5.45,0.33,2024-08-30
38161,Limpeza,Limpeza de banheiro,Desinfetante Pinho Bril Plus Frasco com 500ml,Pinho Bril,3.99,3.99,0.24,2024-08-30
31494,Limpeza,Limpeza de banheiro,Desinfetante Lysoform Suave Frasco com 1L,Lysoform,14.65,13.25,0.88,2024-08-30
30600,Mercearia,Confeitaria,Leite Condensado Moça Integral Lata com 395g,Nestlé,8.45,7.84,0.51,2024-08-30
32839,Padaria e matinais,Leites,Leite Longa Vida Piracanjuba Com tampa Integral TP com 1L,Piracanjuba,5.35,5.15,0.32,2024-08-30
32447,Padaria e matinais,Leites,Leite Longa Vida Jussara Com tampa Integral TP com 1L,Jussara,5.25,4.99,0.32,2024-08-30
32828,Padaria e matinais,Leites,Leite Longa Vida Piracanjuba A2 Semidesnatado TP com 1L,Piracanjuba,5.99,5.99,0.36,2024-08-30
27280,Mercearia,Confeitaria,Creme de Leite Italac TP com 200g,Italac,3.19,2.89,0.19,2024-08-30
3984,Bebidas,Refrigerantes,Refrigerante Coca-Cola Sem açúcar Pet com 1L,Coca-Cola,4.89,4.89,0.29,2024-08-30
38145,Bebidas,Refrigerantes,Refrigerante Coca-Cola Sem açúcar Pet com 600ml,Coca-Cola,4.0,4.0,0.24,2024-08-30
64,Mercearia,Massas e molhos,Queijo Ralado Parmesão Président Pacote com 50g,Président,5.2,4.79,0.31,2024-08-30
36611,Mercearia,Massas e molhos,Queijo Parmesão Ralado Vigor Sachê com 50g,Vigor,4.99,4.99,0.3,2024-08-30
5350,Limpeza,Limpeza de banheiro,Água Sanitária Super Candida Frasco com 2L,Super Candida,4.49,4.49,0.27,2024-08-30
22295,Padaria e matinais,Pães e torradas,Pão de Forma Pullman Tradicional Pacote com 480g,Pullman,5.88,5.88,0.35,2024-08-30
38793,Padaria e matinais,Pães e torradas,Pão de Forma Visconti Tradicional Pacote com 400g,Visconti,6.39,5.69,0.38,2024-08-30
17933,Mercearia,Chocolates,Chocolate Nestlé Crunch Unidade com 80g,Nestlé,5.99,5.49,0.36,2024-08-30
44028,Limpeza,Limpeza de casa,Removedor Suprema Tradicional Frasco com 1L,Suprema,7.35,6.89,0.44,2024-08-30
13743,Mercearia,Grãos,Arroz Camil Agulhinha - Tipo 1 Pacote com 5kg,Camil,26.9,26.9,1.61,2024-08-30
13757,Mercearia,Grãos,Arroz Camil Integral Pacote com 1kg,Camil,6.9,6.7,0.41,2024-08-30
9742,Mercearia,Grãos,Feijão Carioca Camil Tipo 1 Pacote com 1kg,Camil,6.05,5.9,0.36,2024-08-30
10394,Limpeza,Limpeza de roupas,Amaciante para Roupas Concentrado Comfort Azul Frasco com 500ml,Comfort,8.59,8.59,0.52,2024-08-30
10340,Limpeza,Limpeza de roupas,Amaciante para Roupas Comfort Lavanda Refil com 900ml,Comfort,13.9,13.9,0.83,2024-08-30
10382,Limpeza,Limpeza de roupas,"Amaciante para Roupas Concentrado Baby Soft Inspiração Fascinante Frasco com 1,5L",Baby Soft,14.5,12.9,0.87,2024-08-30
32659,Higiene e perfumaria,Desodorantes,Desodorante Aerossol Dove Men+Care Frasco com 200ml,Dove,20.9,19.9,1.25,2024-08-30
32932,Higiene e perfumaria,Desodorantes,Desodorante Aerossol Nivea Men Deep carvão Frasco com 150ml,Nivea,11.9,11.9,0.71,2024-08-30
29864,Limpeza,Limpeza de roupas,Tira Manchas em Gel Vanish Refil com 500ml,Vanish,10.49,9.99,0.63,2024-08-30
28483,Limpeza,Limpeza de roupas,Kit Tira Manchas Semorin Grátis 1 Sabão de Coco,Semorin,19.95,19.95,1.2,2024-08-30
14304,Mercearia,Salgadinhos e snacks,Salgadinho Batata Pringles Creme e Cebola Tubo com 109g,Pringles,11.3,10.49,0.68,2024-08-30
5057,Frios e congelados,Margarinas e manteigas,Manteiga Aviação Com sal Pote com 500g,Aviação,32.9,30.9,1.97,2024-08-30
5054,Frios e congelados,Margarinas e manteigas,Manteiga Aviação Com sal Pote com 200g,Aviação,14.5,13.9,0.87,2024-08-30
30248,Limpeza,Limpeza de roupas,Lava Roupas Líquido Omo Lavanda Refil com 900ml,Omo,13.9,12.9,0.83,2024-08-30
9235,Limpeza,Limpeza de roupas,Sabão em Barra Ypê Toque de Aveia e Coco Pacote com 5x180g,Ypê,14.9,13.9,0.89,2024-08-30
41949,Limpeza,Limpeza de roupas,Sabão em Barra Glicerinado Ypê Fresh Pacote com 900g,Ypê,14.89,13.89,0.89,2024-08-30
25610,Higiene e perfumaria,Papel higiênico,Papel Higiênico Personal Vip Folha dupla - 30m Pacote com 12 rolos,Personal,19.79,18.79,1.19,2024-08-30
25621,Higiene e perfumaria,Papel higiênico,Papel Higiênico Personal Vip Folha dupla - 30m Pacote com 24 rolos,Personal,39.57,37.57,2.37,2024-08-30
915,Mercearia,"Cafés, chás e achocolatados",Café 3 Corações Tradicional Pacote com 500g,3 Corações,21.59,20.59,1.3,2024-08-30
924,Mercearia,"Cafés, chás e achocolatados",Café 3 Corações Tradicional - Vácuo Pacote com 500g,3 Corações,21.59,20.59,1.3,2024-08-30
2584,Mercearia,"Cafés, chás e achocolatados",Café Melitta Sabor da Fazenda Vácuo Caixeta com 500g,Melitta,23.28,22.28,1.4,2024-08-30
3148,Mercearia,"Cafés, chás e achocolatados",Café Premium 3 Corações Estrada Real Pacote com 500g,3 Corações,23.98,22.98,1.44,2024-08-30
2588,Mercearia,"Cafés, chás e achocolatados",Café Melitta Tradicional Pouch com 500g,Melitta,21.38,20.38,1.28,2024-08-30
3259,Mercearia,"Cafés, chás e achocolatados",Café Sabor da Fazenda Tradicional Pouch com 500g,Melitta,23.28,22.28,1.4,2024-08-30
20602,Higiene e perfumaria,Cabelo,Shampoo Clear Ice Cool Menthol Frasco com 400ml,Clear,19.89,18.9,1.19,2024-08-30
20562,Higiene e perfumaria,Cabelo,Shampoo Clear 2 em 1 Frasco com 400ml,Clear,22.89,21.69,1.19,2024-08-30
20745,Higiene e perfumaria,Cabelo,Shampoo Elseve Hidra Hialurônico Frasco com 400ml,Elseve,24.99,23.99,1.5,2024-08-30
33807,Bebidas,Vinhos,Vinho Argentino Concha Y Toro Malbec Garrafa com 750ml,Concha Y Toro,29.8,24.8,1.79,2024-08-30
34190,Bebidas,Vinhos,Vinho Chileno Casillero del Diablo Malbec Garrafa com 750ml,Casillero del Diablo,59.8,49.8,3.59,2024-08-30
16327,Mercearia,"Azeites, óleos e vinagres",Azeite de Oliva Andorinha Extra Virgem Vidro com 500ml,Andorinha,44.8,42.8,2.69,2024-08-30
16464,Mercearia,"Azeites, óleos e vinagres",Azeite de Oliva Gallo Extra virgem Vidro com 500ml,Gallo,38.9,38.9,2.33,2024-08-30
39643,Mercearia,"Azeites, óleos e vinagres",Azeite de Oliva Deleyda Extra Virgem Premium Vidro com 500ml,Deleyda,59.9,56.9,3.59,2024-08-30
7433,Mercearia,Farinhas,Farinha de Mandioca D'Cheff Temperada Tradicional Pacote com 300g,D'Cheff,6.49,5.99,0.39,2024-08-30
12638,Mercearia,Temperos e condimentos,Molho de Pimenta Knorr Vermelha Pet com 150ml,Knorr,5.4,5.2,0.32,2024-08-30
26381,Mercearia,Temperos e condimentos,Ketchup Heinz Tradicional Pet com 397g,Heinz,11.99,11.99,0.72,2024-08-30
17035,Mercearia,Temperos e condimentos,Orégano Kitano Sachê com 10g,Kitano,3.89,3.69,0.23,2024-08-30
19822,Bebidas,Destilados,Gin Seagers Garrafa com 1L,Seagers,44.89,42.89,2.69,2024-08-30
5634,Mercearia,Temperos e condimentos,Ajinomoto Refil com 100g,Ajinomoto,6.99,6.29,0.42,2024-08-30
14436,Mercearia,Temperos e condimentos,Molho Shoyu Sakura Pet com 150ml,Sakura,2.89,2.89,0.17,2024-08-30
12293,Mercearia,Temperos e condimentos,Molho de Mostarda Heinz Pet com 255g,Heinz,16.19,15.89,0.97,2024-08-30
12319,Mercearia,Temperos e condimentos,Molho de Mostarda Hemmer Dijon Pet com 200g,Hemmer,14.49,13.69,0.87,2024-08-30
38668,Padaria e matinais,Pães e torradas,Pullman Rap 10 Original Pacote com 297g,Pullman,8.48,8.48,0.51,2024-08-30
5666,Limpeza,Limpeza de cozinha,Esponja Scotch-Brite Pacote com 4 unidades,Scotch-Brite,6.79,6.29,0.41,2024-08-30
5658,Limpeza,Limpeza de cozinha,Esponja Scotch-Brite Não Risca Pacote com 3 unidades,Scotch-Brite,7.75,6.99,0.47,2024-08-30
16022,Mercearia,Bomboniere,Chiclete Mentos Fresh Mint Unidade com 56g,Mentos,10.9,9.9,0.65,2024-08-30
34777,Limpeza,Limpeza de casa,Limpador Perfumado Concentrado Coala Cereja e Avelã Frasco com 120ml,Coala,10.49,9.99,0.63,2024-08-30
12969,Mercearia,Massas e molhos,Molho de Tomate Heinz Tradicional Pouch com 300g,Heinz,2.98,2.98,0.18,2024-09-06
38763,Mercearia,Massas e molhos,Molho de Tomate Salsaretti Tradicional Pouch com 300g,Salsaretti,1.79,1.65,0.11,2024-09-06
13480,Mercearia,Massas e molhos,Molho de Tomate Salsaretti Passata Rústica Vidro com 680g,Salsaretti,12.99,12.49,0.78,2024-09-06
13206,Mercearia,Massas e molhos,Molho de Tomate Pomarola Chef Passata Vidro com 700g,Pomarola,18.9,18.3,1.13,2024-09-06
12942,Mercearia,Massas e molhos,Molho de Tomate Heinz Bolonhesa Pouch com 300g,Heinz,4.89,4.69,0.29,2024-09-06
12948,Mercearia,Massas e molhos,Molho de Tomate Heinz Manjericão Pouch com 300g,Heinz,4.78,4.78,0.29,2024-09-06
36732,Limpeza,Limpeza de cozinha,Detergente Líquido Ypê Neutro Frasco com 500ml,Ypê,1.89,1.89,0.11,2024-09-06
36410,Limpeza,Limpeza de cozinha,Detergente Líquido Limpol Neutro Frasco com 500ml,Limpol,1.95,1.95,0.12,2024-09-06
36708,Limpeza,Limpeza de cozinha,Detergente Líquido Ypê Clear Frasco com 500ml,Ypê,1.89,1.89,0.11,2024-09-06
36362,Limpeza,Limpeza de cozinha,Detergente Líquido Limpol Coco Frasco com 500ml,Limpol,1.95,1.95,0.12,2024-09-06
28319,Higiene e perfumaria,Higiene bucal,Creme Dental Colgate Máxima Proteção Anticáries Tubo com 90g,Colgate,3.89,3.64,0.23,2024-09-06
28585,Higiene e perfumaria,Higiene bucal,Creme Dental Colgate Tripla Ação Original Tubo com 90g,Colgate,4.44,4.14,0.27,2024-09-06
28697,Higiene e perfumaria,Higiene bucal,Creme Dental Oral-B 1-2-3 Tubo com 70g,Oral-B,2.39,2.39,0.14,2024-09-06
28745,Higiene e perfumaria,Higiene bucal,Creme Dental Oral-B 4 em 1 Tubo com 70g,Oral-B,3.75,3.4,0.23,2024-09-06
12460,Bebidas,Cervejas,Cerveja Heineken Lata com 269ml,Heineken,3.49,3.49,0.21,2024-09-06
12498,Bebidas,Cervejas,Cerveja Heineken Zero Long neck com 330ml,Heineken,5.98,5.98,0.36,2024-09-06
13164,Bebidas,Cervejas,Cerveja Puro Malte Spaten Lata com 269ml,Spaten,2.55,2.55,0.15,2024-09-06
13351,Bebidas,Cervejas,Cerveja Spaten Puro Malte Lata com 350ml,Spaten,3.79,3.79,0.23,2024-09-06
12490,Bebidas,Cervejas,Cerveja Heineken Zero Lata com 269ml,Heineken,3.99,3.99,0.24,2024-09-06
13356,Bebidas,Cervejas,Cerveja Spaten Puro Malte Long Neck com 355ml,Spaten,5.49,5.29,0.33,2024-09-06
12389,Bebidas,Cervejas,Cerveja Estrella Galicia Lata com 350ml,Estrella Galicia,4.39,4.19,0.26,2024-09-06
12385,Bebidas,Cervejas,Cerveja Estrella Galicia Lata com 269ml,Estrella Galicia,3.49,3.19,0.21,2024-09-06
12880,Bebidas,Cervejas,Cerveja Patagonia Amber Lager Lata com 350ml,Patagonia,5.69,5.49,0.34,2024-09-06
1061,Mercearia,Massas e molhos,Macarrão com Ovos Adria Espaguete Pacote com 500g,Adria,3.19,3.19,0.19,2024-09-06
1187,Mercearia,Massas e molhos,Macarrão com Ovos Dona Benta Espaguete Pacote com 500g,Dona Benta,3.69,3.29,0.22,2024-09-06
1203,Mercearia,Massas e molhos,Macarrão com Ovos Dona Benta Penne Pacote com 500g,Dona Benta,3.69,3.29,0.22,2024-09-06
1433,Mercearia,Massas e molhos,Macarrão com Ovos Renata Espaguete Pacote com 500g,Renata,3.79,3.49,0.23,2024-09-06
1090,Mercearia,Massas e molhos,Macarrão com Ovos Adria Pena Pacote com 500g,Adria,3.19,3.19,0.19,2024-09-06
1065,Mercearia,Massas e molhos,Macarrão com Ovos Adria Espaguetinho Nº9 Pacote com 500g,Adria,3.19,3.19,0.19,2024-09-06
1442,Mercearia,Massas e molhos,Macarrão com Ovos Renata Pena Pacote com 500g,Renata,3.79,3.49,0.23,2024-09-06
13073,Mercearia,"Cafés, chás e achocolatados",Filtro de Papel para Café Melitta Nº 103 Caixeta com 30 unidades,Melitta,3.49,3.49,0.21,2024-09-06
39240,Mercearia,Grãos,Milho para Pipoca Yoki Pacote com 400g,Yoki,5.49,4.99,0.33,2024-09-06
39238,Mercearia,Grãos,Milho para Pipoca Yoki Premium Pacote com 400g,Yoki,8.49,7.99,0.51,2024-09-06
31766,Limpeza,Limpeza de banheiro,Desinfetante Pinho Sol Original Frasco com 500ml,Pinho Sol,5.45,5.45,0.33,2024-09-06
38161,Limpeza,Limpeza de banheiro,Desinfetante Pinho Bril Plus Frasco com 500ml,Pinho Bril,3.99,3.99,0.24,2024-09-06
31494,Limpeza,Limpeza de banheiro,Desinfetante Lysoform Suave Frasco com 1L,Lysoform,10.9,9.9,0.65,2024-09-06
30600,Mercearia,Confeitaria,Leite Condensado Moça Integral Lata com 395g,Nestlé,8.45,7.84,0.51,2024-09-06
32839,Padaria e matinais,Leites,Leite Longa Vida Piracanjuba Com tampa Integral TP com 1L,Piracanjuba,5.69,5.49,0.34,2024-09-06
32447,Padaria e matinais,Leites,Leite Longa Vida Jussara Com tampa Integral TP com 1L,Jussara,5.39,5.19,0.32,2024-09-06
32452,Padaria e matinais,Leites,Leite Longa Vida Jussara Com tampa Semidesnatado TP com 1L,Jussara,5.29,5.09,0.32,2024-09-06
32828,Padaria e matinais,Leites,Leite Longa Vida Piracanjuba A2 Semidesnatado TP com 1L,Piracanjuba,5.99,5.99,0.36,2024-09-06
3984,Bebidas,Refrigerantes,Refrigerante Coca-Cola Sem açúcar Pet com 1L,Coca-Cola,4.89,4.69,0.29,2024-09-06
38145,Bebidas,Refrigerantes,Refrigerante Coca-Cola Sem açúcar Pet com 600ml,Coca-Cola,4.99,4.79,0.3,2024-09-06
64,Mercearia,Massas e molhos,Queijo Ralado Parmesão Président Pacote com 50g,Président,5.2,4.79,0.31,2024-09-06
36611,Mercearia,Massas e molhos,Queijo Parmesão Ralado Vigor Sachê com 50g,Vigor,4.99,4.99,0.3,2024-09-06
5350,Limpeza,Limpeza de banheiro,Água Sanitária Super Candida Frasco com 2L,Super Candida,4.69,4.69,0.28,2024-09-06
22295,Padaria e matinais,Pães e torradas,Pão de Forma Pullman Tradicional Pacote com 480g,Pullman,6.48,6.48,0.39,2024-09-06
38793,Padaria e matinais,Pães e torradas,Pão de Forma Visconti Tradicional Pacote com 400g,Visconti,6.39,5.69,0.38,2024-09-06
17933,Mercearia,Chocolates,Chocolate Nestlé Crunch Unidade com 80g,Nestlé,5.99,5.49,0.36,2024-09-06
44028,Limpeza,Limpeza de casa,Removedor Suprema Tradicional Frasco com 1L,Suprema,7.49,6.99,0.45,2024-09-06
13743,Mercearia,Grãos,Arroz Camil Agulhinha - Tipo 1 Pacote com 5kg,Camil,29.5,29.0,1.77,2024-09-06
13757,Mercearia,Grãos,Arroz Camil Integral Pacote com 1kg,Camil,6.9,6.7,0.41,2024-09-06
9742,Mercearia,Grãos,Feijão Carioca Camil Tipo 1 Pacote com 1kg,Camil,5.89,5.79,0.35,2024-09-06
10394,Limpeza,Limpeza de roupas,Amaciante para Roupas Concentrado Comfort Azul Frasco com 500ml,Comfort,7.89,7.89,0.47,2024-09-06
10340,Limpeza,Limpeza de roupas,Amaciante para Roupas Comfort Lavanda Refil com 900ml,Comfort,15.29,13.89,0.92,2024-09-06
10382,Limpeza,Limpeza de roupas,"Amaciante para Roupas Concentrado Baby Soft Inspiração Fascinante Frasco com 1,5L",Baby Soft,9.8,9.8,0.59,2024-09-06
32659,Higiene e perfumaria,Desodorantes,Desodorante Aerossol Dove Men+Care Frasco com 200ml,Dove,20.9,19.9,1.25,2024-09-06
32932,Higiene e perfumaria,Desodorantes,Desodorante Aerossol Nivea Men Deep carvão Frasco com 150ml,Nivea,10.89,10.89,0.65,2024-09-06
29864,Limpeza,Limpeza de roupas,Tira Manchas em Gel Vanish Refil com 500ml,Vanish,8.9,8.9,0.53,2024-09-06
28483,Limpeza,Limpeza de roupas,Kit Tira Manchas Semorin Grátis 1 Sabão de Coco,Semorin,19.95,19.95,1.2,2024-09-06
14304,Mercearia,Salgadinhos e snacks,Salgadinho Batata Pringles Creme e Cebola Tubo com 109g,Pringles,11.89,10.79,0.71,2024-09-06
5057,Frios e congelados,Margarinas e manteigas,Manteiga Aviação Com sal Pote com 500g,Aviação,32.9,30.9,1.97,2024-09-06
5054,Frios e congelados,Margarinas e manteigas,Manteiga Aviação Com sal Pote com 200g,Aviação,14.5,13.9,0.87,2024-09-06
30248,Limpeza,Limpeza de roupas,Lava Roupas Líquido Omo Lavanda Refil com 900ml,Omo,13.9,12.9,0.83,2024-09-06
9235,Limpeza,Limpeza de roupas,Sabão em Barra Ypê Toque de Aveia e Coco Pacote com 5x180g,Ypê,14.9,13.9,0.89,2024-09-06
41949,Limpeza,Limpeza de roupas,Sabão em Barra Glicerinado Ypê Fresh Pacote com 900g,Ypê,14.89,13.89,0.89,2024-09-06
25610,Higiene e perfumaria,Papel higiênico,Papel Higiênico Personal Vip Folha dupla - 30m Pacote com 12 rolos,Personal,16.49,16.49,0.99,2024-09-06
25621,Higiene e perfumaria,Papel higiênico,Papel Higiênico Personal Vip Folha dupla - 30m Pacote com 24 rolos,Personal,32.97,32.97,1.98,2024-09-06
915,Mercearia,"Cafés, chás e achocolatados",Café 3 Corações Tradicional Pacote com 500g,3 Corações,18.98,18.98,1.14,2024-09-06
924,Mercearia,"Cafés, chás e achocolatados",Café 3 Corações Tradicional - Vácuo Pacote com 500g,3 Corações,18.98,18.98,1.14,2024-09-06
2584,Mercearia,"Cafés, chás e achocolatados",Café Melitta Sabor da Fazenda Vácuo Caixeta com 500g,Melitta,23.28,22.28,1.4,2024-09-06
3148,Mercearia,"Cafés, chás e achocolatados",Café Premium 3 Corações Estrada Real Pacote com 500g,3 Corações,23.98,22.98,1.44,2024-09-06
2588,Mercearia,"Cafés, chás e achocolatados",Café Melitta Tradicional Pouch com 500g,Melitta,18.28,18.28,1.1,2024-09-06
3259,Mercearia,"Cafés, chás e achocolatados",Café Sabor da Fazenda Tradicional Pouch com 500g,Melitta,23.28,22.28,1.4,2024-09-06
20602,Higiene e perfumaria,Cabelo,Shampoo Clear Ice Cool Menthol Frasco com 400ml,Clear,19.89,18.9,1.19,2024-09-06
20562,Higiene e perfumaria,Cabelo,Shampoo Clear 2 em 1 Frasco com 400ml,Clear,19.89,18.9,1.19,2024-09-06
20745,Higiene e perfumaria,Cabelo,Shampoo Elseve Hidra Hialurônico Frasco com 400ml,Elseve,17.9,17.9,1.07,2024-09-06
33807,Bebidas,Vinhos,Vinho Argentino Concha Y Toro Malbec Garrafa com 750ml,Concha Y Toro,29.8,24.8,1.79,2024-09-06
34190,Bebidas,Vinhos,Vinho Chileno Casillero del Diablo Malbec Garrafa com 750ml,Casillero del Diablo,58.9,55.9,3.53,2024-09-06
16327,Mercearia,"Azeites, óleos e vinagres",Azeite de Oliva Andorinha Extra Virgem Vidro com 500ml,Andorinha,38.9,38.9,2.33,2024-09-06
16464,Mercearia,"Azeites, óleos e vinagres",Azeite de Oliva Gallo Extra virgem Vidro com 500ml,Gallo,45.9,43.9,2.75,2024-09-06
39643,Mercearia,"Azeites, óleos e vinagres",Azeite de Oliva Deleyda Extra Virgem Premium Vidro com 500ml,Deleyda,59.9,56.9,3.59,2024-09-06
7433,Mercearia,Farinhas,Farinha de Mandioca D'Cheff Temperada Tradicional Pacote com 300g,D'Cheff,6.49,5.99,0.39,2024-09-06
12638,Mercearia,Temperos e condimentos,Molho de Pimenta Knorr Vermelha Pet com 150ml,Knorr,0.0,0.0,0.0,2024-09-06
26381,Mercearia,Temperos e condimentos,Ketchup Heinz Tradicional Pet com 397g,Heinz,13.69,13.69,0.82,2024-09-06
17035,Mercearia,Temperos e condimentos,Orégano Kitano Sachê com 10g,Kitano,3.89,3.69,0.23,2024-09-06
19822,Bebidas,Destilados,Gin Seagers Garrafa com 1L,Seagers,44.89,42.89,2.69,2024-09-06
5634,Mercearia,Temperos e condimentos,Ajinomoto Refil com 100g,Ajinomoto,6.99,6.29,0.42,2024-09-06
14436,Mercearia,Temperos e condimentos,Molho Shoyu Sakura Pet com 150ml,Sakura,3.49,3.29,0.21,2024-09-06
12293,Mercearia,Temperos e condimentos,Molho de Mostarda Heinz Pet com 255g,Heinz,13.99,13.99,0.84,2024-09-06
12319,Mercearia,Temperos e condimentos,Molho de Mostarda Hemmer Dijon Pet com 200g,Hemmer,14.49,13.69,0.87,2024-09-06
27280,Mercearia,Confeitaria,Creme de Leite Italac TP com 200g,Italac,3.19,2.89,0.19,2024-09-06
38668,Padaria e matinais,Pães e torradas,Pullman Rap 10 Original Pacote com 297g,Pullman,8.98,8.98,0.54,2024-09-06
5666,Limpeza,Limpeza de cozinha,Esponja Scotch-Brite Pacote com 4 unidades,Scotch-Brite,6.65,6.2,0.4,2024-09-06
5658,Limpeza,Limpeza de cozinha,Esponja Scotch-Brite Não Risca Pacote com 3 unidades,Scotch-Brite,8.15,7.35,0.49,2024-09-06
16022,Mercearia,Bomboniere,Chiclete Mentos Fresh Mint Unidade com 56g,Mentos,10.9,9.9,0.65,2024-09-06
34777,Limpeza,Limpeza de casa,Limpador Perfumado Concentrado Coala Cereja e Avelã Frasco com 120ml,Coala,8.49,8.49,0.51,2024-09-06
12969,Mercearia,Massas e molhos,Molho de Tomate Heinz Tradicional Pouch com 300g,Heinz,3.49,3.39,0.21,2024-09-12
38763,Mercearia,Massas e molhos,Molho de Tomate Salsaretti Tradicional Pouch com 300g,Salsaretti,1.79,1.65,0.11,2024-09-12
13480,Mercearia,Massas e molhos,Molho de Tomate Salsaretti Passata Rústica Vidro com 680g,Salsaretti,12.99,12.49,0.78,2024-09-12
13206,Mercearia,Massas e molhos,Molho de Tomate Pomarola Chef Passata Vidro com 700g,Pomarola,18.9,18.3,1.13,2024-09-12
12942,Mercearia,Massas e molhos,Molho de Tomate Heinz Bolonhesa Pouch com 300g,Heinz,4.89,4.69,0.29,2024-09-12
12948,Mercearia,Massas e molhos,Molho de Tomate Heinz Manjericão Pouch com 300g,Heinz,4.78,4.78,0.29,2024-09-12
36732,Limpeza,Limpeza de cozinha,Detergente Líquido Ypê Neutro Frasco com 500ml,Ypê,2.39,2.19,0.14,2024-09-12
36410,Limpeza,Limpeza de cozinha,Detergente Líquido Limpol Neutro Frasco com 500ml,Limpol,2.09,1.95,0.13,2024-09-12
36708,Limpeza,Limpeza de cozinha,Detergente Líquido Ypê Clear Frasco com 500ml,Ypê,2.39,2.19,0.14,2024-09-12
36362,Limpeza,Limpeza de cozinha,Detergente Líquido Limpol Coco Frasco com 500ml,Limpol,2.09,1.95,0.13,2024-09-12
28319,Higiene e perfumaria,Higiene bucal,Creme Dental Colgate Máxima Proteção Anticáries Tubo com 90g,Colgate,3.89,3.64,0.23,2024-09-12
28585,Higiene e perfumaria,Higiene bucal,Creme Dental Colgate Tripla Ação Original Tubo com 90g,Colgate,4.44,4.14,0.27,2024-09-12
28697,Higiene e perfumaria,Higiene bucal,Creme Dental Oral-B 1-2-3 Tubo com 70g,Oral-B,2.46,2.46,0.15,2024-09-12
28745,Higiene e perfumaria,Higiene bucal,Creme Dental Oral-B 4 em 1 Tubo com 70g,Oral-B,3.75,3.4,0.23,2024-09-12
12460,Bebidas,Cervejas,Cerveja Heineken Lata com 269ml,Heineken,3.99,3.89,0.24,2024-09-12
12498,Bebidas,Cervejas,Cerveja Heineken Zero Long neck com 330ml,Heineken,6.79,6.39,0.41,2024-09-12
13351,Bebidas,Cervejas,Cerveja Spaten Puro Malte Lata com 350ml,Spaten,4.35,4.25,0.26,2024-09-12
12490,Bebidas,Cervejas,Cerveja Heineken Zero Lata com 269ml,Heineken,3.99,3.99,0.24,2024-09-12
13356,Bebidas,Cervejas,Cerveja Spaten Puro Malte Long Neck com 355ml,Spaten,5.49,5.29,0.33,2024-09-12
12389,Bebidas,Cervejas,Cerveja Estrella Galicia Lata com 350ml,Estrella Galicia,4.39,4.19,0.26,2024-09-12
12385,Bebidas,Cervejas,Cerveja Estrella Galicia Lata com 269ml,Estrella Galicia,3.49,3.19,0.21,2024-09-12
12880,Bebidas,Cervejas,Cerveja Patagonia Amber Lager Lata com 350ml,Patagonia,5.69,5.49,0.34,2024-09-12
1061,Mercearia,Massas e molhos,Macarrão com Ovos Adria Espaguete Pacote com 500g,Adria,3.69,3.39,0.22,2024-09-12
1187,Mercearia,Massas e molhos,Macarrão com Ovos Dona Benta Espaguete Pacote com 500g,Dona Benta,3.69,3.29,0.22,2024-09-12
1203,Mercearia,Massas e molhos,Macarrão com Ovos Dona Benta Penne Pacote com 500g,Dona Benta,3.69,3.29,0.22,2024-09-12
1433,Mercearia,Massas e molhos,Macarrão com Ovos Renata Espaguete Pacote com 500g,Renata,3.79,3.49,0.23,2024-09-12
1090,Mercearia,Massas e molhos,Macarrão com Ovos Adria Pena Pacote com 500g,Adria,3.69,3.39,0.22,2024-09-12
1065,Mercearia,Massas e molhos,Macarrão com Ovos Adria Espaguetinho Nº9 Pacote com 500g,Adria,3.69,3.39,0.22,2024-09-12
1442,Mercearia,Massas e molhos,Macarrão com Ovos Renata Pena Pacote com 500g,Renata,3.79,3.49,0.23,2024-09-12
13073,Mercearia,"Cafés, chás e achocolatados",Filtro de Papel para Café Melitta Nº 103 Caixeta com 30 unidades,Melitta,3.89,3.69,0.23,2024-09-12
39240,Mercearia,Grãos,Milho para Pipoca Yoki Pacote com 400g,Yoki,5.49,4.99,0.33,2024-09-12
39238,Mercearia,Grãos,Milho para Pipoca Yoki Premium Pacote com 400g,Yoki,8.49,7.99,0.51,2024-09-12
31766,Limpeza,Limpeza de banheiro,Desinfetante Pinho Sol Original Frasco com 500ml,Pinho Sol,6.9,6.49,0.41,2024-09-12
38161,Limpeza,Limpeza de banheiro,Desinfetante Pinho Bril Plus Frasco com 500ml,Pinho Bril,4.89,4.25,0.29,2024-09-12
31494,Limpeza,Limpeza de banheiro,Desinfetante Lysoform Suave Frasco com 1L,Lysoform,14.65,13.29,0.88,2024-09-12
30600,Mercearia,Confeitaria,Leite Condensado Moça Integral Lata com 395g,Nestlé,8.45,7.84,0.51,2024-09-12
32839,Padaria e matinais,Leites,Leite Longa Vida Piracanjuba Com tampa Integral TP com 1L,Piracanjuba,5.69,5.49,0.34,2024-09-12
32447,Padaria e matinais,Leites,Leite Longa Vida Jussara Com tampa Integral TP com 1L,Jussara,5.45,5.25,0.33,2024-09-12
32452,Padaria e matinais,Leites,Leite Longa Vida Jussara Com tampa Semidesnatado TP com 1L,Jussara,5.39,5.19,0.32,2024-09-12
32828,Padaria e matinais,Leites,Leite Longa Vida Piracanjuba A2 Semidesnatado TP com 1L,Piracanjuba,5.99,5.99,0.36,2024-09-12
3984,Bebidas,Refrigerantes,Refrigerante Coca-Cola Sem açúcar Pet com 1L,Coca-Cola,4.89,4.69,0.29,2024-09-12
36611,Mercearia,Massas e molhos,Queijo Parmesão Ralado Vigor Sachê com 50g,Vigor,4.99,4.99,0.3,2024-09-12
64,Mercearia,Massas e molhos,Queijo Ralado Parmesão Président Pacote com 50g,Président,5.2,4.79,0.31,2024-09-12
5350,Limpeza,Limpeza de banheiro,Água Sanitária Super Candida Frasco com 2L,Super Candida,5.49,4.99,0.33,2024-09-12
22295,Padaria e matinais,Pães e torradas,Pão de Forma Pullman Tradicional Pacote com 480g,Pullman,6.48,6.48,0.39,2024-09-12
38793,Padaria e matinais,Pães e torradas,Pão de Forma Visconti Tradicional Pacote com 400g,Visconti,6.39,5.69,0.38,2024-09-12
17933,Mercearia,Chocolates,Chocolate Nestlé Crunch Unidade com 80g,Nestlé,6.79,6.19,0.41,2024-09-12
44028,Limpeza,Limpeza de casa,Removedor Suprema Tradicional Frasco com 1L,Suprema,7.35,6.89,0.44,2024-09-12
13743,Mercearia,Grãos,Arroz Camil Agulhinha - Tipo 1 Pacote com 5kg,Camil,29.5,29.0,1.77,2024-09-12
13757,Mercearia,Grãos,Arroz Camil Integral Pacote com 1kg,Camil,6.9,6.7,0.41,2024-09-12
9742,Mercearia,Grãos,Feijão Carioca Camil Tipo 1 Pacote com 1kg,Camil,5.89,5.79,0.35,2024-09-12
10394,Limpeza,Limpeza de roupas,Amaciante para Roupas Concentrado Comfort Azul Frasco com 500ml,Comfort,9.49,8.59,0.57,2024-09-12
10340,Limpeza,Limpeza de roupas,Amaciante para Roupas Comfort Lavanda Refil com 900ml,Comfort,15.29,13.89,0.92,2024-09-12
10382,Limpeza,Limpeza de roupas,"Amaciante para Roupas Concentrado Baby Soft Inspiração Fascinante Frasco com 1,5L",Baby Soft,14.5,12.9,0.87,2024-09-12
32659,Higiene e perfumaria,Desodorantes,Desodorante Aerossol Dove Men+Care Frasco com 200ml,Dove,20.9,19.9,1.25,2024-09-12
32932,Higiene e perfumaria,Desodorantes,Desodorante Aerossol Nivea Men Deep carvão Frasco com 150ml,Nivea,11.9,11.9,0.71,2024-09-12
29864,Limpeza,Limpeza de roupas,Tira Manchas em Gel Vanish Refil com 500ml,Vanish,12.0,11.0,0.72,2024-09-12
28483,Limpeza,Limpeza de roupas,Kit Tira Manchas Semorin Grátis 1 Sabão de Coco,Semorin,19.95,19.95,1.2,2024-09-12
14304,Mercearia,Salgadinhos e snacks,Salgadinho Batata Pringles Creme e Cebola Tubo com 109g,Pringles,11.89,10.79,0.71,2024-09-12
5057,Frios e congelados,Margarinas e manteigas,Manteiga Aviação Com sal Pote com 500g,Aviação,32.9,30.9,1.97,2024-09-12
5054,Frios e congelados,Margarinas e manteigas,Manteiga Aviação Com sal Pote com 200g,Aviação,14.5,13.9,0.87,2024-09-12
30248,Limpeza,Limpeza de roupas,Lava Roupas Líquido Omo Lavanda Refil com 900ml,Omo,13.9,12.49,0.83,2024-09-12
9235,Limpeza,Limpeza de roupas,Sabão em Barra Ypê Toque de Aveia e Coco Pacote com 5x180g,Ypê,14.9,13.9,0.89,2024-09-12
41949,Limpeza,Limpeza de roupas,Sabão em Barra Glicerinado Ypê Fresh Pacote com 900g,Ypê,14.89,13.89,0.89,2024-09-12
25610,Higiene e perfumaria,Papel higiênico,Papel Higiênico Personal Vip Folha dupla - 30m Pacote com 12 rolos,Personal,19.79,18.79,1.19,2024-09-12
25621,Higiene e perfumaria,Papel higiênico,Papel Higiênico Personal Vip Folha dupla - 30m Pacote com 24 rolos,Personal,39.57,37.57,2.37,2024-09-12
915,Mercearia,"Cafés, chás e achocolatados",Café 3 Corações Tradicional Pacote com 500g,3 Corações,22.28,21.28,1.34,2024-09-12
924,Mercearia,"Cafés, chás e achocolatados",Café 3 Corações Tradicional - Vácuo Pacote com 500g,3 Corações,22.28,21.28,1.34,2024-09-12
3148,Mercearia,"Cafés, chás e achocolatados",Café Premium 3 Corações Estrada Real Pacote com 500g,3 Corações,23.98,22.98,1.44,2024-09-12
2584,Mercearia,"Cafés, chás e achocolatados",Café Melitta Sabor da Fazenda Vácuo Caixeta com 500g,Melitta,23.28,22.28,1.4,2024-09-12
2588,Mercearia,"Cafés, chás e achocolatados",Café Melitta Tradicional Pouch com 500g,Melitta,21.38,20.38,1.28,2024-09-12
3259,Mercearia,"Cafés, chás e achocolatados",Café Sabor da Fazenda Tradicional Pouch com 500g,Melitta,23.28,22.28,1.4,2024-09-12
20602,Higiene e perfumaria,Cabelo,Shampoo Clear Ice Cool Menthol Frasco com 400ml,Clear,19.89,18.9,1.19,2024-09-12
20562,Higiene e perfumaria,Cabelo,Shampoo Clear 2 em 1 Frasco com 400ml,Clear,19.89,18.9,1.19,2024-09-12
20745,Higiene e perfumaria,Cabelo,Shampoo Elseve Hidra Hialurônico Frasco com 400ml,Elseve,24.99,23.99,1.5,2024-09-12
33807,Bebidas,Vinhos,Vinho Argentino Concha Y Toro Malbec Garrafa com 750ml,Concha Y Toro,29.8,24.8,1.79,2024-09-12
34190,Bebidas,Vinhos,Vinho Chileno Casillero del Diablo Malbec Garrafa com 750ml,Casillero del Diablo,58.9,55.9,3.53,2024-09-12
16327,Mercearia,"Azeites, óleos e vinagres",Azeite de Oliva Andorinha Extra Virgem Vidro com 500ml,Andorinha,44.8,42.8,2.69,2024-09-12
16464,Mercearia,"Azeites, óleos e vinagres",Azeite de Oliva Gallo Extra virgem Vidro com 500ml,Gallo,45.9,43.9,2.75,2024-09-12
39643,Mercearia,"Azeites, óleos e vinagres",Azeite de Oliva Deleyda Extra Virgem Premium Vidro com 500ml,Deleyda,59.9,56.9,3.59,2024-09-12
7433,Mercearia,Farinhas,Farinha de Mandioca D'Cheff Temperada Tradicional Pacote com 300g,D'Cheff,6.49,5.99,0.39,2024-09-12
12638,Mercearia,Temperos e condimentos,Molho de Pimenta Knorr Vermelha Pet com 150ml,Knorr,5.4,5.2,0.32,2024-09-12
26381,Mercearia,Temperos e condimentos,Ketchup Heinz Tradicional Pet com 397g,Heinz,15.49,14.99,0.93,2024-09-12
17035,Mercearia,Temperos e condimentos,Orégano Kitano Sachê com 10g,Kitano,3.89,3.69,0.23,2024-09-12
19822,Bebidas,Destilados,Gin Seagers Garrafa com 1L,Seagers,44.89,42.89,2.69,2024-09-12
5634,Mercearia,Temperos e condimentos,Ajinomoto Refil com 100g,Ajinomoto,6.99,6.29,0.42,2024-09-12
14436,Mercearia,Temperos e condimentos,Molho Shoyu Sakura Pet com 150ml,Sakura,3.49,3.29,0.21,2024-09-12
12293,Mercearia,Temperos e condimentos,Molho de Mostarda Heinz Pet com 255g,Heinz,13.99,13.89,0.84,2024-09-12
12319,Mercearia,Temperos e condimentos,Molho de Mostarda Hemmer Dijon Pet com 200g,Hemmer,14.49,13.69,0.87,2024-09-12
27280,Mercearia,Confeitaria,Creme de Leite Italac TP com 200g,Italac,3.19,2.89,0.19,2024-09-12
38668,Padaria e matinais,Pães e torradas,Pullman Rap 10 Original Pacote com 297g,Pullman,8.98,8.98,0.54,2024-09-12
5666,Limpeza,Limpeza de cozinha,Esponja Scotch-Brite Pacote com 4 unidades,Scotch-Brite,6.39,5.98,0.38,2024-09-12
5658,Limpeza,Limpeza de cozinha,Esponja Scotch-Brite Não Risca Pacote com 3 unidades,Scotch-Brite,8.15,7.35,0.49,2024-09-12
16022,Mercearia,Bomboniere,Chiclete Mentos Fresh Mint Unidade com 56g,Mentos,10.9,9.9,0.65,2024-09-12
34777,Limpeza,Limpeza de casa,Limpador Perfumado Concentrado Coala Cereja e Avelã Frasco com 120ml,Coala,10.49,9.99,0.63,2024-09-12
12969,Mercearia,Massas e molhos,Molho de Tomate Heinz Tradicional Pouch com 300g,Heinz,3.59,3.49,0.22,2024-09-13
38763,Mercearia,Massas e molhos,Molho de Tomate Salsaretti Tradicional Pouch com 300g,Salsaretti,1.79,1.69,0.11,2024-09-13
13480,Mercearia,Massas e molhos,Molho de Tomate Salsaretti Passata Rústica Vidro com 680g,Salsaretti,12.99,12.49,0.78,2024-09-13
13206,Mercearia,Massas e molhos,Molho de Tomate Pomarola Chef Passata Vidro com 700g,Pomarola,18.9,18.3,1.13,2024-09-13
12942,Mercearia,Massas e molhos,Molho de Tomate Heinz Bolonhesa Pouch com 300g,Heinz,4.89,4.69,0.29,2024-09-13
12948,Mercearia,Massas e molhos,Molho de Tomate Heinz Manjericão Pouch com 300g,Heinz,4.78,4.78,0.29,2024-09-13
36732,Limpeza,Limpeza de cozinha,Detergente Líquido Ypê Neutro Frasco com 500ml,Ypê,2.39,2.19,0.14,2024-09-13
36410,Limpeza,Limpeza de cozinha,Detergente Líquido Limpol Neutro Frasco com 500ml,Limpol,2.09,1.95,0.13,2024-09-13
36708,Limpeza,Limpeza de cozinha,Detergente Líquido Ypê Clear Frasco com 500ml,Ypê,2.39,2.19,0.14,2024-09-13
36362,Limpeza,Limpeza de cozinha,Detergente Líquido Limpol Coco Frasco com 500ml,Limpol,2.09,1.95,0.13,2024-09-13
28319,Higiene e perfumaria,Higiene bucal,Creme Dental Colgate Máxima Proteção Anticáries Tubo com 90g,Colgate,3.89,3.64,0.23,2024-09-13
28585,Higiene e perfumaria,Higiene bucal,Creme Dental Colgate Tripla Ação Original Tubo com 90g,Colgate,4.45,4.25,0.27,2024-09-13
28697,Higiene e perfumaria,Higiene bucal,Creme Dental Oral-B 1-2-3 Tubo com 70g,Oral-B,2.15,2.15,0.13,2024-09-13
28745,Higiene e perfumaria,Higiene bucal,Creme Dental Oral-B 4 em 1 Tubo com 70g,Oral-B,3.75,3.4,0.23,2024-09-13
12460,Bebidas,Cervejas,Cerveja Heineken Lata com 269ml,Heineken,3.99,3.89,0.24,2024-09-13
12498,Bebidas,Cervejas,Cerveja Heineken Zero Long neck com 330ml,Heineken,6.79,6.39,0.41,2024-09-13
13164,Bebidas,Cervejas,Cerveja Puro Malte Spaten Lata com 269ml,Spaten,2.49,2.49,0.15,2024-09-13
13351,Bebidas,Cervejas,Cerveja Spaten Puro Malte Lata com 350ml,Spaten,4.35,4.25,0.26,2024-09-13
12490,Bebidas,Cervejas,Cerveja Heineken Zero Lata com 269ml,Heineken,3.99,3.99,0.24,2024-09-13
13356,Bebidas,Cervejas,Cerveja Spaten Puro Malte Long Neck com 355ml,Spaten,5.49,5.29,0.33,2024-09-13
12389,Bebidas,Cervejas,Cerveja Estrella Galicia Lata com 350ml,Estrella Galicia,4.39,4.19,0.26,2024-09-13
12385,Bebidas,Cervejas,Cerveja Estrella Galicia Lata com 269ml,Estrella Galicia,3.49,3.19,0.21,2024-09-13
12880,Bebidas,Cervejas,Cerveja Patagonia Amber Lager Lata com 350ml,Patagonia,5.69,5.49,0.34,2024-09-13
1061,Mercearia,Massas e molhos,Macarrão com Ovos Adria Espaguete Pacote com 500g,Adria,3.69,3.39,0.22,2024-09-13
1187,Mercearia,Massas e molhos,Macarrão com Ovos Dona Benta Espaguete Pacote com 500g,Dona Benta,3.69,3.49,0.22,2024-09-13
1203,Mercearia,Massas e molhos,Macarrão com Ovos Dona Benta Penne Pacote com 500g,Dona Benta,3.69,3.49,0.22,2024-09-13
1433,Mercearia,Massas e molhos,Macarrão com Ovos Renata Espaguete Pacote com 500g,Renata,3.79,3.49,0.23,2024-09-13
1090,Mercearia,Massas e molhos,Macarrão com Ovos Adria Pena Pacote com 500g,Adria,3.69,3.39,0.22,2024-09-13
1065,Mercearia,Massas e molhos,Macarrão com Ovos Adria Espaguetinho Nº9 Pacote com 500g,Adria,3.69,3.39,0.22,2024-09-13
1442,Mercearia,Massas e molhos,Macarrão com Ovos Renata Pena Pacote com 500g,Renata,3.79,3.49,0.23,2024-09-13
13073,Mercearia,"Cafés, chás e achocolatados",Filtro de Papel para Café Melitta Nº 103 Caixeta com 30 unidades,Melitta,3.89,3.69,0.23,2024-09-13
39240,Mercearia,Grãos,Milho para Pipoca Yoki Pacote com 400g,Yoki,5.49,4.99,0.33,2024-09-13
39238,Mercearia,Grãos,Milho para Pipoca Yoki Premium Pacote com 400g,Yoki,8.49,7.99,0.51,2024-09-13
31766,Limpeza,Limpeza de banheiro,Desinfetante Pinho Sol Original Frasco com 500ml,Pinho Sol,6.9,6.49,0.41,2024-09-13
38161,Limpeza,Limpeza de banheiro,Desinfetante Pinho Bril Plus Frasco com 500ml,Pinho Bril,4.89,4.25,0.29,2024-09-13
31494,Limpeza,Limpeza de banheiro,Desinfetante Lysoform Suave Frasco com 1L,Lysoform,9.99,9.99,0.6,2024-09-13
30600,Mercearia,Confeitaria,Leite Condensado Moça Integral Lata com 395g,Nestlé,7.84,7.84,0.47,2024-09-13
32839,Padaria e matinais,Leites,Leite Longa Vida Piracanjuba Com tampa Integral TP com 1L,Piracanjuba,5.69,5.49,0.34,2024-09-13
32447,Padaria e matinais,Leites,Leite Longa Vida Jussara Com tampa Integral TP com 1L,Jussara,5.45,5.25,0.33,2024-09-13
32452,Padaria e matinais,Leites,Leite Longa Vida Jussara Com tampa Semidesnatado TP com 1L,Jussara,5.39,5.19,0.32,2024-09-13
32828,Padaria e matinais,Leites,Leite Longa Vida Piracanjuba A2 Semidesnatado TP com 1L,Piracanjuba,5.99,5.99,0.36,2024-09-13
3984,Bebidas,Refrigerantes,Refrigerante Coca-Cola Sem açúcar Pet com 1L,Coca-Cola,4.89,4.69,0.29,2024-09-13
36611,Mercearia,Massas e molhos,Queijo Parmesão Ralado Vigor Sachê com 50g,Vigor,4.99,4.99,0.3,2024-09-13
64,Mercearia,Massas e molhos,Queijo Ralado Parmesão Président Pacote com 50g,Président,5.2,4.79,0.31,2024-09-13
5350,Limpeza,Limpeza de banheiro,Água Sanitária Super Candida Frasco com 2L,Super Candida,5.49,4.99,0.33,2024-09-13
22295,Padaria e matinais,Pães e torradas,Pão de Forma Pullman Tradicional Pacote com 480g,Pullman,5.38,5.38,0.32,2024-09-13
38793,Padaria e matinais,Pães e torradas,Pão de Forma Visconti Tradicional Pacote com 400g,Visconti,6.39,5.69,0.38,2024-09-13
17933,Mercearia,Chocolates,Chocolate Nestlé Crunch Unidade com 80g,Nestlé,6.79,6.19,0.41,2024-09-13
44028,Limpeza,Limpeza de casa,Removedor Suprema Tradicional Frasco com 1L,Suprema,7.35,6.89,0.44,2024-09-13
13743,Mercearia,Grãos,Arroz Camil Agulhinha - Tipo 1 Pacote com 5kg,Camil,29.5,29.0,1.77,2024-09-13
13757,Mercearia,Grãos,Arroz Camil Integral Pacote com 1kg,Camil,6.9,6.7,0.41,2024-09-13
9742,Mercearia,Grãos,Feijão Carioca Camil Tipo 1 Pacote com 1kg,Camil,5.89,5.79,0.35,2024-09-13
10394,Limpeza,Limpeza de roupas,Amaciante para Roupas Concentrado Comfort Azul Frasco com 500ml,Comfort,9.49,8.59,0.57,2024-09-13
10340,Limpeza,Limpeza de roupas,Amaciante para Roupas Comfort Lavanda Refil com 900ml,Comfort,15.29,13.89,0.92,2024-09-13
10382,Limpeza,Limpeza de roupas,"Amaciante para Roupas Concentrado Baby Soft Inspiração Fascinante Frasco com 1,5L",Baby Soft,14.5,12.9,0.87,2024-09-13
32659,Higiene e perfumaria,Desodorantes,Desodorante Aerossol Dove Men+Care Frasco com 200ml,Dove,18.9,17.9,1.13,2024-09-13
32932,Higiene e perfumaria,Desodorantes,Desodorante Aerossol Nivea Men Deep carvão Frasco com 150ml,Nivea,12.79,12.31,0.77,2024-09-13
29864,Limpeza,Limpeza de roupas,Tira Manchas em Gel Vanish Refil com 500ml,Vanish,12.0,11.0,0.72,2024-09-13
28483,Limpeza,Limpeza de roupas,Kit Tira Manchas Semorin Grátis 1 Sabão de Coco,Semorin,19.95,19.95,1.2,2024-09-13
14304,Mercearia,Salgadinhos e snacks,Salgadinho Batata Pringles Creme e Cebola Tubo com 109g,Pringles,11.98,10.89,0.72,2024-09-13
5057,Frios e congelados,Margarinas e manteigas,Manteiga Aviação Com sal Pote com 500g,Aviação,32.9,30.9,1.97,2024-09-13
5054,Frios e congelados,Margarinas e manteigas,Manteiga Aviação Com sal Pote com 200g,Aviação,14.5,13.9,0.87,2024-09-13
30248,Limpeza,Limpeza de roupas,Lava Roupas Líquido Omo Lavanda Refil com 900ml,Omo,13.9,12.9,0.83,2024-09-13
9235,Limpeza,Limpeza de roupas,Sabão em Barra Ypê Toque de Aveia e Coco Pacote com 5x180g,Ypê,14.9,13.9,0.89,2024-09-13
41949,Limpeza,Limpeza de roupas,Sabão em Barra Glicerinado Ypê Fresh Pacote com 900g,Ypê,14.89,13.89,0.89,2024-09-13
25610,Higiene e perfumaria,Papel higiênico,Papel Higiênico Personal Vip Folha dupla - 30m Pacote com 12 rolos,Personal,19.89,18.89,1.19,2024-09-13
25621,Higiene e perfumaria,Papel higiênico,Papel Higiênico Personal Vip Folha dupla - 30m Pacote com 24 rolos,Personal,39.77,37.78,2.39,2024-09-13
915,Mercearia,"Cafés, chás e achocolatados",Café 3 Corações Tradicional Pacote com 500g,3 Corações,18.78,18.78,1.13,2024-09-13
924,Mercearia,"Cafés, chás e achocolatados",Café 3 Corações Tradicional - Vácuo Pacote com 500g,3 Corações,18.78,18.78,1.13,2024-09-13
3148,Mercearia,"Cafés, chás e achocolatados",Café Premium 3 Corações Estrada Real Pacote com 500g,3 Corações,23.98,22.98,1.44,2024-09-13
2584,Mercearia,"Cafés, chás e achocolatados",Café Melitta Sabor da Fazenda Vácuo Caixeta com 500g,Melitta,23.28,22.28,1.4,2024-09-13
2588,Mercearia,"Cafés, chás e achocolatados",Café Melitta Tradicional Pouch com 500g,Melitta,19.38,18.48,1.16,2024-09-13
3259,Mercearia,"Cafés, chás e achocolatados",Café Sabor da Fazenda Tradicional Pouch com 500g,Melitta,23.28,22.28,1.4,2024-09-13
20602,Higiene e perfumaria,Cabelo,Shampoo Clear Ice Cool Menthol Frasco com 400ml,Clear,19.89,18.9,1.19,2024-09-13
20562,Higiene e perfumaria,Cabelo,Shampoo Clear 2 em 1 Frasco com 400ml,Clear,19.89,18.9,1.19,2024-09-13
20745,Higiene e perfumaria,Cabelo,Shampoo Elseve Hidra Hialurônico Frasco com 400ml,Elseve,24.99,23.99,1.5,2024-09-13
33807,Bebidas,Vinhos,Vinho Argentino Concha Y Toro Malbec Garrafa com 750ml,Concha Y Toro,29.8,29.8,1.79,2024-09-13
34190,Bebidas,Vinhos,Vinho Chileno Casillero del Diablo Malbec Garrafa com 750ml,Casillero del Diablo,58.9,55.9,3.53,2024-09-13
16464,Mercearia,"Azeites, óleos e vinagres",Azeite de Oliva Gallo Extra virgem Vidro com 500ml,Gallo,45.9,43.9,2.75,2024-09-13
39643,Mercearia,"Azeites, óleos e vinagres",Azeite de Oliva Deleyda Extra Virgem Premium Vidro com 500ml,Deleyda,74.9,70.9,4.49,2024-09-13
7433,Mercearia,Farinhas,Farinha de Mandioca D'Cheff Temperada Tradicional Pacote com 300g,D'Cheff,6.49,5.99,0.39,2024-09-13
12638,Mercearia,Temperos e condimentos,Molho de Pimenta Knorr Vermelha Pet com 150ml,Knorr,5.4,5.2,0.32,2024-09-13
26381,Mercearia,Temperos e condimentos,Ketchup Heinz Tradicional Pet com 397g,Heinz,15.49,14.99,0.93,2024-09-13
17035,Mercearia,Temperos e condimentos,Orégano Kitano Sachê com 10g,Kitano,3.89,3.69,0.23,2024-09-13
19822,Bebidas,Destilados,Gin Seagers Garrafa com 1L,Seagers,44.89,42.89,2.69,2024-09-13
5634,Mercearia,Temperos e condimentos,Ajinomoto Refil com 100g,Ajinomoto,6.99,6.29,0.42,2024-09-13
14436,Mercearia,Temperos e condimentos,Molho Shoyu Sakura Pet com 150ml,Sakura,3.49,3.29,0.21,2024-09-13
12293,Mercearia,Temperos e condimentos,Molho de Mostarda Heinz Pet com 255g,Heinz,13.99,13.89,0.84,2024-09-13
12319,Mercearia,Temperos e condimentos,Molho de Mostarda Hemmer Dijon Pet com 200g,Hemmer,14.49,13.69,0.87,2024-09-13
27280,Mercearia,Confeitaria,Creme de Leite Italac TP com 200g,Italac,3.19,2.89,0.19,2024-09-13
38668,Padaria e matinais,Pães e torradas,Pullman Rap 10 Original Pacote com 297g,Pullman,8.98,8.98,0.54,2024-09-13
5666,Limpeza,Limpeza de cozinha,Esponja Scotch-Brite Pacote com 4 unidades,Scotch-Brite,6.39,5.98,0.38,2024-09-13
5658,Limpeza,Limpeza de cozinha,Esponja Scotch-Brite Não Risca Pacote com 3 unidades,Scotch-Brite,8.15,7.35,0.49,2024-09-13
16022,Mercearia,Bomboniere,Chiclete Mentos Fresh Mint Unidade com 56g,Mentos,10.9,9.9,0.65,2024-09-13
34777,Limpeza,Limpeza de casa,Limpador Perfumado Concentrado Coala Cereja e Avelã Frasco com 120ml,Coala,10.49,9.99,0.63,2024-09-13
12969,Mercearia,Massas e molhos,Molho de Tomate Heinz Tradicional Pouch com 300g,Heinz,3.59,3.49,0.22,2024-09-20
38763,Mercearia,Massas e molhos,Molho de Tomate Salsaretti Tradicional Pouch com 300g,Salsaretti,1.69,1.59,0.1,2024-09-20
13480,Mercearia,Massas e molhos,Molho de Tomate Salsaretti Passata Rústica Vidro com 680g,Salsaretti,12.99,12.49,0.78,2024-09-20
13206,Mercearia,Massas e molhos,Molho de Tomate Pomarola Chef Passata Vidro com 700g,Pomarola,18.9,18.3,1.13,2024-09-20
12942,Mercearia,Massas e molhos,Molho de Tomate Heinz Bolonhesa Pouch com 300g,Heinz,4.89,4.69,0.29,2024-09-20
12948,Mercearia,Massas e molhos,Molho de Tomate Heinz Manjericão Pouch com 300g,Heinz,4.78,4.78,0.29,2024-09-20
36732,Limpeza,Limpeza de cozinha,Detergente Líquido Ypê Neutro Frasco com 500ml,Ypê,2.39,2.19,0.14,2024-09-20
36410,Limpeza,Limpeza de cozinha,Detergente Líquido Limpol Neutro Frasco com 500ml,Limpol,1.98,1.98,0.12,2024-09-20
36708,Limpeza,Limpeza de cozinha,Detergente Líquido Ypê Clear Frasco com 500ml,Ypê,2.39,2.19,0.14,2024-09-20
36362,Limpeza,Limpeza de cozinha,Detergente Líquido Limpol Coco Frasco com 500ml,Limpol,1.98,1.98,0.12,2024-09-20
28319,Higiene e perfumaria,Higiene bucal,Creme Dental Colgate Máxima Proteção Anticáries Tubo com 90g,Colgate,3.89,3.64,0.23,2024-09-20
28585,Higiene e perfumaria,Higiene bucal,Creme Dental Colgate Tripla Ação Original Tubo com 90g,Colgate,4.44,4.24,0.27,2024-09-20
28697,Higiene e perfumaria,Higiene bucal,Creme Dental Oral-B 1-2-3 Tubo com 70g,Oral-B,2.49,2.49,0.15,2024-09-20
28745,Higiene e perfumaria,Higiene bucal,Creme Dental Oral-B 4 em 1 Tubo com 70g,Oral-B,3.75,3.4,0.23,2024-09-20
12460,Bebidas,Cervejas,Cerveja Heineken Lata com 269ml,Heineken,3.99,3.89,0.24,2024-09-20
12498,Bebidas,Cervejas,Cerveja Heineken Zero Long neck com 330ml,Heineken,6.79,6.39,0.41,2024-09-20
13164,Bebidas,Cervejas,Cerveja Puro Malte Spaten Lata com 269ml,Spaten,2.68,2.68,0.16,2024-09-20
13351,Bebidas,Cervejas,Cerveja Spaten Puro Malte Lata com 350ml,Spaten,4.25,4.25,0.26,2024-09-20
12490,Bebidas,Cervejas,Cerveja Heineken Zero Lata com 269ml,Heineken,3.99,3.99,0.24,2024-09-20
13356,Bebidas,Cervejas,Cerveja Spaten Puro Malte Long Neck com 355ml,Spaten,5.49,5.29,0.33,2024-09-20
12389,Bebidas,Cervejas,Cerveja Estrella Galicia Lata com 350ml,Estrella Galicia,4.39,4.19,0.26,2024-09-20
12385,Bebidas,Cervejas,Cerveja Estrella Galicia Lata com 269ml,Estrella Galicia,3.49,3.19,0.21,2024-09-20
12880,Bebidas,Cervejas,Cerveja Patagonia Amber Lager Lata com 350ml,Patagonia,5.69,5.49,0.34,2024-09-20
1061,Mercearia,Massas e molhos,Macarrão com Ovos Adria Espaguete Pacote com 500g,Adria,3.39,3.19,0.2,2024-09-20
1187,Mercearia,Massas e molhos,Macarrão com Ovos Dona Benta Espaguete Pacote com 500g,Dona Benta,3.69,3.49,0.22,2024-09-20
1203,Mercearia,Massas e molhos,Macarrão com Ovos Dona Benta Penne Pacote com 500g,Dona Benta,3.69,3.49,0.22,2024-09-20
1433,Mercearia,Massas e molhos,Macarrão com Ovos Renata Espaguete Pacote com 500g,Renata,3.79,3.49,0.23,2024-09-20
1090,Mercearia,Massas e molhos,Macarrão com Ovos Adria Pena Pacote com 500g,Adria,3.59,3.29,0.22,2024-09-20
1065,Mercearia,Massas e molhos,Macarrão com Ovos Adria Espaguetinho Nº9 Pacote com 500g,Adria,3.39,3.19,0.2,2024-09-20
13073,Mercearia,"Cafés, chás e achocolatados",Filtro de Papel para Café Melitta Nº 103 Caixeta com 30 unidades,Melitta,3.89,3.69,0.23,2024-09-20
39240,Mercearia,Grãos,Milho para Pipoca Yoki Pacote com 400g,Yoki,5.49,4.99,0.0,2024-09-20
39238,Mercearia,Grãos,Milho para Pipoca Yoki Premium Pacote com 400g,Yoki,8.49,7.99,0.51,2024-09-20
31766,Limpeza,Limpeza de banheiro,Desinfetante Pinho Sol Original Frasco com 500ml,Pinho Sol,6.9,6.49,0.41,2024-09-20
38161,Limpeza,Limpeza de banheiro,Desinfetante Pinho Bril Plus Frasco com 500ml,Pinho Bril,4.89,4.25,0.29,2024-09-20
31494,Limpeza,Limpeza de banheiro,Desinfetante Lysoform Suave Frasco com 1L,Lysoform,14.65,13.95,0.88,2024-09-20
30600,Mercearia,Confeitaria,Leite Condensado Moça Integral Lata com 395g,Nestlé,8.45,7.84,0.51,2024-09-20
32839,Padaria e matinais,Leites,Leite Longa Vida Piracanjuba Com tampa Integral TP com 1L,Piracanjuba,5.69,5.49,0.34,2024-09-20
32452,Padaria e matinais,Leites,Leite Longa Vida Jussara Com tampa Semidesnatado TP com 1L,Jussara,5.39,5.19,0.32,2024-09-20
32828,Padaria e matinais,Leites,Leite Longa Vida Piracanjuba A2 Semidesnatado TP com 1L,Piracanjuba,5.99,5.99,0.36,2024-09-20
3984,Bebidas,Refrigerantes,Refrigerante Coca-Cola Sem açúcar Pet com 1L,Coca-Cola,4.89,4.69,0.29,2024-09-20
64,Mercearia,Massas e molhos,Queijo Ralado Parmesão Président Pacote com 50g,Président,5.2,4.79,0.31,2024-09-20
36611,Mercearia,Massas e molhos,Queijo Parmesão Ralado Vigor Sachê com 50g,Vigor,4.99,4.99,0.3,2024-09-20
5350,Limpeza,Limpeza de banheiro,Água Sanitária Super Candida Frasco com 2L,Super Candida,4.29,4.29,0.26,2024-09-20
22295,Padaria e matinais,Pães e torradas,Pão de Forma Pullman Tradicional Pacote com 480g,Pullman,6.48,6.48,0.39,2024-09-20
38793,Padaria e matinais,Pães e torradas,Pão de Forma Visconti Tradicional Pacote com 400g,Visconti,6.39,5.69,0.38,2024-09-20
17933,Mercearia,Chocolates,Chocolate Nestlé Crunch Unidade com 80g,Nestlé,5.79,5.79,0.35,2024-09-20
44028,Limpeza,Limpeza de casa,Removedor Suprema Tradicional Frasco com 1L,Suprema,7.35,6.89,0.44,2024-09-20
13743,Mercearia,Grãos,Arroz Camil Agulhinha - Tipo 1 Pacote com 5kg,Camil,29.45,28.95,1.77,2024-09-20
13757,Mercearia,Grãos,Arroz Camil Integral Pacote com 1kg,Camil,6.9,6.7,0.41,2024-09-20
9742,Mercearia,Grãos,Feijão Carioca Camil Tipo 1 Pacote com 1kg,Camil,5.85,5.79,0.35,2024-09-20
10394,Limpeza,Limpeza de roupas,Amaciante para Roupas Concentrado Comfort Azul Frasco com 500ml,Comfort,9.49,8.59,0.57,2024-09-20
10340,Limpeza,Limpeza de roupas,Amaciante para Roupas Comfort Lavanda Refil com 900ml,Comfort,15.29,13.89,0.92,2024-09-20
10382,Limpeza,Limpeza de roupas,"Amaciante para Roupas Concentrado Baby Soft Inspiração Fascinante Frasco com 1,5L",Baby Soft,14.5,12.9,0.87,2024-09-20
32659,Higiene e perfumaria,Desodorantes,Desodorante Aerossol Dove Men+Care Frasco com 200ml,Dove,20.9,19.9,1.25,2024-09-20
32932,Higiene e perfumaria,Desodorantes,Desodorante Aerossol Nivea Men Deep carvão Frasco com 150ml,Nivea,12.79,12.31,0.77,2024-09-20
29864,Limpeza,Limpeza de roupas,Tira Manchas em Gel Vanish Refil com 500ml,Vanish,11.0,10.0,0.66,2024-09-20
28483,Limpeza,Limpeza de roupas,Kit Tira Manchas Semorin Grátis 1 Sabão de Coco,Semorin,19.95,19.95,1.2,2024-09-20
14304,Mercearia,Salgadinhos e snacks,Salgadinho Batata Pringles Creme e Cebola Tubo com 109g,Pringles,11.98,10.89,0.72,2024-09-20
5057,Frios e congelados,Margarinas e manteigas,Manteiga Aviação Com sal Pote com 500g,Aviação,32.9,30.9,1.97,2024-09-20
5054,Frios e congelados,Margarinas e manteigas,Manteiga Aviação Com sal Pote com 200g,Aviação,14.5,13.9,0.87,2024-09-20
30248,Limpeza,Limpeza de roupas,Lava Roupas Líquido Omo Lavanda Refil com 900ml,Omo,13.9,12.9,0.83,2024-09-20
9235,Limpeza,Limpeza de roupas,Sabão em Barra Ypê Toque de Aveia e Coco Pacote com 5x180g,Ypê,14.9,13.9,0.89,2024-09-20
41949,Limpeza,Limpeza de roupas,Sabão em Barra Glicerinado Ypê Fresh Pacote com 900g,Ypê,14.89,13.89,0.89,2024-09-20
25610,Higiene e perfumaria,Papel higiênico,Papel Higiênico Personal Vip Folha dupla - 30m Pacote com 12 rolos,Personal,19.89,18.89,1.19,2024-09-20
25621,Higiene e perfumaria,Papel higiênico,Papel Higiênico Personal Vip Folha dupla - 30m Pacote com 24 rolos,Personal,39.77,37.77,2.39,2024-09-20
915,Mercearia,"Cafés, chás e achocolatados",Café 3 Corações Tradicional Pacote com 500g,3 Corações,21.98,20.98,1.32,2024-09-20
924,Mercearia,"Cafés, chás e achocolatados",Café 3 Corações Tradicional - Vácuo Pacote com 500g,3 Corações,22.28,21.28,1.34,2024-09-20
3148,Mercearia,"Cafés, chás e achocolatados",Café Premium 3 Corações Estrada Real Pacote com 500g,3 Corações,23.98,22.98,1.44,2024-09-20
2584,Mercearia,"Cafés, chás e achocolatados",Café Melitta Sabor da Fazenda Vácuo Caixeta com 500g,Melitta,23.28,22.28,1.4,2024-09-20
2588,Mercearia,"Cafés, chás e achocolatados",Café Melitta Tradicional Pouch com 500g,Melitta,21.38,20.38,1.28,2024-09-20
3259,Mercearia,"Cafés, chás e achocolatados",Café Sabor da Fazenda Tradicional Pouch com 500g,Melitta,23.28,22.28,1.4,2024-09-20
20602,Higiene e perfumaria,Cabelo,Shampoo Clear Ice Cool Menthol Frasco com 400ml,Clear,23.89,23.49,1.43,2024-09-20
20562,Higiene e perfumaria,Cabelo,Shampoo Clear 2 em 1 Frasco com 400ml,Clear,23.89,23.49,1.43,2024-09-20
20745,Higiene e perfumaria,Cabelo,Shampoo Elseve Hidra Hialurônico Frasco com 400ml,Elseve,24.99,23.99,1.5,2024-09-20
33807,Bebidas,Vinhos,Vinho Argentino Concha Y Toro Malbec Garrafa com 750ml,Concha Y Toro,29.8,29.8,1.79,2024-09-20
34190,Bebidas,Vinhos,Vinho Chileno Casillero del Diablo Malbec Garrafa com 750ml,Casillero del Diablo,58.9,55.9,3.53,2024-09-20
16464,Mercearia,"Azeites, óleos e vinagres",Azeite de Oliva Gallo Extra virgem Vidro com 500ml,Gallo,45.9,43.9,2.75,2024-09-20
39643,Mercearia,"Azeites, óleos e vinagres",Azeite de Oliva Deleyda Extra Virgem Premium Vidro com 500ml,Deleyda,74.9,70.9,4.49,2024-09-20
7433,Mercearia,Farinhas,Farinha de Mandioca D'Cheff Temperada Tradicional Pacote com 300g,D'Cheff,6.49,5.99,0.39,2024-09-20
12638,Mercearia,Temperos e condimentos,Molho de Pimenta Knorr Vermelha Pet com 150ml,Knorr,5.4,5.2,0.32,2024-09-20
26381,Mercearia,Temperos e condimentos,Ketchup Heinz Tradicional Pet com 397g,Heinz,15.49,14.99,0.93,2024-09-20
17035,Mercearia,Temperos e condimentos,Orégano Kitano Sachê com 10g,Kitano,3.89,3.69,0.23,2024-09-20
19822,Bebidas,Destilados,Gin Seagers Garrafa com 1L,Seagers,44.89,42.89,2.69,2024-09-20
5634,Mercearia,Temperos e condimentos,Ajinomoto Refil com 100g,Ajinomoto,6.99,6.29,0.42,2024-09-20
14436,Mercearia,Temperos e condimentos,Molho Shoyu Sakura Pet com 150ml,Sakura,3.49,3.29,0.21,2024-09-20
12293,Mercearia,Temperos e condimentos,Molho de Mostarda Heinz Pet com 255g,Heinz,12.69,12.49,0.76,2024-09-20
12319,Mercearia,Temperos e condimentos,Molho de Mostarda Hemmer Dijon Pet com 200g,Hemmer,14.49,13.69,0.87,2024-09-20
27280,Mercearia,Confeitaria,Creme de Leite Italac TP com 200g,Italac,3.19,2.89,0.19,2024-09-20
38668,Padaria e matinais,Pães e torradas,Pullman Rap 10 Original Pacote com 297g,Pullman,8.98,8.98,0.54,2024-09-20
5666,Limpeza,Limpeza de cozinha,Esponja Scotch-Brite Pacote com 4 unidades,Scotch-Brite,6.39,5.98,0.38,2024-09-20
5658,Limpeza,Limpeza de cozinha,Esponja Scotch-Brite Não Risca Pacote com 3 unidades,Scotch-Brite,8.15,7.35,0.49,2024-09-20
16022,Mercearia,Bomboniere,Chiclete Mentos Fresh Mint Unidade com 56g,Mentos,10.9,9.9,0.65,2024-09-20
34777,Limpeza,Limpeza de casa,Limpador Perfumado Concentrado Coala Cereja e Avelã Frasco com 120ml,Coala,10.49,9.99,0.63,2024-09-20
12969,Mercearia,Massas e molhos,Molho de Tomate Heinz Tradicional Pouch com 300g,Heinz,2.89,2.89,0.17,2024-09-27
38763,Mercearia,Massas e molhos,Molho de Tomate Salsaretti Tradicional Pouch com 300g,Salsaretti,1.68,1.28,0.1,2024-09-27
13480,Mercearia,Massas e molhos,Molho de Tomate Salsaretti Passata Rústica Vidro com 680g,Salsaretti,9.95,9.95,0.6,2024-09-27
13206,Mercearia,Massas e molhos,Molho de Tomate Pomarola Chef Passata Vidro com 700g,Pomarola,18.9,18.3,1.13,2024-09-27
12942,Mercearia,Massas e molhos,Molho de Tomate Heinz Bolonhesa Pouch com 300g,Heinz,4.89,4.69,0.29,2024-09-27
12948,Mercearia,Massas e molhos,Molho de Tomate Heinz Manjericão Pouch com 300g,Heinz,4.78,4.78,0.29,2024-09-27
36732,Limpeza,Limpeza de cozinha,Detergente Líquido Ypê Neutro Frasco com 500ml,Ypê,1.85,1.85,0.11,2024-09-27
36708,Limpeza,Limpeza de cozinha,Detergente Líquido Ypê Clear Frasco com 500ml,Ypê,1.85,1.85,0.11,2024-09-27
36410,Limpeza,Limpeza de cozinha,Detergente Líquido Limpol Neutro Frasco com 500ml,Limpol,2.09,1.99,0.13,2024-09-27
36362,Limpeza,Limpeza de cozinha,Detergente Líquido Limpol Coco Frasco com 500ml,Limpol,2.09,1.99,0.13,2024-09-27
28319,Higiene e perfumaria,Higiene bucal,Creme Dental Colgate Máxima Proteção Anticáries Tubo com 90g,Colgate,3.89,3.64,0.23,2024-09-27
28585,Higiene e perfumaria,Higiene bucal,Creme Dental Colgate Tripla Ação Original Tubo com 90g,Colgate,3.8,3.8,0.23,2024-09-27
28697,Higiene e perfumaria,Higiene bucal,Creme Dental Oral-B 1-2-3 Tubo com 70g,Oral-B,2.49,2.49,0.15,2024-09-27
28745,Higiene e perfumaria,Higiene bucal,Creme Dental Oral-B 4 em 1 Tubo com 70g,Oral-B,3.75,3.4,0.23,2024-09-27
12460,Bebidas,Cervejas,Cerveja Heineken Lata com 269ml,Heineken,3.99,3.99,0.24,2024-09-27
12498,Bebidas,Cervejas,Cerveja Heineken Zero Long neck com 330ml,Heineken,5.88,5.88,0.35,2024-09-27
13362,Bebidas,Cervejas,Cerveja Stella Artois Long neck com 330ml,Stella Artois,5.19,4.99,0.31,2024-09-27
13351,Bebidas,Cervejas,Cerveja Spaten Puro Malte Lata com 350ml,Spaten,4.25,4.25,0.26,2024-09-27
13164,Bebidas,Cervejas,Cerveja Puro Malte Spaten Lata com 269ml,Spaten,2.49,2.49,0.15,2024-09-27
12490,Bebidas,Cervejas,Cerveja Heineken Zero Lata com 269ml,Heineken,3.99,3.99,0.24,2024-09-27
13356,Bebidas,Cervejas,Cerveja Spaten Puro Malte Long Neck com 355ml,Spaten,5.49,5.29,0.33,2024-09-27
12389,Bebidas,Cervejas,Cerveja Estrella Galicia Lata com 350ml,Estrella Galicia,2.99,2.99,0.18,2024-09-27
12385,Bebidas,Cervejas,Cerveja Estrella Galicia Lata com 269ml,Estrella Galicia,3.49,3.19,0.21,2024-09-27
12880,Bebidas,Cervejas,Cerveja Patagonia Amber Lager Lata com 350ml,Patagonia,5.69,5.49,0.34,2024-09-27
1061,Mercearia,Massas e molhos,Macarrão com Ovos Adria Espaguete Pacote com 500g,Adria,2.85,2.85,0.17,2024-09-27
1187,Mercearia,Massas e molhos,Macarrão com Ovos Dona Benta Espaguete Pacote com 500g,Dona Benta,3.69,3.49,0.22,2024-09-27
1203,Mercearia,Massas e molhos,Macarrão com Ovos Dona Benta Penne Pacote com 500g,Dona Benta,3.69,3.49,0.22,2024-09-27
1090,Mercearia,Massas e molhos,Macarrão com Ovos Adria Pena Pacote com 500g,Adria,2.85,2.85,0.17,2024-09-27
1433,Mercearia,Massas e molhos,Macarrão com Ovos Renata Espaguete Pacote com 500g,Renata,3.79,3.49,0.23,2024-09-27
1065,Mercearia,Massas e molhos,Macarrão com Ovos Adria Espaguetinho Nº9 Pacote com 500g,Adria,2.85,2.85,0.17,2024-09-27
13073,Mercearia,"Cafés, chás e achocolatados",Filtro de Papel para Café Melitta Nº 103 Caixeta com 30 unidades,Melitta,3.89,3.69,0.23,2024-09-27
39240,Mercearia,Grãos,Milho para Pipoca Yoki Pacote com 400g,Yoki,2.49,2.49,0.15,2024-09-27
39238,Mercearia,Grãos,Milho para Pipoca Yoki Premium Pacote com 400g,Yoki,8.49,7.99,0.51,2024-09-27
31766,Limpeza,Limpeza de banheiro,Desinfetante Pinho Sol Original Frasco com 500ml,Pinho Sol,6.9,6.49,0.41,2024-09-27
38161,Limpeza,Limpeza de banheiro,Desinfetante Pinho Bril Plus Frasco com 500ml,Pinho Bril,4.89,4.25,0.29,2024-09-27
31494,Limpeza,Limpeza de banheiro,Desinfetante Lysoform Suave Frasco com 1L,Lysoform,14.65,13.29,0.88,2024-09-27
30600,Mercearia,Confeitaria,Leite Condensado Moça Integral Lata com 395g,Nestlé,7.98,7.48,0.48,2024-09-27
32839,Padaria e matinais,Leites,Leite Longa Vida Piracanjuba Com tampa Integral TP com 1L,Piracanjuba,5.65,5.45,0.34,2024-09-27
32452,Padaria e matinais,Leites,Leite Longa Vida Jussara Com tampa Semidesnatado TP com 1L,Jussara,5.49,5.39,0.33,2024-09-27
32828,Padaria e matinais,Leites,Leite Longa Vida Piracanjuba A2 Semidesnatado TP com 1L,Piracanjuba,5.99,5.99,0.36,2024-09-27
64,Mercearia,Massas e molhos,Queijo Ralado Parmesão Président Pacote com 50g,Président,5.2,4.79,0.31,2024-09-27
36611,Mercearia,Massas e molhos,Queijo Parmesão Ralado Vigor Sachê com 50g,Vigor,4.99,4.99,0.3,2024-09-27
5350,Limpeza,Limpeza de banheiro,Água Sanitária Super Candida Frasco com 2L,Super Candida,4.49,4.49,0.27,2024-09-27
22295,Padaria e matinais,Pães e torradas,Pão de Forma Pullman Tradicional Pacote com 480g,Pullman,5.98,5.98,0.36,2024-09-27
38793,Padaria e matinais,Pães e torradas,Pão de Forma Visconti Tradicional Pacote com 400g,Visconti,6.39,5.69,0.38,2024-09-27
17933,Mercearia,Chocolates,Chocolate Nestlé Crunch Unidade com 80g,Nestlé,5.79,5.79,0.35,2024-09-27
44028,Limpeza,Limpeza de casa,Removedor Suprema Tradicional Frasco com 1L,Suprema,7.35,6.89,0.44,2024-09-27
13743,Mercearia,Grãos,Arroz Camil Agulhinha - Tipo 1 Pacote com 5kg,Camil,29.4,28.85,1.76,2024-09-27
13757,Mercearia,Grãos,Arroz Camil Integral Pacote com 1kg,Camil,6.9,6.7,0.41,2024-09-27
9742,Mercearia,Grãos,Feijão Carioca Camil Tipo 1 Pacote com 1kg,Camil,5.9,5.79,0.35,2024-09-27
10394,Limpeza,Limpeza de roupas,Amaciante para Roupas Concentrado Comfort Azul Frasco com 500ml,Comfort,9.49,8.59,0.57,2024-09-27
10340,Limpeza,Limpeza de roupas,Amaciante para Roupas Comfort Lavanda Refil com 900ml,Comfort,10.8,10.8,0.65,2024-09-27
10382,Limpeza,Limpeza de roupas,"Amaciante para Roupas Concentrado Baby Soft Inspiração Fascinante Frasco com 1,5L",Baby Soft,14.5,12.9,0.87,2024-09-27
32659,Higiene e perfumaria,Desodorantes,Desodorante Aerossol Dove Men+Care Frasco com 200ml,Dove,16.9,16.9,1.01,2024-09-27
32932,Higiene e perfumaria,Desodorantes,Desodorante Aerossol Nivea Men Deep carvão Frasco com 150ml,Nivea,12.17,12.17,0.73,2024-09-27
29864,Limpeza,Limpeza de roupas,Tira Manchas em Gel Vanish Refil com 500ml,Vanish,7.99,7.99,0.48,2024-09-27
28483,Limpeza,Limpeza de roupas,Kit Tira Manchas Semorin Grátis 1 Sabão de Coco,Semorin,19.95,19.95,1.2,2024-09-27
14304,Mercearia,Salgadinhos e snacks,Salgadinho Batata Pringles Creme e Cebola Tubo com 109g,Pringles,11.98,10.79,0.72,2024-09-27
5057,Frios e congelados,Margarinas e manteigas,Manteiga Aviação Com sal Pote com 500g,Aviação,32.9,30.9,1.97,2024-09-27
5054,Frios e congelados,Margarinas e manteigas,Manteiga Aviação Com sal Pote com 200g,Aviação,14.5,13.9,0.87,2024-09-27
30248,Limpeza,Limpeza de roupas,Lava Roupas Líquido Omo Lavanda Refil com 900ml,Omo,13.9,12.9,0.83,2024-09-27
41949,Limpeza,Limpeza de roupas,Sabão em Barra Glicerinado Ypê Fresh Pacote com 900g,Ypê,14.89,13.89,0.89,2024-09-27
25610,Higiene e perfumaria,Papel higiênico,Papel Higiênico Personal Vip Folha dupla - 30m Pacote com 12 rolos,Personal,14.95,14.95,0.9,2024-09-27
25621,Higiene e perfumaria,Papel higiênico,Papel Higiênico Personal Vip Folha dupla - 30m Pacote com 24 rolos,Personal,29.89,29.89,1.79,2024-09-27
915,Mercearia,"Cafés, chás e achocolatados",Café 3 Corações Tradicional Pacote com 500g,3 Corações,19.78,19.78,1.19,2024-09-27
924,Mercearia,"Cafés, chás e achocolatados",Café 3 Corações Tradicional - Vácuo Pacote com 500g,3 Corações,19.78,19.78,1.19,2024-09-27
3148,Mercearia,"Cafés, chás e achocolatados",Café Premium 3 Corações Estrada Real Pacote com 500g,3 Corações,23.98,22.98,1.44,2024-09-27
2584,Mercearia,"Cafés, chás e achocolatados",Café Melitta Sabor da Fazenda Vácuo Caixeta com 500g,Melitta,22.68,21.68,1.36,2024-09-27
2588,Mercearia,"Cafés, chás e achocolatados",Café Melitta Tradicional Pouch com 500g,Melitta,21.38,20.38,1.28,2024-09-27
3259,Mercearia,"Cafés, chás e achocolatados",Café Sabor da Fazenda Tradicional Pouch com 500g,Melitta,22.68,21.68,1.36,2024-09-27
20602,Higiene e perfumaria,Cabelo,Shampoo Clear Ice Cool Menthol Frasco com 400ml,Clear,19.89,18.9,1.19,2024-09-27
20562,Higiene e perfumaria,Cabelo,Shampoo Clear 2 em 1 Frasco com 400ml,Clear,19.89,18.9,1.19,2024-09-27
20745,Higiene e perfumaria,Cabelo,Shampoo Elseve Hidra Hialurônico Frasco com 400ml,Elseve,24.99,23.99,1.5,2024-09-27
33807,Bebidas,Vinhos,Vinho Argentino Concha Y Toro Malbec Garrafa com 750ml,Concha Y Toro,29.8,29.8,1.79,2024-09-27
34190,Bebidas,Vinhos,Vinho Chileno Casillero del Diablo Malbec Garrafa com 750ml,Casillero del Diablo,58.9,55.9,3.53,2024-09-27
16327,Mercearia,"Azeites, óleos e vinagres",Azeite de Oliva Andorinha Extra Virgem Vidro com 500ml,Andorinha,44.8,42.8,2.69,2024-09-27
16464,Mercearia,"Azeites, óleos e vinagres",Azeite de Oliva Gallo Extra virgem Vidro com 500ml,Gallo,45.9,43.9,2.75,2024-09-27
39643,Mercearia,"Azeites, óleos e vinagres",Azeite de Oliva Deleyda Extra Virgem Premium Vidro com 500ml,Deleyda,74.9,70.9,4.49,2024-09-27
7433,Mercearia,Farinhas,Farinha de Mandioca D'Cheff Temperada Tradicional Pacote com 300g,D'Cheff,6.49,5.99,0.39,2024-09-27
12638,Mercearia,Temperos e condimentos,Molho de Pimenta Knorr Vermelha Pet com 150ml,Knorr,5.4,5.2,0.32,2024-09-27
26381,Mercearia,Temperos e condimentos,Ketchup Heinz Tradicional Pet com 397g,Heinz,15.29,14.99,0.92,2024-09-27
17035,Mercearia,Temperos e condimentos,Orégano Kitano Sachê com 10g,Kitano,3.89,3.69,0.23,2024-09-27
19822,Bebidas,Destilados,Gin Seagers Garrafa com 1L,Seagers,44.89,42.89,2.69,2024-09-27
5634,Mercearia,Temperos e condimentos,Ajinomoto Refil com 100g,Ajinomoto,6.99,6.29,0.42,2024-09-27
14436,Mercearia,Temperos e condimentos,Molho Shoyu Sakura Pet com 150ml,Sakura,3.4,3.15,0.2,2024-09-27
12293,Mercearia,Temperos e condimentos,Molho de Mostarda Heinz Pet com 255g,Heinz,12.99,12.69,0.78,2024-09-27
12319,Mercearia,Temperos e condimentos,Molho de Mostarda Hemmer Dijon Pet com 200g,Hemmer,14.49,13.69,0.87,2024-09-27
27280,Mercearia,Confeitaria,Creme de Leite Italac TP com 200g,Italac,3.19,2.89,0.19,2024-09-27
38668,Padaria e matinais,Pães e torradas,Pullman Rap 10 Original Pacote com 297g,Pullman,8.98,8.98,0.54,2024-09-27
5666,Limpeza,Limpeza de cozinha,Esponja Scotch-Brite Pacote com 4 unidades,Scotch-Brite,6.39,5.98,0.38,2024-09-27
5658,Limpeza,Limpeza de cozinha,Esponja Scotch-Brite Não Risca Pacote com 3 unidades,Scotch-Brite,8.15,7.35,0.49,2024-09-27
16022,Mercearia,Bomboniere,Chiclete Mentos Fresh Mint Unidade com 56g,Mentos,8.9,8.9,0.53,2024-09-27
34777,Limpeza,Limpeza de casa,Limpador Perfumado Concentrado Coala Cereja e Avelã Frasco com 120ml,Coala,10.49,9.99,0.63,2024-09-27
12969,Mercearia,Massas e molhos,Molho de Tomate Heinz Tradicional Pouch com 300g,Heinz,3.59,3.59,0.22,2024-10-04
38763,Mercearia,Massas e molhos,Molho de Tomate Salsaretti Tradicional Pouch com 300g,Salsaretti,1.75,1.55,0.11,2024-10-04
13480,Mercearia,Massas e molhos,Molho de Tomate Salsaretti Passata Rústica Vidro com 680g,Salsaretti,12.99,12.49,0.78,2024-10-04
13206,Mercearia,Massas e molhos,Molho de Tomate Pomarola Chef Passata Vidro com 700g,Pomarola,18.9,18.3,1.13,2024-10-04
12942,Mercearia,Massas e molhos,Molho de Tomate Heinz Bolonhesa Pouch com 300g,Heinz,4.89,4.69,0.29,2024-10-04
12948,Mercearia,Massas e molhos,Molho de Tomate Heinz Manjericão Pouch com 300g,Heinz,4.78,4.78,0.29,2024-10-04
36732,Limpeza,Limpeza de cozinha,Detergente Líquido Ypê Neutro Frasco com 500ml,Ypê,1.89,1.89,0.11,2024-10-04
36410,Limpeza,Limpeza de cozinha,Detergente Líquido Limpol Neutro Frasco com 500ml,Limpol,1.69,1.69,0.1,2024-10-04
36708,Limpeza,Limpeza de cozinha,Detergente Líquido Ypê Clear Frasco com 500ml,Ypê,1.89,1.89,0.11,2024-10-04
36362,Limpeza,Limpeza de cozinha,Detergente Líquido Limpol Coco Frasco com 500ml,Limpol,1.69,1.69,0.1,2024-10-04
28319,Higiene e perfumaria,Higiene bucal,Creme Dental Colgate Máxima Proteção Anticáries Tubo com 90g,Colgate,3.89,3.64,0.23,2024-10-04
28585,Higiene e perfumaria,Higiene bucal,Creme Dental Colgate Tripla Ação Original Tubo com 90g,Colgate,4.45,4.25,0.27,2024-10-04
28697,Higiene e perfumaria,Higiene bucal,Creme Dental Oral-B 1-2-3 Tubo com 70g,Oral-B,2.49,2.49,0.15,2024-10-04
28745,Higiene e perfumaria,Higiene bucal,Creme Dental Oral-B 4 em 1 Tubo com 70g,Oral-B,3.75,3.4,0.23,2024-10-04
12460,Bebidas,Cervejas,Cerveja Heineken Lata com 269ml,Heineken,3.99,3.99,0.24,2024-10-04
13362,Bebidas,Cervejas,Cerveja Stella Artois Long neck com 330ml,Stella Artois,5.19,4.99,0.31,2024-10-04
12498,Bebidas,Cervejas,Cerveja Heineken Zero Long neck com 330ml,Heineken,6.79,6.49,0.41,2024-10-04
13351,Bebidas,Cervejas,Cerveja Spaten Puro Malte Lata com 350ml,Spaten,4.35,4.25,0.26,2024-10-04
13164,Bebidas,Cervejas,Cerveja Puro Malte Spaten Lata com 269ml,Spaten,2.99,2.99,0.18,2024-10-04
12490,Bebidas,Cervejas,Cerveja Heineken Zero Lata com 269ml,Heineken,3.99,3.99,0.24,2024-10-04
13356,Bebidas,Cervejas,Cerveja Spaten Puro Malte Long Neck com 355ml,Spaten,5.49,5.29,0.33,2024-10-04
12389,Bebidas,Cervejas,Cerveja Estrella Galicia Lata com 350ml,Estrella Galicia,3.39,3.39,0.2,2024-10-04
12385,Bebidas,Cervejas,Cerveja Estrella Galicia Lata com 269ml,Estrella Galicia,3.49,3.19,0.21,2024-10-04
12880,Bebidas,Cervejas,Cerveja Patagonia Amber Lager Lata com 350ml,Patagonia,5.69,5.49,0.34,2024-10-04
34777,Limpeza,Limpeza de casa,Limpador Perfumado Concentrado Coala Cereja e Avelã Frasco com 120ml,Coala,10.49,9.99,0.63,2024-10-04
1061,Mercearia,Massas e molhos,Macarrão com Ovos Adria Espaguete Pacote com 500g,Adria,3.59,3.29,0.22,2024-10-04
1187,Mercearia,Massas e molhos,Macarrão com Ovos Dona Benta Espaguete Pacote com 500g,Dona Benta,3.69,3.49,0.22,2024-10-04
1203,Mercearia,Massas e molhos,Macarrão com Ovos Dona Benta Penne Pacote com 500g,Dona Benta,3.69,3.49,0.22,2024-10-04
1090,Mercearia,Massas e molhos,Macarrão com Ovos Adria Pena Pacote com 500g,Adria,3.59,3.29,0.22,2024-10-04
1433,Mercearia,Massas e molhos,Macarrão com Ovos Renata Espaguete Pacote com 500g,Renata,3.79,3.49,0.23,2024-10-04
1065,Mercearia,Massas e molhos,Macarrão com Ovos Adria Espaguetinho Nº9 Pacote com 500g,Adria,3.59,3.29,0.22,2024-10-04
13073,Mercearia,"Cafés, chás e achocolatados",Filtro de Papel para Café Melitta Nº 103 Caixeta com 30 unidades,Melitta,3.99,3.69,0.24,2024-10-04
39240,Mercearia,Grãos,Milho para Pipoca Yoki Pacote com 400g,Yoki,5.49,4.99,0.33,2024-10-04
39238,Mercearia,Grãos,Milho para Pipoca Yoki Premium Pacote com 400g,Yoki,8.49,7.99,0.51,2024-10-04
31766,Limpeza,Limpeza de banheiro,Desinfetante Pinho Sol Original Frasco com 500ml,Pinho Sol,6.9,6.49,0.41,2024-10-04
38161,Limpeza,Limpeza de banheiro,Desinfetante Pinho Bril Plus Frasco com 500ml,Pinho Bril,3.98,3.98,0.24,2024-10-04
31494,Limpeza,Limpeza de banheiro,Desinfetante Lysoform Suave Frasco com 1L,Lysoform,14.65,13.29,0.88,2024-10-04
30600,Mercearia,Confeitaria,Leite Condensado Moça Integral Lata com 395g,Nestlé,7.18,7.18,0.43,2024-10-04
32839,Padaria e matinais,Leites,Leite Longa Vida Piracanjuba Com tampa Integral TP com 1L,Piracanjuba,5.55,5.39,0.33,2024-10-04
32447,Padaria e matinais,Leites,Leite Longa Vida Jussara Com tampa Integral TP com 1L,Jussara,5.45,5.29,0.33,2024-10-04
32452,Padaria e matinais,Leites,Leite Longa Vida Jussara Com tampa Semidesnatado TP com 1L,Jussara,5.29,5.29,0.32,2024-10-04
3984,Bebidas,Refrigerantes,Refrigerante Coca-Cola Sem açúcar Pet com 1L,Coca-Cola,4.89,4.69,0.29,2024-10-04
38145,Bebidas,Refrigerantes,Refrigerante Coca-Cola Sem açúcar Pet com 600ml,Coca-Cola,4.99,4.79,0.3,2024-10-04
64,Mercearia,Massas e molhos,Queijo Ralado Parmesão Président Pacote com 50g,Président,5.2,4.79,0.31,2024-10-04
36611,Mercearia,Massas e molhos,Queijo Parmesão Ralado Vigor Sachê com 50g,Vigor,4.99,4.99,0.3,2024-10-04
5350,Limpeza,Limpeza de banheiro,Água Sanitária Super Candida Frasco com 2L,Super Candida,4.99,4.79,0.3,2024-10-04
22295,Padaria e matinais,Pães e torradas,Pão de Forma Pullman Tradicional Pacote com 480g,Pullman,6.48,6.48,0.39,2024-10-04
38793,Padaria e matinais,Pães e torradas,Pão de Forma Visconti Tradicional Pacote com 400g,Visconti,6.39,5.69,0.38,2024-10-04
17933,Mercearia,Chocolates,Chocolate Nestlé Crunch Unidade com 80g,Nestlé,6.79,6.19,0.41,2024-10-04
44028,Limpeza,Limpeza de casa,Removedor Suprema Tradicional Frasco com 1L,Suprema,7.35,6.89,0.44,2024-10-04
13743,Mercearia,Grãos,Arroz Camil Agulhinha - Tipo 1 Pacote com 5kg,Camil,29.4,28.85,1.76,2024-10-04
13757,Mercearia,Grãos,Arroz Camil Integral Pacote com 1kg,Camil,6.9,6.7,0.41,2024-10-04
9742,Mercearia,Grãos,Feijão Carioca Camil Tipo 1 Pacote com 1kg,Camil,6.15,6.05,0.37,2024-10-04
10394,Limpeza,Limpeza de roupas,Amaciante para Roupas Concentrado Comfort Azul Frasco com 500ml,Comfort,9.49,8.59,0.57,2024-10-04
10340,Limpeza,Limpeza de roupas,Amaciante para Roupas Comfort Lavanda Refil com 900ml,Comfort,14.9,14.9,0.89,2024-10-04
10382,Limpeza,Limpeza de roupas,"Amaciante para Roupas Concentrado Baby Soft Inspiração Fascinante Frasco com 1,5L",Baby Soft,14.5,13.5,0.87,2024-10-04
32659,Higiene e perfumaria,Desodorantes,Desodorante Aerossol Dove Men+Care Frasco com 200ml,Dove,21.99,19.99,1.32,2024-10-04
32932,Higiene e perfumaria,Desodorantes,Desodorante Aerossol Nivea Men Deep carvão Frasco com 150ml,Nivea,12.5,11.8,0.75,2024-10-04
29864,Limpeza,Limpeza de roupas,Tira Manchas em Gel Vanish Refil com 500ml,Vanish,12.5,11.5,0.75,2024-10-04
28483,Limpeza,Limpeza de roupas,Kit Tira Manchas Semorin Grátis 1 Sabão de Coco,Semorin,19.95,19.95,1.2,2024-10-04
14304,Mercearia,Salgadinhos e snacks,Salgadinho Batata Pringles Creme e Cebola Tubo com 109g,Pringles,9.48,7.89,0.57,2024-10-04
5057,Frios e congelados,Margarinas e manteigas,Manteiga Aviação Com sal Pote com 500g,Aviação,32.9,30.9,1.97,2024-10-04
5054,Frios e congelados,Margarinas e manteigas,Manteiga Aviação Com sal Pote com 200g,Aviação,14.5,13.9,0.87,2024-10-04
30248,Limpeza,Limpeza de roupas,Lava Roupas Líquido Omo Lavanda Refil com 900ml,Omo,13.9,12.9,0.83,2024-10-04
41949,Limpeza,Limpeza de roupas,Sabão em Barra Glicerinado Ypê Fresh Pacote com 900g,Ypê,14.89,13.89,0.89,2024-10-04
25610,Higiene e perfumaria,Papel higiênico,Papel Higiênico Personal Vip Folha dupla - 30m Pacote com 12 rolos,Personal,19.89,18.89,1.19,2024-10-04
25621,Higiene e perfumaria,Papel higiênico,Papel Higiênico Personal Vip Folha dupla - 30m Pacote com 24 rolos,Personal,39.77,37.78,2.39,2024-10-04
915,Mercearia,"Cafés, chás e achocolatados",Café 3 Corações Tradicional Pacote com 500g,3 Corações,19.48,19.48,1.17,2024-10-04
924,Mercearia,"Cafés, chás e achocolatados",Café 3 Corações Tradicional - Vácuo Pacote com 500g,3 Corações,19.48,19.48,1.17,2024-10-04
3148,Mercearia,"Cafés, chás e achocolatados",Café Premium 3 Corações Estrada Real Pacote com 500g,3 Corações,23.98,22.98,1.44,2024-10-04
2584,Mercearia,"Cafés, chás e achocolatados",Café Melitta Sabor da Fazenda Vácuo Caixeta com 500g,Melitta,23.28,22.28,1.4,2024-10-04
2588,Mercearia,"Cafés, chás e achocolatados",Café Melitta Tradicional Pouch com 500g,Melitta,17.98,17.98,1.08,2024-10-04
3259,Mercearia,"Cafés, chás e achocolatados",Café Sabor da Fazenda Tradicional Pouch com 500g,Melitta,23.28,22.28,1.4,2024-10-04
20602,Higiene e perfumaria,Cabelo,Shampoo Clear Ice Cool Menthol Frasco com 400ml,Clear,23.84,22.6,1.43,2024-10-04
20562,Higiene e perfumaria,Cabelo,Shampoo Clear 2 em 1 Frasco com 400ml,Clear,23.84,22.6,1.43,2024-10-04
20745,Higiene e perfumaria,Cabelo,Shampoo Elseve Hidra Hialurônico Frasco com 400ml,Elseve,24.99,23.99,1.5,2024-10-04
33807,Bebidas,Vinhos,Vinho Argentino Concha Y Toro Malbec Garrafa com 750ml,Concha Y Toro,29.8,29.8,1.79,2024-10-04
33964,Bebidas,Vinhos,Vinho Argentino Trapiche Malbec Garrafa com 750ml,Trapiche,36.9,34.9,2.21,2024-10-04
34190,Bebidas,Vinhos,Vinho Chileno Casillero del Diablo Malbec Garrafa com 750ml,Casillero del Diablo,58.9,55.9,3.53,2024-10-04
16327,Mercearia,"Azeites, óleos e vinagres",Azeite de Oliva Andorinha Extra Virgem Vidro com 500ml,Andorinha,44.8,42.8,2.69,2024-10-04
16464,Mercearia,"Azeites, óleos e vinagres",Azeite de Oliva Gallo Extra virgem Vidro com 500ml,Gallo,45.9,43.9,2.75,2024-10-04
39643,Mercearia,"Azeites, óleos e vinagres",Azeite de Oliva Deleyda Extra Virgem Premium Vidro com 500ml,Deleyda,74.9,70.9,4.49,2024-10-04
7433,Mercearia,Farinhas,Farinha de Mandioca D'Cheff Temperada Tradicional Pacote com 300g,D'Cheff,6.49,5.99,0.39,2024-10-04
12638,Mercearia,Temperos e condimentos,Molho de Pimenta Knorr Vermelha Pet com 150ml,Knorr,5.4,5.2,0.32,2024-10-04
26381,Mercearia,Temperos e condimentos,Ketchup Heinz Tradicional Pet com 397g,Heinz,15.29,14.99,0.92,2024-10-04
17035,Mercearia,Temperos e condimentos,Orégano Kitano Sachê com 10g,Kitano,3.89,3.69,0.23,2024-10-04
19822,Bebidas,Destilados,Gin Seagers Garrafa com 1L,Seagers,44.89,42.89,2.69,2024-10-04
5634,Mercearia,Temperos e condimentos,Ajinomoto Refil com 100g,Ajinomoto,6.99,6.29,0.42,2024-10-04
14436,Mercearia,Temperos e condimentos,Molho Shoyu Sakura Pet com 150ml,Sakura,3.25,2.95,0.2,2024-10-04
12293,Mercearia,Temperos e condimentos,Molho de Mostarda Heinz Pet com 255g,Heinz,12.89,12.59,0.77,2024-10-04
27280,Mercearia,Confeitaria,Creme de Leite Italac TP com 200g,Italac,3.19,2.89,0.19,2024-10-04
38668,Padaria e matinais,Pães e torradas,Pullman Rap 10 Original Pacote com 297g,Pullman,8.98,8.98,0.54,2024-10-04
5666,Limpeza,Limpeza de cozinha,Esponja Scotch-Brite Pacote com 4 unidades,Scotch-Brite,6.39,5.98,0.38,2024-10-04
5658,Limpeza,Limpeza de cozinha,Esponja Scotch-Brite Não Risca Pacote com 3 unidades,Scotch-Brite,8.15,7.35,0.49,2024-10-04
16022,Mercearia,Bomboniere,Chiclete Mentos Fresh Mint Unidade com 56g,Mentos,10.9,9.9,0.65,2024-10-04
12969,Mercearia,Massas e molhos,Molho de Tomate Heinz Tradicional Pouch com 300g,Heinz,3.39,3.39,0.0,2024-10-11
38763,Mercearia,Massas e molhos,Molho de Tomate Salsaretti Tradicional Pouch com 300g,Salsaretti,1.85,1.69,0.0,2024-10-11
13480,Mercearia,Massas e molhos,Molho de Tomate Salsaretti Passata Rústica Vidro com 680g,Salsaretti,12.99,12.49,0.0,2024-10-11
12942,Mercearia,Massas e molhos,Molho de Tomate Heinz Bolonhesa Pouch com 300g,Heinz,4.89,4.69,0.0,2024-10-11
12948,Mercearia,Massas e molhos,Molho de Tomate Heinz Manjericão Pouch com 300g,Heinz,4.78,4.78,0.0,2024-10-11
36732,Limpeza,Limpeza de cozinha,Detergente Líquido Ypê Neutro Frasco com 500ml,Ypê,1.89,1.89,0.0,2024-10-11
36410,Limpeza,Limpeza de cozinha,Detergente Líquido Limpol Neutro Frasco com 500ml,Limpol,1.65,1.65,0.0,2024-10-11
36708,Limpeza,Limpeza de cozinha,Detergente Líquido Ypê Clear Frasco com 500ml,Ypê,1.89,1.89,0.0,2024-10-11
28319,Higiene e perfumaria,Higiene bucal,Creme Dental Colgate Máxima Proteção Anticáries Tubo com 90g,Colgate,3.89,3.64,0.0,2024-10-11
28585,Higiene e perfumaria,Higiene bucal,Creme Dental Colgate Tripla Ação Original Tubo com 90g,Colgate,4.44,4.24,0.0,2024-10-11
28697,Higiene e perfumaria,Higiene bucal,Creme Dental Oral-B 1-2-3 Tubo com 70g,Oral-B,2.49,2.49,0.0,2024-10-11
28745,Higiene e perfumaria,Higiene bucal,Creme Dental Oral-B 4 em 1 Tubo com 70g,Oral-B,3.75,3.4,0.0,2024-10-11
12460,Bebidas,Cervejas,Cerveja Heineken Lata com 269ml,Heineken,3.29,3.29,0.0,2024-10-11
13362,Bebidas,Cervejas,Cerveja Stella Artois Long neck com 330ml,Stella Artois,5.19,4.99,0.0,2024-10-11
12498,Bebidas,Cervejas,Cerveja Heineken Zero Long neck com 330ml,Heineken,5.49,5.49,0.0,2024-10-11
13351,Bebidas,Cervejas,Cerveja Spaten Puro Malte Lata com 350ml,Spaten,4.35,4.25,0.0,2024-10-11
12490,Bebidas,Cervejas,Cerveja Heineken Zero Lata com 269ml,Heineken,3.99,3.99,0.0,2024-10-11
13164,Bebidas,Cervejas,Cerveja Puro Malte Spaten Lata com 269ml,Spaten,2.99,2.99,0.0,2024-10-11
13356,Bebidas,Cervejas,Cerveja Spaten Puro Malte Long Neck com 355ml,Spaten,5.49,5.29,0.0,2024-10-11
12389,Bebidas,Cervejas,Cerveja Estrella Galicia Lata com 350ml,Estrella Galicia,4.59,4.39,0.0,2024-10-11
12385,Bebidas,Cervejas,Cerveja Estrella Galicia Lata com 269ml,Estrella Galicia,3.49,3.19,0.0,2024-10-11
12880,Bebidas,Cervejas,Cerveja Patagonia Amber Lager Lata com 350ml,Patagonia,5.69,5.49,0.0,2024-10-11
34777,Limpeza,Limpeza de casa,Limpador Perfumado Concentrado Coala Cereja e Avelã Frasco com 120ml,Coala,10.49,9.99,0.0,2024-10-11
1061,Mercearia,Massas e molhos,Macarrão com Ovos Adria Espaguete Pacote com 500g,Adria,3.59,3.29,0.0,2024-10-11
1187,Mercearia,Massas e molhos,Macarrão com Ovos Dona Benta Espaguete Pacote com 500g,Dona Benta,2.59,2.59,0.0,2024-10-11
1203,Mercearia,Massas e molhos,Macarrão com Ovos Dona Benta Penne Pacote com 500g,Dona Benta,2.59,2.59,0.0,2024-10-11
1433,Mercearia,Massas e molhos,Macarrão com Ovos Renata Espaguete Pacote com 500g,Renata,3.79,3.49,0.0,2024-10-11
1090,Mercearia,Massas e molhos,Macarrão com Ovos Adria Pena Pacote com 500g,Adria,3.59,3.29,0.0,2024-10-11
1065,Mercearia,Massas e molhos,Macarrão com Ovos Adria Espaguetinho Nº9 Pacote com 500g,Adria,3.59,3.29,0.0,2024-10-11
13073,Mercearia,"Cafés, chás e achocolatados",Filtro de Papel para Café Melitta Nº 103 Caixeta com 30 unidades,Melitta,3.49,3.49,0.0,2024-10-11
39240,Mercearia,Grãos,Milho para Pipoca Yoki Pacote com 400g,Yoki,5.49,4.99,0.0,2024-10-11
39238,Mercearia,Grãos,Milho para Pipoca Yoki Premium Pacote com 400g,Yoki,8.49,7.99,0.0,2024-10-11
31766,Limpeza,Limpeza de banheiro,Desinfetante Pinho Sol Original Frasco com 500ml,Pinho Sol,6.9,6.49,0.0,2024-10-11
38161,Limpeza,Limpeza de banheiro,Desinfetante Pinho Bril Plus Frasco com 500ml,Pinho Bril,3.98,3.98,0.0,2024-10-11
31494,Limpeza,Limpeza de banheiro,Desinfetante Lysoform Suave Frasco com 1L,Lysoform,10.49,10.49,0.0,2024-10-11
30600,Mercearia,Confeitaria,Leite Condensado Moça Integral Lata com 395g,Nestlé,7.18,7.18,0.0,2024-10-11
32839,Padaria e matinais,Leites,Leite Longa Vida Piracanjuba Com tampa Integral TP com 1L,Piracanjuba,5.55,5.39,0.0,2024-10-11
32447,Padaria e matinais,Leites,Leite Longa Vida Jussara Com tampa Integral TP com 1L,Jussara,5.59,5.39,0.0,2024-10-11
32452,Padaria e matinais,Leites,Leite Longa Vida Jussara Com tampa Semidesnatado TP com 1L,Jussara,5.59,5.39,0.0,2024-10-11
3984,Bebidas,Refrigerantes,Refrigerante Coca-Cola Sem açúcar Pet com 1L,Coca-Cola,5.09,4.89,0.0,2024-10-11
38145,Bebidas,Refrigerantes,Refrigerante Coca-Cola Sem açúcar Pet com 600ml,Coca-Cola,5.19,4.99,0.0,2024-10-11
64,Mercearia,Massas e molhos,Queijo Ralado Parmesão Président Pacote com 50g,Président,3.59,3.59,0.0,2024-10-11
36611,Mercearia,Massas e molhos,Queijo Parmesão Ralado Vigor Sachê com 50g,Vigor,6.39,5.49,0.0,2024-10-11
5350,Limpeza,Limpeza de banheiro,Água Sanitária Super Candida Frasco com 2L,Super Candida,4.98,4.78,0.0,2024-10-11
22295,Padaria e matinais,Pães e torradas,Pão de Forma Pullman Tradicional Pacote com 480g,Pullman,6.48,6.48,0.0,2024-10-11
38793,Padaria e matinais,Pães e torradas,Pão de Forma Visconti Tradicional Pacote com 400g,Visconti,4.79,4.79,0.0,2024-10-11
17933,Mercearia,Chocolates,Chocolate Nestlé Crunch Unidade com 80g,Nestlé,6.79,6.19,0.0,2024-10-11
44028,Limpeza,Limpeza de casa,Removedor Suprema Tradicional Frasco com 1L,Suprema,7.35,6.89,0.0,2024-10-11
13743,Mercearia,Grãos,Arroz Camil Agulhinha - Tipo 1 Pacote com 5kg,Camil,26.9,26.9,0.0,2024-10-11
13757,Mercearia,Grãos,Arroz Camil Integral Pacote com 1kg,Camil,6.9,6.7,0.0,2024-10-11
9742,Mercearia,Grãos,Feijão Carioca Camil Tipo 1 Pacote com 1kg,Camil,6.15,6.05,0.0,2024-10-11
10394,Limpeza,Limpeza de roupas,Amaciante para Roupas Concentrado Comfort Azul Frasco com 500ml,Comfort,8.49,8.49,0.0,2024-10-11
10340,Limpeza,Limpeza de roupas,Amaciante para Roupas Comfort Lavanda Refil com 900ml,Comfort,10.8,10.8,0.0,2024-10-11
10382,Limpeza,Limpeza de roupas,"Amaciante para Roupas Concentrado Baby Soft Inspiração Fascinante Frasco com 1,5L",Baby Soft,14.5,13.5,0.0,2024-10-11
32659,Higiene e perfumaria,Desodorantes,Desodorante Aerossol Dove Men+Care Frasco com 200ml,Dove,15.9,15.9,0.0,2024-10-11
32932,Higiene e perfumaria,Desodorantes,Desodorante Aerossol Nivea Men Deep carvão Frasco com 150ml,Nivea,12.5,11.8,0.0,2024-10-11
29864,Limpeza,Limpeza de roupas,Tira Manchas em Gel Vanish Refil com 500ml,Vanish,12.49,11.49,0.0,2024-10-11
28483,Limpeza,Limpeza de roupas,Kit Tira Manchas Semorin Grátis 1 Sabão de Coco,Semorin,19.95,19.95,0.0,2024-10-11
5057,Frios e congelados,Margarinas e manteigas,Manteiga Aviação Com sal Pote com 500g,Aviação,32.9,30.9,0.0,2024-10-11
5054,Frios e congelados,Margarinas e manteigas,Manteiga Aviação Com sal Pote com 200g,Aviação,14.5,13.9,0.0,2024-10-11
30248,Limpeza,Limpeza de roupas,Lava Roupas Líquido Omo Lavanda Refil com 900ml,Omo,13.9,12.9,0.0,2024-10-11
9235,Limpeza,Limpeza de roupas,Sabão em Barra Ypê Toque de Aveia e Coco Pacote com 5x180g,Ypê,14.9,13.9,0.0,2024-10-11
41949,Limpeza,Limpeza de roupas,Sabão em Barra Glicerinado Ypê Fresh Pacote com 900g,Ypê,14.89,13.89,0.0,2024-10-11
25610,Higiene e perfumaria,Papel higiênico,Papel Higiênico Personal Vip Folha dupla - 30m Pacote com 12 rolos,Personal,16.89,16.89,0.0,2024-10-11
25621,Higiene e perfumaria,Papel higiênico,Papel Higiênico Personal Vip Folha dupla - 30m Pacote com 24 rolos,Personal,33.78,33.78,0.0,2024-10-11
915,Mercearia,"Cafés, chás e achocolatados",Café 3 Corações Tradicional Pacote com 500g,3 Corações,17.68,17.68,0.0,2024-10-11
924,Mercearia,"Cafés, chás e achocolatados",Café 3 Corações Tradicional - Vácuo Pacote com 500g,3 Corações,17.68,17.68,0.0,2024-10-11
2584,Mercearia,"Cafés, chás e achocolatados",Café Melitta Sabor da Fazenda Vácuo Caixeta com 500g,Melitta,23.28,22.28,0.0,2024-10-11
3148,Mercearia,"Cafés, chás e achocolatados",Café Premium 3 Corações Estrada Real Pacote com 500g,3 Corações,23.98,22.98,0.0,2024-10-11
2588,Mercearia,"Cafés, chás e achocolatados",Café Melitta Tradicional Pouch com 500g,Melitta,17.78,17.78,0.0,2024-10-11
3259,Mercearia,"Cafés, chás e achocolatados",Café Sabor da Fazenda Tradicional Pouch com 500g,Melitta,23.28,22.28,0.0,2024-10-11
20602,Higiene e perfumaria,Cabelo,Shampoo Clear Ice Cool Menthol Frasco com 400ml,Clear,17.89,17.89,0.0,2024-10-11
20562,Higiene e perfumaria,Cabelo,Shampoo Clear 2 em 1 Frasco com 400ml,Clear,17.89,17.89,0.0,2024-10-11
20745,Higiene e perfumaria,Cabelo,Shampoo Elseve Hidra Hialurônico Frasco com 400ml,Elseve,24.99,23.99,0.0,2024-10-11
33807,Bebidas,Vinhos,Vinho Argentino Concha Y Toro Malbec Garrafa com 750ml,Concha Y Toro,25.9,25.9,0.0,2024-10-11
33964,Bebidas,Vinhos,Vinho Argentino Trapiche Malbec Garrafa com 750ml,Trapiche,36.9,34.9,0.0,2024-10-11
34190,Bebidas,Vinhos,Vinho Chileno Casillero del Diablo Malbec Garrafa com 750ml,Casillero del Diablo,49.9,49.9,0.0,2024-10-11
16327,Mercearia,"Azeites, óleos e vinagres",Azeite de Oliva Andorinha Extra Virgem Vidro com 500ml,Andorinha,44.95,42.95,0.0,2024-10-11
16464,Mercearia,"Azeites, óleos e vinagres",Azeite de Oliva Gallo Extra virgem Vidro com 500ml,Gallo,45.9,43.9,0.0,2024-10-11
39643,Mercearia,"Azeites, óleos e vinagres",Azeite de Oliva Deleyda Extra Virgem Premium Vidro com 500ml,Deleyda,74.9,70.9,0.0,2024-10-11
12638,Mercearia,Temperos e condimentos,Molho de Pimenta Knorr Vermelha Pet com 150ml,Knorr,5.4,5.2,0.0,2024-10-11
26381,Mercearia,Temperos e condimentos,Ketchup Heinz Tradicional Pet com 397g,Heinz,15.29,14.99,0.0,2024-10-11
17035,Mercearia,Temperos e condimentos,Orégano Kitano Sachê com 10g,Kitano,3.49,3.49,0.0,2024-10-11
19822,Bebidas,Destilados,Gin Seagers Garrafa com 1L,Seagers,35.89,35.89,0.0,2024-10-11
5634,Mercearia,Temperos e condimentos,Ajinomoto Refil com 100g,Ajinomoto,6.99,6.29,0.0,2024-10-11
14436,Mercearia,Temperos e condimentos,Molho Shoyu Sakura Pet com 150ml,Sakura,2.39,2.39,0.0,2024-10-11
12293,Mercearia,Temperos e condimentos,Molho de Mostarda Heinz Pet com 255g,Heinz,15.99,15.99,0.0,2024-10-11
27280,Mercearia,Confeitaria,Creme de Leite Italac TP com 200g,Italac,3.19,2.89,0.0,2024-10-11
38668,Padaria e matinais,Pães e torradas,Pullman Rap 10 Original Pacote com 297g,Pullman,8.98,8.98,0.0,2024-10-11
5666,Limpeza,Limpeza de cozinha,Esponja Scotch-Brite Pacote com 4 unidades,Scotch-Brite,6.79,6.29,0.0,2024-10-11
5658,Limpeza,Limpeza de cozinha,Esponja Scotch-Brite Não Risca Pacote com 3 unidades,Scotch-Brite,8.15,7.35,0.0,2024-10-11
16022,Mercearia,Bomboniere,Chiclete Mentos Fresh Mint Unidade com 56g,Mentos,10.9,9.9,0.0,2024-10-11
12969,Mercearia,Massas e molhos,Molho de Tomate Heinz Tradicional Pouch com 300g,Heinz,3.39,3.39,0.0,2024-10-18
38763,Mercearia,Massas e molhos,Molho de Tomate Salsaretti Tradicional Pouch com 300g,Salsaretti,1.89,1.69,0.0,2024-10-18
13480,Mercearia,Massas e molhos,Molho de Tomate Salsaretti Passata Rústica Vidro com 680g,Salsaretti,12.99,12.49,0.0,2024-10-18
12948,Mercearia,Massas e molhos,Molho de Tomate Heinz Manjericão Pouch com 300g,Heinz,4.78,4.78,0.0,2024-10-18
12942,Mercearia,Massas e molhos,Molho de Tomate Heinz Bolonhesa Pouch com 300g,Heinz,4.89,4.69,0.0,2024-10-18
36732,Limpeza,Limpeza de cozinha,Detergente Líquido Ypê Neutro Frasco com 500ml,Ypê,2.39,2.25,0.0,2024-10-18
36410,Limpeza,Limpeza de cozinha,Detergente Líquido Limpol Neutro Frasco com 500ml,Limpol,2.1,1.99,0.0,2024-10-18
36708,Limpeza,Limpeza de cozinha,Detergente Líquido Ypê Clear Frasco com 500ml,Ypê,2.39,2.25,0.0,2024-10-18
36362,Limpeza,Limpeza de cozinha,Detergente Líquido Limpol Coco Frasco com 500ml,Limpol,2.1,1.99,0.0,2024-10-18
28319,Higiene e perfumaria,Higiene bucal,Creme Dental Colgate Máxima Proteção Anticáries Tubo com 90g,Colgate,3.89,3.64,0.0,2024-10-18
28585,Higiene e perfumaria,Higiene bucal,Creme Dental Colgate Tripla Ação Original Tubo com 90g,Colgate,4.44,4.24,0.0,2024-10-18
28697,Higiene e perfumaria,Higiene bucal,Creme Dental Oral-B 1-2-3 Tubo com 70g,Oral-B,2.34,2.34,0.0,2024-10-18
28745,Higiene e perfumaria,Higiene bucal,Creme Dental Oral-B 4 em 1 Tubo com 70g,Oral-B,2.75,2.75,0.0,2024-10-18
12460,Bebidas,Cervejas,Cerveja Heineken Lata com 269ml,Heineken,3.49,3.49,0.0,2024-10-18
13362,Bebidas,Cervejas,Cerveja Stella Artois Long neck com 330ml,Stella Artois,5.19,4.99,0.0,2024-10-18
12498,Bebidas,Cervejas,Cerveja Heineken Zero Long neck com 330ml,Heineken,5.89,5.89,0.0,2024-10-18
13351,Bebidas,Cervejas,Cerveja Spaten Puro Malte Lata com 350ml,Spaten,4.25,4.25,0.0,2024-10-18
12490,Bebidas,Cervejas,Cerveja Heineken Zero Lata com 269ml,Heineken,3.99,3.99,0.0,2024-10-18
13164,Bebidas,Cervejas,Cerveja Puro Malte Spaten Lata com 269ml,Spaten,2.99,2.99,0.0,2024-10-18
13356,Bebidas,Cervejas,Cerveja Spaten Puro Malte Long Neck com 355ml,Spaten,5.49,5.29,0.0,2024-10-18
12389,Bebidas,Cervejas,Cerveja Estrella Galicia Lata com 350ml,Estrella Galicia,3.59,3.59,0.0,2024-10-18
12385,Bebidas,Cervejas,Cerveja Estrella Galicia Lata com 269ml,Estrella Galicia,2.59,2.59,0.0,2024-10-18
12880,Bebidas,Cervejas,Cerveja Patagonia Amber Lager Lata com 350ml,Patagonia,5.69,5.49,0.0,2024-10-18
34777,Limpeza,Limpeza de casa,Limpador Perfumado Concentrado Coala Cereja e Avelã Frasco com 120ml,Coala,10.49,9.99,0.0,2024-10-18
1061,Mercearia,Massas e molhos,Macarrão com Ovos Adria Espaguete Pacote com 500g,Adria,3.65,3.39,0.0,2024-10-18
1187,Mercearia,Massas e molhos,Macarrão com Ovos Dona Benta Espaguete Pacote com 500g,Dona Benta,2.59,2.59,0.0,2024-10-18
1203,Mercearia,Massas e molhos,Macarrão com Ovos Dona Benta Penne Pacote com 500g,Dona Benta,2.59,2.59,0.0,2024-10-18
1433,Mercearia,Massas e molhos,Macarrão com Ovos Renata Espaguete Pacote com 500g,Renata,2.99,2.99,0.0,2024-10-18
1090,Mercearia,Massas e molhos,Macarrão com Ovos Adria Pena Pacote com 500g,Adria,3.65,3.39,0.0,2024-10-18
1065,Mercearia,Massas e molhos,Macarrão com Ovos Adria Espaguetinho Nº9 Pacote com 500g,Adria,3.65,3.39,0.0,2024-10-18
13073,Mercearia,"Cafés, chás e achocolatados",Filtro de Papel para Café Melitta Nº 103 Caixeta com 30 unidades,Melitta,3.99,3.69,0.0,2024-10-18
39240,Mercearia,Grãos,Milho para Pipoca Yoki Pacote com 400g,Yoki,5.49,4.99,0.0,2024-10-18
39238,Mercearia,Grãos,Milho para Pipoca Yoki Premium Pacote com 400g,Yoki,8.49,7.99,0.0,2024-10-18
31766,Limpeza,Limpeza de banheiro,Desinfetante Pinho Sol Original Frasco com 500ml,Pinho Sol,6.9,6.49,0.0,2024-10-18
38161,Limpeza,Limpeza de banheiro,Desinfetante Pinho Bril Plus Frasco com 500ml,Pinho Bril,4.88,4.55,0.0,2024-10-18
31494,Limpeza,Limpeza de banheiro,Desinfetante Lysoform Suave Frasco com 1L,Lysoform,14.9,13.5,0.0,2024-10-18
30600,Mercearia,Confeitaria,Leite Condensado Moça Integral Lata com 395g,Nestlé,8.48,7.98,0.0,2024-10-18
32839,Padaria e matinais,Leites,Leite Longa Vida Piracanjuba Com tampa Integral TP com 1L,Piracanjuba,5.49,5.29,0.0,2024-10-18
32447,Padaria e matinais,Leites,Leite Longa Vida Jussara Com tampa Integral TP com 1L,Jussara,5.59,5.39,0.0,2024-10-18
32452,Padaria e matinais,Leites,Leite Longa Vida Jussara Com tampa Semidesnatado TP com 1L,Jussara,5.59,5.39,0.0,2024-10-18
32828,Padaria e matinais,Leites,Leite Longa Vida Piracanjuba A2 Semidesnatado TP com 1L,Piracanjuba,6.49,6.49,0.0,2024-10-18
64,Mercearia,Massas e molhos,Queijo Ralado Parmesão Président Pacote com 50g,Président,5.6,5.19,0.0,2024-10-18
36611,Mercearia,Massas e molhos,Queijo Parmesão Ralado Vigor Sachê com 50g,Vigor,6.39,5.49,0.0,2024-10-18
5350,Limpeza,Limpeza de banheiro,Água Sanitária Super Candida Frasco com 2L,Super Candida,4.98,4.78,0.0,2024-10-18
22295,Padaria e matinais,Pães e torradas,Pão de Forma Pullman Tradicional Pacote com 480g,Pullman,6.98,6.98,0.0,2024-10-18
17933,Mercearia,Chocolates,Chocolate Nestlé Crunch Unidade com 80g,Nestlé,6.79,6.19,0.0,2024-10-18
44028,Limpeza,Limpeza de casa,Removedor Suprema Tradicional Frasco com 1L,Suprema,7.35,6.89,0.0,2024-10-18
13743,Mercearia,Grãos,Arroz Camil Agulhinha - Tipo 1 Pacote com 5kg,Camil,29.9,29.69,0.0,2024-10-18
13757,Mercearia,Grãos,Arroz Camil Integral Pacote com 1kg,Camil,6.9,6.7,0.0,2024-10-18
9742,Mercearia,Grãos,Feijão Carioca Camil Tipo 1 Pacote com 1kg,Camil,6.15,6.05,0.0,2024-10-18
10394,Limpeza,Limpeza de roupas,Amaciante para Roupas Concentrado Comfort Azul Frasco com 500ml,Comfort,9.99,9.19,0.0,2024-10-18
10340,Limpeza,Limpeza de roupas,Amaciante para Roupas Comfort Lavanda Refil com 900ml,Comfort,14.9,13.9,0.0,2024-10-18
10382,Limpeza,Limpeza de roupas,"Amaciante para Roupas Concentrado Baby Soft Inspiração Fascinante Frasco com 1,5L",Baby Soft,14.5,13.5,0.0,2024-10-18
32659,Higiene e perfumaria,Desodorantes,Desodorante Aerossol Dove Men+Care Frasco com 200ml,Dove,18.9,17.9,0.0,2024-10-18
32932,Higiene e perfumaria,Desodorantes,Desodorante Aerossol Nivea Men Deep carvão Frasco com 150ml,Nivea,14.9,13.5,0.0,2024-10-18
29864,Limpeza,Limpeza de roupas,Tira Manchas em Gel Vanish Refil com 500ml,Vanish,11.7,10.7,0.0,2024-10-18
28483,Limpeza,Limpeza de roupas,Kit Tira Manchas Semorin Grátis 1 Sabão de Coco,Semorin,19.95,19.95,0.0,2024-10-18
14304,Mercearia,Salgadinhos e snacks,Salgadinho Batata Pringles Creme e Cebola Tubo com 109g,Pringles,11.89,10.79,0.0,2024-10-18
5057,Frios e congelados,Margarinas e manteigas,Manteiga Aviação Com sal Pote com 500g,Aviação,32.9,30.9,0.0,2024-10-18
5054,Frios e congelados,Margarinas e manteigas,Manteiga Aviação Com sal Pote com 200g,Aviação,14.5,13.9,0.0,2024-10-18
30248,Limpeza,Limpeza de roupas,Lava Roupas Líquido Omo Lavanda Refil com 900ml,Omo,13.9,12.9,0.0,2024-10-18
9235,Limpeza,Limpeza de roupas,Sabão em Barra Ypê Toque de Aveia e Coco Pacote com 5x180g,Ypê,14.9,13.9,0.0,2024-10-18
41949,Limpeza,Limpeza de roupas,Sabão em Barra Glicerinado Ypê Fresh Pacote com 900g,Ypê,14.89,13.89,0.0,2024-10-18
25610,Higiene e perfumaria,Papel higiênico,Papel Higiênico Personal Vip Folha dupla - 30m Pacote com 12 rolos,Personal,15.39,15.39,0.0,2024-10-18
25621,Higiene e perfumaria,Papel higiênico,Papel Higiênico Personal Vip Folha dupla - 30m Pacote com 24 rolos,Personal,30.78,30.78,0.0,2024-10-18
11516,Higiene e perfumaria,Sabonetes,Sabonete Líquido Protex Nutri protect Refil com 500ml,Protex,18.9,17.5,0.0,2024-10-18
915,Mercearia,"Cafés, chás e achocolatados",Café 3 Corações Tradicional Pacote com 500g,3 Corações,21.88,20.88,0.0,2024-10-18
2584,Mercearia,"Cafés, chás e achocolatados",Café Melitta Sabor da Fazenda Vácuo Caixeta com 500g,Melitta,23.28,22.28,0.0,2024-10-18
3148,Mercearia,"Cafés, chás e achocolatados",Café Premium 3 Corações Estrada Real Pacote com 500g,3 Corações,23.98,22.98,0.0,2024-10-18
3259,Mercearia,"Cafés, chás e achocolatados",Café Sabor da Fazenda Tradicional Pouch com 500g,Melitta,23.28,22.28,0.0,2024-10-18
2588,Mercearia,"Cafés, chás e achocolatados",Café Melitta Tradicional Pouch com 500g,Melitta,19.98,19.98,0.0,2024-10-18
20602,Higiene e perfumaria,Cabelo,Shampoo Clear Ice Cool Menthol Frasco com 400ml,Clear,20.9,19.9,0.0,2024-10-18
20562,Higiene e perfumaria,Cabelo,Shampoo Clear 2 em 1 Frasco com 400ml,Clear,20.9,19.9,0.0,2024-10-18
20745,Higiene e perfumaria,Cabelo,Shampoo Elseve Hidra Hialurônico Frasco com 400ml,Elseve,24.99,23.99,0.0,2024-10-18
33807,Bebidas,Vinhos,Vinho Argentino Concha Y Toro Malbec Garrafa com 750ml,Concha Y Toro,25.9,25.9,0.0,2024-10-18
33964,Bebidas,Vinhos,Vinho Argentino Trapiche Malbec Garrafa com 750ml,Trapiche,36.9,34.9,0.0,2024-10-18
37130,Bebidas,Destilados,Cachaça Salinas Bálsamo Garrafa com 1L,Salinas,44.99,39.99,0.0,2024-10-18
37135,Bebidas,Destilados,Cachaça Salinas Ipê Garrafa com 700ml,Salinas,44.89,42.69,0.0,2024-10-18
16327,Mercearia,"Azeites, óleos e vinagres",Azeite de Oliva Andorinha Extra Virgem Vidro com 500ml,Andorinha,44.95,42.95,0.0,2024-10-18
16464,Mercearia,"Azeites, óleos e vinagres",Azeite de Oliva Gallo Extra virgem Vidro com 500ml,Gallo,45.9,43.9,0.0,2024-10-18
39643,Mercearia,"Azeites, óleos e vinagres",Azeite de Oliva Deleyda Extra Virgem Premium Vidro com 500ml,Deleyda,74.9,70.9,0.0,2024-10-18
12638,Mercearia,Temperos e condimentos,Molho de Pimenta Knorr Vermelha Pet com 150ml,Knorr,5.4,5.2,0.0,2024-10-18
26381,Mercearia,Temperos e condimentos,Ketchup Heinz Tradicional Pet com 397g,Heinz,14.49,13.89,0.0,2024-10-18
17035,Mercearia,Temperos e condimentos,Orégano Kitano Sachê com 10g,Kitano,3.49,3.49,0.0,2024-10-18
19822,Bebidas,Destilados,Gin Seagers Garrafa com 1L,Seagers,44.89,42.89,0.0,2024-10-18
5634,Mercearia,Temperos e condimentos,Ajinomoto Refil com 100g,Ajinomoto,6.99,6.29,0.0,2024-10-18
14436,Mercearia,Temperos e condimentos,Molho Shoyu Sakura Pet com 150ml,Sakura,3.49,3.15,0.0,2024-10-18
12293,Mercearia,Temperos e condimentos,Molho de Mostarda Heinz Pet com 255g,Heinz,12.49,12.49,0.0,2024-10-18
27280,Mercearia,Confeitaria,Creme de Leite Italac TP com 200g,Italac,3.19,2.89,0.0,2024-10-18
38668,Padaria e matinais,Pães e torradas,Pullman Rap 10 Original Pacote com 297g,Pullman,8.98,8.98,0.0,2024-10-18
5666,Limpeza,Limpeza de cozinha,Esponja Scotch-Brite Pacote com 4 unidades,Scotch-Brite,6.79,6.29,0.0,2024-10-18
5658,Limpeza,Limpeza de cozinha,Esponja Scotch-Brite Não Risca Pacote com 3 unidades,Scotch-Brite,8.15,7.35,0.0,2024-10-18
16022,Mercearia,Bomboniere,Chiclete Mentos Fresh Mint Unidade com 56g,Mentos,9.9,9.9,0.0,2024-10-18
12969,Mercearia,Massas e molhos,Molho de Tomate Heinz Tradicional Pouch com 300g,Heinz,2.79,2.79,0.0,2024-10-25
38763,Mercearia,Massas e molhos,Molho de Tomate Salsaretti Tradicional Pouch com 300g,Salsaretti,1.89,1.69,0.0,2024-10-25
13480,Mercearia,Massas e molhos,Molho de Tomate Salsaretti Passata Rústica Vidro com 680g,Salsaretti,12.99,12.49,0.0,2024-10-25
12948,Mercearia,Massas e molhos,Molho de Tomate Heinz Manjericão Pouch com 300g,Heinz,4.78,4.78,0.0,2024-10-25
12942,Mercearia,Massas e molhos,Molho de Tomate Heinz Bolonhesa Pouch com 300g,Heinz,4.89,4.69,0.0,2024-10-25
36732,Limpeza,Limpeza de cozinha,Detergente Líquido Ypê Neutro Frasco com 500ml,Ypê,2.39,2.25,0.0,2024-10-25
36410,Limpeza,Limpeza de cozinha,Detergente Líquido Limpol Neutro Frasco com 500ml,Limpol,2.1,1.99,0.0,2024-10-25
36708,Limpeza,Limpeza de cozinha,Detergente Líquido Ypê Clear Frasco com 500ml,Ypê,2.39,2.25,0.0,2024-10-25
36362,Limpeza,Limpeza de cozinha,Detergente Líquido Limpol Coco Frasco com 500ml,Limpol,2.1,1.99,0.0,2024-10-25
28319,Higiene e perfumaria,Higiene bucal,Creme Dental Colgate Máxima Proteção Anticáries Tubo com 90g,Colgate,3.89,3.64,0.0,2024-10-25
28585,Higiene e perfumaria,Higiene bucal,Creme Dental Colgate Tripla Ação Original Tubo com 90g,Colgate,4.44,4.24,0.0,2024-10-25
28697,Higiene e perfumaria,Higiene bucal,Creme Dental Oral-B 1-2-3 Tubo com 70g,Oral-B,2.66,2.66,0.0,2024-10-25
28745,Higiene e perfumaria,Higiene bucal,Creme Dental Oral-B 4 em 1 Tubo com 70g,Oral-B,3.75,3.5,0.0,2024-10-25
12460,Bebidas,Cervejas,Cerveja Heineken Lata com 269ml,Heineken,3.99,3.99,0.0,2024-10-25
13362,Bebidas,Cervejas,Cerveja Stella Artois Long neck com 330ml,Stella Artois,5.19,4.99,0.0,2024-10-25
12498,Bebidas,Cervejas,Cerveja Heineken Zero Long neck com 330ml,Heineken,6.79,6.49,0.0,2024-10-25
13351,Bebidas,Cervejas,Cerveja Spaten Puro Malte Lata com 350ml,Spaten,4.25,4.25,0.0,2024-10-25
13164,Bebidas,Cervejas,Cerveja Puro Malte Spaten Lata com 269ml,Spaten,2.99,2.99,0.0,2024-10-25
13356,Bebidas,Cervejas,Cerveja Spaten Puro Malte Long Neck com 355ml,Spaten,5.49,5.29,0.0,2024-10-25
12490,Bebidas,Cervejas,Cerveja Heineken Zero Lata com 269ml,Heineken,3.99,3.99,0.0,2024-10-25
12385,Bebidas,Cervejas,Cerveja Estrella Galicia Lata com 269ml,Estrella Galicia,3.39,3.19,0.0,2024-10-25
12389,Bebidas,Cervejas,Cerveja Estrella Galicia Lata com 350ml,Estrella Galicia,4.59,4.39,0.0,2024-10-25
12880,Bebidas,Cervejas,Cerveja Patagonia Amber Lager Lata com 350ml,Patagonia,5.69,5.49,0.0,2024-10-25
34777,Limpeza,Limpeza de casa,Limpador Perfumado Concentrado Coala Cereja e Avelã Frasco com 120ml,Coala,10.49,9.99,0.0,2024-10-25
1061,Mercearia,Massas e molhos,Macarrão com Ovos Adria Espaguete Pacote com 500g,Adria,3.65,3.39,0.0,2024-10-25
1187,Mercearia,Massas e molhos,Macarrão com Ovos Dona Benta Espaguete Pacote com 500g,Dona Benta,3.59,3.19,0.0,2024-10-25
1203,Mercearia,Massas e molhos,Macarrão com Ovos Dona Benta Penne Pacote com 500g,Dona Benta,3.59,3.19,0.0,2024-10-25
1433,Mercearia,Massas e molhos,Macarrão com Ovos Renata Espaguete Pacote com 500g,Renata,3.79,3.49,0.0,2024-10-25
1090,Mercearia,Massas e molhos,Macarrão com Ovos Adria Pena Pacote com 500g,Adria,3.65,3.39,0.0,2024-10-25
1065,Mercearia,Massas e molhos,Macarrão com Ovos Adria Espaguetinho Nº9 Pacote com 500g,Adria,3.65,3.39,0.0,2024-10-25
13073,Mercearia,"Cafés, chás e achocolatados",Filtro de Papel para Café Melitta Nº 103 Caixeta com 30 unidades,Melitta,3.99,3.69,0.0,2024-10-25
39240,Mercearia,Grãos,Milho para Pipoca Yoki Pacote com 400g,Yoki,5.49,4.99,0.0,2024-10-25
39238,Mercearia,Grãos,Milho para Pipoca Yoki Premium Pacote com 400g,Yoki,8.49,7.99,0.0,2024-10-25
31766,Limpeza,Limpeza de banheiro,Desinfetante Pinho Sol Original Frasco com 500ml,Pinho Sol,6.9,6.49,0.0,2024-10-25
38161,Limpeza,Limpeza de banheiro,Desinfetante Pinho Bril Plus Frasco com 500ml,Pinho Bril,4.88,4.55,0.0,2024-10-25
31494,Limpeza,Limpeza de banheiro,Desinfetante Lysoform Suave Frasco com 1L,Lysoform,14.9,13.5,0.0,2024-10-25
30600,Mercearia,Confeitaria,Leite Condensado Moça Integral Lata com 395g,Nestlé,8.19,7.69,0.0,2024-10-25
32447,Padaria e matinais,Leites,Leite Longa Vida Jussara Com tampa Integral TP com 1L,Jussara,5.35,5.15,0.0,2024-10-25
32839,Padaria e matinais,Leites,Leite Longa Vida Piracanjuba Com tampa Integral TP com 1L,Piracanjuba,5.45,5.25,0.0,2024-10-25
32452,Padaria e matinais,Leites,Leite Longa Vida Jussara Com tampa Semidesnatado TP com 1L,Jussara,5.35,5.15,0.0,2024-10-25
32828,Padaria e matinais,Leites,Leite Longa Vida Piracanjuba A2 Semidesnatado TP com 1L,Piracanjuba,6.49,6.49,0.0,2024-10-25
27280,Mercearia,Confeitaria,Creme de Leite Italac TP com 200g,Italac,3.05,2.79,0.0,2024-10-25
3984,Bebidas,Refrigerantes,Refrigerante Coca-Cola Sem açúcar Pet com 1L,Coca-Cola,5.69,5.49,0.0,2024-10-25
38145,Bebidas,Refrigerantes,Refrigerante Coca-Cola Sem açúcar Pet com 600ml,Coca-Cola,5.19,4.99,0.0,2024-10-25
64,Mercearia,Massas e molhos,Queijo Ralado Parmesão Président Pacote com 50g,Président,5.6,5.19,0.0,2024-10-25
36611,Mercearia,Massas e molhos,Queijo Parmesão Ralado Vigor Sachê com 50g,Vigor,6.39,5.49,0.0,2024-10-25
5350,Limpeza,Limpeza de banheiro,Água Sanitária Super Candida Frasco com 2L,Super Candida,4.49,4.49,0.0,2024-10-25
22295,Padaria e matinais,Pães e torradas,Pão de Forma Pullman Tradicional Pacote com 480g,Pullman,6.98,6.98,0.0,2024-10-25
44028,Limpeza,Limpeza de casa,Removedor Suprema Tradicional Frasco com 1L,Suprema,7.35,6.89,0.0,2024-10-25
13743,Mercearia,Grãos,Arroz Camil Agulhinha - Tipo 1 Pacote com 5kg,Camil,29.9,29.69,0.0,2024-10-25
13757,Mercearia,Grãos,Arroz Camil Integral Pacote com 1kg,Camil,6.9,6.7,0.0,2024-10-25
9742,Mercearia,Grãos,Feijão Carioca Camil Tipo 1 Pacote com 1kg,Camil,6.05,5.95,0.0,2024-10-25
10394,Limpeza,Limpeza de roupas,Amaciante para Roupas Concentrado Comfort Azul Frasco com 500ml,Comfort,9.99,9.19,0.0,2024-10-25
10340,Limpeza,Limpeza de roupas,Amaciante para Roupas Comfort Lavanda Refil com 900ml,Comfort,14.9,13.9,0.0,2024-10-25
10382,Limpeza,Limpeza de roupas,"Amaciante para Roupas Concentrado Baby Soft Inspiração Fascinante Frasco com 1,5L",Baby Soft,14.5,13.5,0.0,2024-10-25
32932,Higiene e perfumaria,Desodorantes,Desodorante Aerossol Nivea Men Deep carvão Frasco com 150ml,Nivea,14.89,13.49,0.0,2024-10-25
32659,Higiene e perfumaria,Desodorantes,Desodorante Aerossol Dove Men+Care Frasco com 200ml,Dove,21.99,19.99,0.0,2024-10-25
29864,Limpeza,Limpeza de roupas,Tira Manchas em Gel Vanish Refil com 500ml,Vanish,11.7,10.7,0.0,2024-10-25
14304,Mercearia,Salgadinhos e snacks,Salgadinho Batata Pringles Creme e Cebola Tubo com 109g,Pringles,11.89,10.79,0.0,2024-10-25
5057,Frios e congelados,Margarinas e manteigas,Manteiga Aviação Com sal Pote com 500g,Aviação,32.9,30.9,0.0,2024-10-25
5054,Frios e congelados,Margarinas e manteigas,Manteiga Aviação Com sal Pote com 200g,Aviação,14.5,13.9,0.0,2024-10-25
30248,Limpeza,Limpeza de roupas,Lava Roupas Líquido Omo Lavanda Refil com 900ml,Omo,13.9,12.9,0.0,2024-10-25
9235,Limpeza,Limpeza de roupas,Sabão em Barra Ypê Toque de Aveia e Coco Pacote com 5x180g,Ypê,14.9,13.9,0.0,2024-10-25
41949,Limpeza,Limpeza de roupas,Sabão em Barra Glicerinado Ypê Fresh Pacote com 900g,Ypê,14.89,13.89,0.0,2024-10-25
25610,Higiene e perfumaria,Papel higiênico,Papel Higiênico Personal Vip Folha dupla - 30m Pacote com 12 rolos,Personal,19.89,18.89,0.0,2024-10-25
11516,Higiene e perfumaria,Sabonetes,Sabonete Líquido Protex Nutri protect Refil com 500ml,Protex,18.9,17.5,0.0,2024-10-25
915,Mercearia,"Cafés, chás e achocolatados",Café 3 Corações Tradicional Pacote com 500g,3 Corações,22.78,21.78,0.0,2024-10-25
924,Mercearia,"Cafés, chás e achocolatados",Café 3 Corações Tradicional - Vácuo Pacote com 500g,3 Corações,22.78,21.78,0.0,2024-10-25
2584,Mercearia,"Cafés, chás e achocolatados",Café Melitta Sabor da Fazenda Vácuo Caixeta com 500g,Melitta,24.68,23.68,0.0,2024-10-25
3148,Mercearia,"Cafés, chás e achocolatados",Café Premium 3 Corações Estrada Real Pacote com 500g,3 Corações,24.48,23.48,0.0,2024-10-25
2588,Mercearia,"Cafés, chás e achocolatados",Café Melitta Tradicional Pouch com 500g,Melitta,23.68,22.68,0.0,2024-10-25
3259,Mercearia,"Cafés, chás e achocolatados",Café Sabor da Fazenda Tradicional Pouch com 500g,Melitta,24.68,23.68,0.0,2024-10-25
20602,Higiene e perfumaria,Cabelo,Shampoo Clear Ice Cool Menthol Frasco com 400ml,Clear,23.98,22.99,0.0,2024-10-25
20562,Higiene e perfumaria,Cabelo,Shampoo Clear 2 em 1 Frasco com 400ml,Clear,23.98,22.99,0.0,2024-10-25
20745,Higiene e perfumaria,Cabelo,Shampoo Elseve Hidra Hialurônico Frasco com 400ml,Elseve,18.9,18.9,0.0,2024-10-25
33964,Bebidas,Vinhos,Vinho Argentino Trapiche Malbec Garrafa com 750ml,Trapiche,36.9,34.9,0.0,2024-10-25
33807,Bebidas,Vinhos,Vinho Argentino Concha Y Toro Malbec Garrafa com 750ml,Concha Y Toro,29.8,28.3,0.0,2024-10-25
37139,Bebidas,Destilados,Cachaça Salinas Tradicional Garrafa com 600ml,Salinas,36.49,35.49,0.0,2024-10-25
37130,Bebidas,Destilados,Cachaça Salinas Bálsamo Garrafa com 1L,Salinas,44.99,39.99,0.0,2024-10-25
37135,Bebidas,Destilados,Cachaça Salinas Ipê Garrafa com 700ml,Salinas,47.99,45.49,0.0,2024-10-25
16327,Mercearia,"Azeites, óleos e vinagres",Azeite de Oliva Andorinha Extra Virgem Vidro com 500ml,Andorinha,45.95,43.95,0.0,2024-10-25
16464,Mercearia,"Azeites, óleos e vinagres",Azeite de Oliva Gallo Extra virgem Vidro com 500ml,Gallo,46.9,44.9,0.0,2024-10-25
39643,Mercearia,"Azeites, óleos e vinagres",Azeite de Oliva Deleyda Extra Virgem Premium Vidro com 500ml,Deleyda,74.9,70.9,0.0,2024-10-25
7433,Mercearia,Farinhas,Farinha de Mandioca D'Cheff Temperada Tradicional Pacote com 300g,D'Cheff,6.49,5.99,0.0,2024-10-25
12638,Mercearia,Temperos e condimentos,Molho de Pimenta Knorr Vermelha Pet com 150ml,Knorr,5.4,5.2,0.0,2024-10-25
26381,Mercearia,Temperos e condimentos,Ketchup Heinz Tradicional Pet com 397g,Heinz,14.89,14.89,0.0,2024-10-25
17035,Mercearia,Temperos e condimentos,Orégano Kitano Sachê com 10g,Kitano,3.88,3.69,0.0,2024-10-25
19822,Bebidas,Destilados,Gin Seagers Garrafa com 1L,Seagers,44.89,42.89,0.0,2024-10-25
5634,Mercearia,Temperos e condimentos,Ajinomoto Refil com 100g,Ajinomoto,6.99,6.29,0.0,2024-10-25
14436,Mercearia,Temperos e condimentos,Molho Shoyu Sakura Pet com 150ml,Sakura,3.49,3.15,0.0,2024-10-25
12293,Mercearia,Temperos e condimentos,Molho de Mostarda Heinz Pet com 255g,Heinz,11.99,11.99,0.0,2024-10-25
38668,Padaria e matinais,Pães e torradas,Pullman Rap 10 Original Pacote com 297g,Pullman,8.98,8.98,0.0,2024-10-25
5666,Limpeza,Limpeza de cozinha,Esponja Scotch-Brite Pacote com 4 unidades,Scotch-Brite,6.65,6.2,0.0,2024-10-25
5658,Limpeza,Limpeza de cozinha,Esponja Scotch-Brite Não Risca Pacote com 3 unidades,Scotch-Brite,8.15,7.35,0.0,2024-10-25
16022,Mercearia,Bomboniere,Chiclete Mentos Fresh Mint Unidade com 56g,Mentos,10.9,10.49,0.0,2024-10-25
12969,Mercearia,Massas e molhos,Molho de Tomate Heinz Tradicional Pouch com 300g,Heinz,2.99,2.99,0.0,2025-02-07
38763,Mercearia,Massas e molhos,Molho de Tomate Salsaretti Tradicional Pouch com 300g,Salsaretti,1.89,1.79,0.0,2025-02-07
13480,Mercearia,Massas e molhos,Molho de Tomate Salsaretti Passata Rústica Vidro com 680g,Salsaretti,13.5,12.99,0.0,2025-02-07
12948,Mercearia,Massas e molhos,Molho de Tomate Heinz Manjericão Pouch com 300g,Heinz,4.78,4.78,0.0,2025-02-07
13206,Mercearia,Massas e molhos,Molho de Tomate Pomarola Chef Passata Vidro com 700g,Pomarola,18.9,18.3,0.0,2025-02-07
12942,Mercearia,Massas e molhos,Molho de Tomate Heinz Bolonhesa Pouch com 300g,Heinz,4.89,4.69,0.0,2025-02-07
36708,Limpeza,Limpeza de cozinha,Detergente Líquido Ypê Clear Frasco com 500ml,Ypê,2.19,2.09,0.0,2025-02-07
36732,Limpeza,Limpeza de cozinha,Detergente Líquido Ypê Neutro Frasco com 500ml,Ypê,2.19,2.09,0.0,2025-02-07
36410,Limpeza,Limpeza de cozinha,Detergente Líquido Limpol Neutro Frasco com 500ml,Limpol,2.05,2.05,0.0,2025-02-07
36362,Limpeza,Limpeza de cozinha,Detergente Líquido Limpol Coco Frasco com 500ml,Limpol,2.05,2.05,0.0,2025-02-07
28319,Higiene e perfumaria,Higiene bucal,Creme Dental Colgate Máxima Proteção Anticáries Tubo com 90g,Colgate,3.89,3.64,0.0,2025-02-07
28585,Higiene e perfumaria,Higiene bucal,Creme Dental Colgate Tripla Ação Original Tubo com 90g,Colgate,4.44,4.24,0.0,2025-02-07
28697,Higiene e perfumaria,Higiene bucal,Creme Dental Oral-B 1-2-3 Tubo com 70g,Oral-B,2.65,2.65,0.0,2025-02-07
28745,Higiene e perfumaria,Higiene bucal,Creme Dental Oral-B 4 em 1 Tubo com 70g,Oral-B,4.2,3.8,0.0,2025-02-07
13164,Bebidas,Cervejas,Cerveja Puro Malte Spaten Lata com 269ml,Spaten,3.19,3.09,0.0,2025-02-07
12498,Bebidas,Cervejas,Cerveja Heineken Zero Long neck com 330ml,Heineken,6.79,6.49,0.0,2025-02-07
13362,Bebidas,Cervejas,Cerveja Stella Artois Long neck com 330ml,Stella Artois,5.79,5.59,0.0,2025-02-07
13351,Bebidas,Cervejas,Cerveja Spaten Puro Malte Lata com 350ml,Spaten,3.78,3.78,0.0,2025-02-07
12490,Bebidas,Cervejas,Cerveja Heineken Zero Lata com 269ml,Heineken,4.19,3.99,0.0,2025-02-07
12389,Bebidas,Cervejas,Cerveja Estrella Galicia Lata com 350ml,Estrella Galicia,4.59,4.39,0.0,2025-02-07
12880,Bebidas,Cervejas,Cerveja Patagonia Amber Lager Lata com 350ml,Patagonia,5.79,5.59,0.0,2025-02-07
1187,Mercearia,Massas e molhos,Macarrão com Ovos Dona Benta Espaguete Pacote com 500g,Dona Benta,3.09,3.09,0.0,2025-02-07
1203,Mercearia,Massas e molhos,Macarrão com Ovos Dona Benta Penne Pacote com 500g,Dona Benta,3.09,3.09,0.0,2025-02-07
1061,Mercearia,Massas e molhos,Macarrão com Ovos Adria Espaguete Pacote com 500g,Adria,2.99,2.99,0.0,2025-02-07
1090,Mercearia,Massas e molhos,Macarrão com Ovos Adria Pena Pacote com 500g,Adria,2.99,2.99,0.0,2025-02-07
1065,Mercearia,Massas e molhos,Macarrão com Ovos Adria Espaguetinho Nº9 Pacote com 500g,Adria,2.99,2.99,0.0,2025-02-07
1433,Mercearia,Massas e molhos,Macarrão com Ovos Renata Espaguete Pacote com 500g,Renata,3.99,3.69,0.0,2025-02-07
1442,Mercearia,Massas e molhos,Macarrão com Ovos Renata Pena Pacote com 500g,Renata,3.99,3.69,0.0,2025-02-07
13073,Mercearia,"Cafés, chás e achocolatados",Filtro de Papel para Café Melitta Nº 103 Caixeta com 30 unidades,Melitta,4.19,3.89,0.0,2025-02-07
39240,Mercearia,Grãos,Milho para Pipoca Yoki Pacote com 400g,Yoki,3.79,3.79,0.0,2025-02-07
39238,Mercearia,Grãos,Milho para Pipoca Yoki Premium Pacote com 400g,Yoki,5.89,5.89,0.0,2025-02-07
14436,Mercearia,Temperos e condimentos,Molho Shoyu Sakura Pet com 150ml,Sakura,2.89,2.69,0.0,2025-02-07
31766,Limpeza,Limpeza de banheiro,Desinfetante Pinho Sol Original Frasco com 500ml,Pinho Sol,5.95,5.95,0.0,2025-02-07
38161,Limpeza,Limpeza de banheiro,Desinfetante Pinho Bril Plus Frasco com 500ml,Pinho Bril,4.1,4.1,0.0,2025-02-07
31494,Limpeza,Limpeza de banheiro,Desinfetante Lysoform Suave Frasco com 1L,Lysoform,15.5,14.9,0.0,2025-02-07
30600,Mercearia,Confeitaria,Leite Condensado Moça Integral Lata com 395g,Nestlé,8.8,8.3,0.0,2025-02-07
32447,Padaria e matinais,Leites,Leite Longa Vida Jussara Com tampa Integral TP com 1L,Jussara,4.39,4.39,0.0,2025-02-07
32839,Padaria e matinais,Leites,Leite Longa Vida Piracanjuba Com tampa Integral TP com 1L,Piracanjuba,5.09,4.89,0.0,2025-02-07
32452,Padaria e matinais,Leites,Leite Longa Vida Jussara Com tampa Semidesnatado TP com 1L,Jussara,4.39,4.39,0.0,2025-02-07
3984,Bebidas,Refrigerantes,Refrigerante Coca-Cola Sem açúcar Pet com 1L,Coca-Cola,5.99,5.79,0.0,2025-02-07
38145,Bebidas,Refrigerantes,Refrigerante Coca-Cola Sem açúcar Pet com 600ml,Coca-Cola,3.99,3.99,0.0,2025-02-07
36611,Mercearia,Massas e molhos,Queijo Parmesão Ralado Vigor Sachê com 50g,Vigor,4.79,4.79,0.0,2025-02-07
64,Mercearia,Massas e molhos,Queijo Ralado Parmesão Président Pacote com 50g,Président,5.6,5.19,0.0,2025-02-07
5350,Limpeza,Limpeza de banheiro,Água Sanitária Super Candida Frasco com 2L,Super Candida,5.69,5.25,0.0,2025-02-07
22295,Padaria e matinais,Pães e torradas,Pão de Forma Pullman Tradicional Pacote com 480g,Pullman,8.48,8.48,0.0,2025-02-07
17933,Mercearia,Chocolates,Chocolate Nestlé Crunch Unidade com 80g,Nestlé,5.89,5.89,0.0,2025-02-07
44028,Limpeza,Limpeza de casa,Removedor Suprema Tradicional Frasco com 1L,Suprema,7.85,6.99,0.0,2025-02-07
13743,Mercearia,Grãos,Arroz Camil Agulhinha - Tipo 1 Pacote com 5kg,Camil,26.7,26.19,0.0,2025-02-07
13757,Mercearia,Grãos,Arroz Camil Integral Pacote com 1kg,Camil,6.4,6.19,0.0,2025-02-07
9742,Mercearia,Grãos,Feijão Carioca Camil Tipo 1 Pacote com 1kg,Camil,5.39,5.29,0.0,2025-02-07
10394,Limpeza,Limpeza de roupas,Amaciante para Roupas Concentrado Comfort Azul Frasco com 500ml,Comfort,9.9,9.29,0.0,2025-02-07
10340,Limpeza,Limpeza de roupas,Amaciante para Roupas Comfort Lavanda Refil com 900ml,Comfort,14.9,13.9,0.0,2025-02-07
10382,Limpeza,Limpeza de roupas,"Amaciante para Roupas Concentrado Baby Soft Inspiração Fascinante Frasco com 1,5L",Baby Soft,16.5,14.5,0.0,2025-02-07
32659,Higiene e perfumaria,Desodorantes,Desodorante Aerossol Dove Men+Care Frasco com 200ml,Dove,17.9,17.9,0.0,2025-02-07
29864,Limpeza,Limpeza de roupas,Tira Manchas em Gel Vanish Refil com 500ml,Vanish,12.9,11.9,0.0,2025-02-07
14304,Mercearia,Salgadinhos e snacks,Salgadinho Batata Pringles Creme e Cebola Tubo com 109g,Pringles,8.75,7.99,0.0,2025-02-07
5054,Frios e congelados,Margarinas e manteigas,Manteiga Aviação Com sal Pote com 200g,Aviação,14.5,13.9,0.0,2025-02-07
30248,Limpeza,Limpeza de roupas,Lava Roupas Líquido Omo Lavanda Refil com 900ml,Omo,13.49,12.49,0.0,2025-02-07
9235,Limpeza,Limpeza de roupas,Sabão em Barra Ypê Toque de Aveia e Coco Pacote com 5x180g,Ypê,13.9,11.9,0.0,2025-02-07
25621,Higiene e perfumaria,Papel higiênico,Papel Higiênico Personal Vip Folha dupla - 30m Pacote com 24 rolos,Personal,32.18,32.18,0.0,2025-02-07
25610,Higiene e perfumaria,Papel higiênico,Papel Higiênico Personal Vip Folha dupla - 30m Pacote com 12 rolos,Personal,16.09,16.09,0.0,2025-02-07
915,Mercearia,"Cafés, chás e achocolatados",Café 3 Corações Tradicional Pacote com 500g,3 Corações,28.98,27.98,0.0,2025-02-07
924,Mercearia,"Cafés, chás e achocolatados",Café 3 Corações Tradicional - Vácuo Pacote com 500g,3 Corações,28.98,27.98,0.0,2025-02-07
2588,Mercearia,"Cafés, chás e achocolatados",Café Melitta Tradicional Pouch com 500g,Melitta,29.48,28.48,0.0,2025-02-07
2584,Mercearia,"Cafés, chás e achocolatados",Café Melitta Sabor da Fazenda Vácuo Caixeta com 500g,Melitta,29.98,28.98,0.0,2025-02-07
3148,Mercearia,"Cafés, chás e achocolatados",Café Premium 3 Corações Estrada Real Pacote com 500g,3 Corações,31.98,30.98,0.0,2025-02-07
3259,Mercearia,"Cafés, chás e achocolatados",Café Sabor da Fazenda Tradicional Pouch com 500g,Melitta,29.98,28.98,0.0,2025-02-07
20602,Higiene e perfumaria,Cabelo,Shampoo Clear Ice Cool Menthol Frasco com 400ml,Clear,24.74,24.74,0.0,2025-02-07
20562,Higiene e perfumaria,Cabelo,Shampoo Clear 2 em 1 Frasco com 400ml,Clear,24.74,24.74,0.0,2025-02-07
33807,Bebidas,Vinhos,Vinho Argentino Concha Y Toro Malbec Garrafa com 750ml,Concha Y Toro,29.8,24.8,0.0,2025-02-07
35964,Bebidas,Vinhos,Vinho Reserva Aurora Merlot Garrafa com 750ml,Aurora,37.9,35.9,0.0,2025-02-07
37130,Bebidas,Destilados,Cachaça Salinas Bálsamo Garrafa com 1L,Salinas,46.99,44.99,0.0,2025-02-07
37135,Bebidas,Destilados,Cachaça Salinas Ipê Garrafa com 700ml,Salinas,47.99,45.49,0.0,2025-02-07
37139,Bebidas,Destilados,Cachaça Salinas Tradicional Garrafa com 600ml,Salinas,33.89,33.89,0.0,2025-02-07
16464,Mercearia,"Azeites, óleos e vinagres",Azeite de Oliva Gallo Extra virgem Vidro com 500ml,Gallo,46.9,44.9,0.0,2025-02-07
7433,Mercearia,Farinhas,Farinha de Mandioca D'Cheff Temperada Tradicional Pacote com 300g,D'Cheff,6.49,5.99,0.0,2025-02-07
12638,Mercearia,Temperos e condimentos,Molho de Pimenta Knorr Vermelha Pet com 150ml,Knorr,5.4,5.2,0.0,2025-02-07
26381,Mercearia,Temperos e condimentos,Ketchup Heinz Tradicional Pet com 397g,Heinz,12.15,11.25,0.0,2025-02-07
17035,Mercearia,Temperos e condimentos,Orégano Kitano Sachê com 10g,Kitano,3.99,3.79,0.0,2025-02-07
19822,Bebidas,Destilados,Gin Seagers Garrafa com 1L,Seagers,42.89,40.79,0.0,2025-02-07
27280,Mercearia,Confeitaria,Creme de Leite Italac TP com 200g,Italac,3.29,2.99,0.0,2025-02-07
38668,Padaria e matinais,Pães e torradas,Pullman Rap 10 Original Pacote com 297g,Pullman,10.98,10.98,0.0,2025-02-07
5666,Limpeza,Limpeza de cozinha,Esponja Scotch-Brite Pacote com 4 unidades,Scotch-Brite,6.9,6.25,0.0,2025-02-07
5658,Limpeza,Limpeza de cozinha,Esponja Scotch-Brite Não Risca Pacote com 3 unidades,Scotch-Brite,8.15,7.35,0.0,2025-02-07
16022,Mercearia,Bomboniere,Chiclete Mentos Fresh Mint Unidade com 56g,Mentos,7.99,7.99,0.0,2025-02-07
34777,Limpeza,Limpeza de casa,Limpador Perfumado Concentrado Coala Cereja e Avelã Frasco com 120ml,Coala,11.5,10.5,0.0,2025-02-07
38763,Mercearia,Massas e molhos,Molho de Tomate Salsaretti Tradicional Pouch com 300g,Salsaretti,1.95,1.85,0.0,2025-05-23
36708,Limpeza,Limpeza de cozinha,Detergente Líquido Ypê Clear Frasco com 500ml,Ypê,2.39,2.29,0.0,2025-05-23
28319,Higiene e perfumaria,Higiene bucal,Creme Dental Colgate Máxima Proteção Anticáries Tubo com 90g,Colgate,3.94,3.79,0.0,2025-05-23
28697,Higiene e perfumaria,Higiene bucal,Creme Dental Oral-B 1-2-3 Tubo com 70g,Oral-B,2.75,2.69,0.0,2025-05-23
28585,Higiene e perfumaria,Higiene bucal,Creme Dental Colgate Tripla Ação Menta Original Tubo com 90g,Colgate,4.8,4.3,0.0,2025-05-23
28745,Higiene e perfumaria,Higiene bucal,Creme Dental Oral-B 4 em 1 Tubo com 70g,Oral-B,3.18,3.18,0.0,2025-05-23
12460,Bebidas,Cervejas,Cerveja Heineken Lata com 269ml,Heineken,3.99,3.99,0.0,2025-05-23
13164,Bebidas,Cervejas,Cerveja Puro Malte Spaten Lata com 269ml,Spaten,3.29,3.19,0.0,2025-05-23
13362,Bebidas,Cervejas,Cerveja Stella Artois Long neck com 330ml,Stella Artois,5.89,5.69,0.0,2025-05-23
13351,Bebidas,Cervejas,Cerveja Spaten Puro Malte Lata com 350ml,Spaten,4.35,4.25,0.0,2025-05-23
12880,Bebidas,Cervejas,Cerveja Patagonia Amber Lager Lata com 350ml,Patagonia,5.79,5.59,0.0,2025-05-23
12389,Bebidas,Cervejas,Cerveja Estrella Galicia Lata com 350ml,Estrella Galicia,4.99,4.89,0.0,2025-05-23
34777,Limpeza,Limpeza de casa,Limpador Perfumado Concentrado Coala Cereja e Avelã Frasco com 120ml,Coala,11.5,10.5,0.0,2025-05-23
1187,Mercearia,Massas e molhos,Macarrão com Ovos Dona Benta Espaguete Pacote com 500g,Dona Benta,3.09,3.09,0.0,2025-05-23
1061,Mercearia,Massas e molhos,Macarrão com Ovos Adria Espaguete Pacote com 500g,Adria,3.65,3.29,0.0,2025-05-23
1203,Mercearia,Massas e molhos,Macarrão com Ovos Dona Benta Penne Pacote com 500g,Dona Benta,3.09,3.09,0.0,2025-05-23
1065,Mercearia,Massas e molhos,Macarrão com Ovos Adria Espaguetinho Nº9 Pacote com 500g,Adria,3.65,3.29,0.0,2025-05-23
13073,Mercearia,"Cafés, chás e achocolatados",Filtro de Papel para Café Melitta Nº 103 Caixeta com 30 unidades,Melitta,3.39,3.39,0.0,2025-05-23
39240,Mercearia,Grãos,Milho para Pipoca Yoki Pacote com 400g,Yoki,3.99,3.99,0.0,2025-05-23
39238,Mercearia,Grãos,Milho para Pipoca Yoki Premium Pacote com 400g,Yoki,5.99,5.99,0.0,2025-05-23
12293,Mercearia,Temperos e condimentos,Molho de Mostarda Heinz Pet com 255g,Heinz,13.99,13.99,0.0,2025-05-23
14436,Mercearia,Temperos e condimentos,Molho Shoyu Sakura Pet com 150ml,Sakura,3.99,3.59,0.0,2025-05-23
31494,Limpeza,Limpeza de banheiro,Desinfetante Lysoform Suave Frasco com 1L,Lysoform,12.99,12.99,0.0,2025-05-23
32839,Padaria e matinais,Leites,Leite Longa Vida Piracanjuba Com tampa Integral TP com 1L,Piracanjuba,5.35,5.15,0.0,2025-05-23
30600,Mercearia,Confeitaria,Leite Condensado Moça Integral Lata com 395g,Moça,8.69,8.29,0.0,2025-05-23
32447,Padaria e matinais,Leites,Leite Longa Vida Jussara Com tampa Integral TP com 1L,Jussara,5.39,5.19,0.0,2025-05-23
32452,Padaria e matinais,Leites,Leite Longa Vida Jussara Com tampa Semidesnatado TP com 1L,Jussara,5.39,5.09,0.0,2025-05-23
3984,Bebidas,Refrigerantes,Refrigerante Coca-Cola Sem açúcar Pet com 1L,Coca-Cola,6.19,5.99,0.0,2025-05-23
64,Mercearia,Massas e molhos,Queijo Ralado Parmesão Président Pacote com 50g,Président,5.19,4.99,0.0,2025-05-23
36611,Mercearia,Massas e molhos,Queijo Parmesão Ralado Vigor Sachê com 50g,Vigor,5.69,5.69,0.0,2025-05-23
5350,Limpeza,Limpeza de banheiro,Água Sanitária Super Candida Frasco com 2L,Super Candida,5.88,5.48,0.0,2025-05-23
22295,Padaria e matinais,Pães e torradas,Pão de Forma Pullman Tradicional Pacote com 480g,Pullman,8.98,8.98,0.0,2025-05-23
17933,Mercearia,Chocolates,Chocolate Nestlé Crunch Unidade com 80g,Nestlé,7.49,6.99,0.0,2025-05-23
9742,Mercearia,Grãos,Feijão Carioca Camil Tipo 1 Pacote com 1kg,Camil,6.3,5.99,0.0,2025-05-23
10394,Limpeza,Limpeza de roupas,Amaciante para Roupas Concentrado Comfort Azul Frasco com 500ml,Comfort,10.49,9.9,0.0,2025-05-23
10340,Limpeza,Limpeza de roupas,Amaciante para Roupas Comfort Lavanda Refil com 900ml,Comfort,16.9,15.9,0.0,2025-05-23
10382,Limpeza,Limpeza de roupas,"Amaciante para Roupas Concentrado Baby Soft Inspiração Fascinante Frasco com 1,5L",Baby Soft,15.9,14.5,0.0,2025-05-23
32659,Higiene e perfumaria,Desodorantes,Desodorante Aerossol Dove Men+Care Frasco com 200ml,Dove,21.76,20.67,0.0,2025-05-23
32932,Higiene e perfumaria,Desodorantes,Desodorante Aerossol Nivea Men Deep carvão Frasco com 150ml,Nivea,11.5,10.9,0.0,2025-05-23
32569,Higiene e perfumaria,Desodorantes,Desodorante Aerossol Bozzano Fresh Frasco com 150ml,Bozzano,10.9,10.4,0.0,2025-05-23
29864,Limpeza,Limpeza de roupas,Tira Manchas em Gel Vanish Refil com 500ml,Vanish,11.9,10.9,0.0,2025-05-23
5054,Frios e congelados,Margarinas e manteigas,Manteiga Aviação Com sal Pote com 200g,Aviação,13.9,12.9,0.0,2025-05-23
25621,Higiene e perfumaria,Papel higiênico,Papel Higiênico Personal Vip Folha dupla - 30m Pacote com 24 rolos,Personal,38.77,36.78,0.0,2025-05-23
25610,Higiene e perfumaria,Papel higiênico,Papel Higiênico Personal Vip Folha dupla - 30m Pacote com 12 rolos,Personal,19.39,18.39,0.0,2025-05-23
11516,Higiene e perfumaria,Sabonetes,Sabonete Líquido Protex Nutri protect Refil com 500ml,Protex,22.5,19.9,0.0,2025-05-23
915,Mercearia,"Cafés, chás e achocolatados",Café 3 Corações Tradicional Pacote com 500g,3 Corações,32.98,32.98,0.0,2025-05-23
924,Mercearia,"Cafés, chás e achocolatados",Café 3 Corações Tradicional - Vácuo Pacote com 500g,3 Corações,32.98,32.98,0.0,2025-05-23
2588,Mercearia,"Cafés, chás e achocolatados",Café Melitta Tradicional Pouch com 500g,Melitta,31.98,31.98,0.0,2025-05-23
3148,Mercearia,"Cafés, chás e achocolatados",Café Premium 3 Corações Estrada Real Pacote com 500g,3 Corações,34.98,34.98,0.0,2025-05-23
3259,Mercearia,"Cafés, chás e achocolatados",Café Sabor da Fazenda Tradicional Pouch com 500g,Melitta,31.98,31.98,0.0,2025-05-23
20562,Higiene e perfumaria,Cabelo,Shampoo Clear 2 em 1 Frasco com 400ml,Clear,23.69,22.52,0.0,2025-05-23
20745,Higiene e perfumaria,Cabelo,Shampoo Elseve Hidra Hialurônico Frasco com 400ml,Elseve,24.9,23.9,0.0,2025-05-23
33964,Bebidas,Vinhos,Vinho Argentino Trapiche Malbec Garrafa com 750ml,Trapiche,40.9,37.9,0.0,2025-05-23
37139,Bebidas,Destilados,Cachaça Salinas Tradicional Garrafa com 600ml,Salinas,41.89,39.89,0.0,2025-05-23
16327,Mercearia,"Azeites, óleos e vinagres",Azeite de Oliva Andorinha Extra Virgem Vidro com 500ml,Andorinha,32.9,30.9,0.0,2025-05-23
7433,Mercearia,Farinhas,Farinha de Mandioca D'Cheff Temperada Tradicional Pacote com 300g,D'Cheff,6.49,5.99,0.0,2025-05-23
12638,Mercearia,Temperos e condimentos,Molho de Pimenta Knorr Vermelha Pet com 150ml,Knorr,5.69,5.69,0.0,2025-05-23
17035,Mercearia,Temperos e condimentos,Orégano Kitano Sachê com 10g,Kitano,3.99,3.79,0.0,2025-05-23
5634,Mercearia,Temperos e condimentos,Ajinomoto Refil com 100g,Ajinomoto,6.99,6.29,0.0,2025-05-23
27280,Mercearia,Confeitaria,Creme de Leite Italac TP com 200g,Italac,2.79,2.79,0.0,2025-05-23
38668,Padaria e matinais,Pães e torradas,Pullman Rap 10 Original Pacote com 297g,Pullman,10.98,10.98,0.0,2025-05-23
5666,Limpeza,Limpeza de cozinha,Esponja Scotch-Brite Pacote com 4 unidades,Scotch-Brite,6.59,5.99,0.0,2025-05-23
5658,Limpeza,Limpeza de cozinha,Esponja Scotch-Brite Não Risca Pacote com 3 unidades,Scotch-Brite,8.15,7.35,0.0,2025-05-23
16022,Mercearia,Bomboniere,Chiclete Mentos Fresh Mint Unidade com 56g,Mentos,9.9,9.9,0.0,2025-05-23
38763,Mercearia,Massas e molhos,Molho de Tomate Salsaretti Tradicional Pouch com 300g,Salsaretti,1.95,1.85,0.0,2025-05-30
13480,Mercearia,Massas e molhos,Molho de Tomate Salsaretti Passata Rústica Vidro com 680g,Salsaretti,13.49,13.2,0.0,2025-05-30
36708,Limpeza,Limpeza de cozinha,Detergente Líquido Ypê Clear Frasco com 500ml,Ypê,2.39,2.29,0.0,2025-05-30
28319,Higiene e perfumaria,Higiene bucal,Creme Dental Colgate Máxima Proteção Anticáries Tubo com 90g,Colgate,3.94,3.8,0.0,2025-05-30
28697,Higiene e perfumaria,Higiene bucal,Creme Dental Oral-B 1-2-3 Tubo com 70g,Oral-B,2.76,2.76,0.0,2025-05-30
28585,Higiene e perfumaria,Higiene bucal,Creme Dental Colgate Tripla Ação Menta Original Tubo com 90g,Colgate,4.8,4.45,0.0,2025-05-30
28745,Higiene e perfumaria,Higiene bucal,Creme Dental Oral-B 4 em 1 Tubo com 70g,Oral-B,4.18,3.7,0.0,2025-05-30
12460,Bebidas,Cervejas,Cerveja Heineken Lata com 269ml,Heineken,3.99,3.89,0.0,2025-05-30
13164,Bebidas,Cervejas,Cerveja Puro Malte Spaten Lata com 269ml,Spaten,3.39,3.29,0.0,2025-05-30
13351,Bebidas,Cervejas,Cerveja Spaten Puro Malte Lata com 350ml,Spaten,3.78,3.78,0.0,2025-05-30
13362,Bebidas,Cervejas,Cerveja Stella Artois Long neck com 330ml,Stella Artois,5.89,5.69,0.0,2025-05-30
12490,Bebidas,Cervejas,Cerveja Heineken Zero Lata com 269ml,Heineken,3.99,3.89,0.0,2025-05-30
12880,Bebidas,Cervejas,Cerveja Patagonia Amber Lager Lata com 350ml,Patagonia,5.79,5.59,0.0,2025-05-30
12389,Bebidas,Cervejas,Cerveja Estrella Galicia Lata com 350ml,Estrella Galicia,3.99,3.99,0.0,2025-05-30
1203,Mercearia,Massas e molhos,Macarrão com Ovos Dona Benta Penne Pacote com 500g,Dona Benta,2.89,2.89,0.0,2025-05-30
1065,Mercearia,Massas e molhos,Macarrão com Ovos Adria Espaguetinho Nº9 Pacote com 500g,Adria,3.65,3.29,0.0,2025-05-30
13073,Mercearia,"Cafés, chás e achocolatados",Filtro de Papel para Café Melitta Nº 103 Caixeta com 30 unidades,Melitta,4.29,3.99,0.0,2025-05-30
39240,Mercearia,Grãos,Milho para Pipoca Yoki Pacote com 400g,Yoki,3.49,3.49,0.0,2025-05-30
39238,Mercearia,Grãos,Milho para Pipoca Yoki Premium Pacote com 400g,Yoki,4.99,4.99,0.0,2025-05-30
12293,Mercearia,Temperos e condimentos,Molho de Mostarda Heinz Pet com 255g,Heinz,13.9,13.9,0.0,2025-05-30
14436,Mercearia,Temperos e condimentos,Molho Shoyu Sakura Pet com 150ml,Sakura,3.99,3.59,0.0,2025-05-30
31494,Limpeza,Limpeza de banheiro,Desinfetante Lysoform Suave Frasco com 1L,Lysoform,12.99,12.99,0.0,2025-05-30
30600,Mercearia,Confeitaria,Leite Condensado Moça Integral Lata com 395g,Moça,9.0,8.5,0.0,2025-05-30
32447,Padaria e matinais,Leites,Leite Longa Vida Jussara Com tampa Integral TP com 1L,Jussara,5.35,5.15,0.0,2025-05-30
32452,Padaria e matinais,Leites,Leite Longa Vida Jussara Com tampa Semidesnatado TP com 1L,Jussara,5.35,5.15,0.0,2025-05-30
3984,Bebidas,Refrigerantes,Refrigerante Coca-Cola Sem açúcar Pet com 1L,Coca-Cola,6.19,5.99,0.0,2025-05-30
38145,Bebidas,Refrigerantes,Refrigerante Coca-Cola Sem açúcar Pet com 600ml,Coca-Cola,4.99,4.99,0.0,2025-05-30
64,Mercearia,Massas e molhos,Queijo Ralado Parmesão Président Pacote com 50g,Président,5.19,4.99,0.0,2025-05-30
36611,Mercearia,Massas e molhos,Queijo Parmesão Ralado Vigor Sachê com 50g,Vigor,5.69,5.69,0.0,2025-05-30
5350,Limpeza,Limpeza de banheiro,Água Sanitária Super Candida Frasco com 2L,Super Candida,4.69,4.69,0.0,2025-05-30
22295,Padaria e matinais,Pães e torradas,Pão de Forma Pullman Tradicional Pacote com 480g,Pullman,7.98,7.98,0.0,2025-05-30
38793,Padaria e matinais,Pães e torradas,Pão de Forma Visconti Tradicional Pacote com 400g,Visconti,6.59,5.98,0.0,2025-05-30
17933,Mercearia,Chocolates,Chocolate Nestlé Crunch Unidade com 80g,Nestlé,5.99,5.99,0.0,2025-05-30
13757,Mercearia,Grãos,Arroz Camil Integral Pacote com 1kg,Camil,5.9,5.7,0.0,2025-05-30
9742,Mercearia,Grãos,Feijão Carioca Camil Tipo 1 Pacote com 1kg,Camil,6.1,5.9,0.0,2025-05-30
10394,Limpeza,Limpeza de roupas,Amaciante para Roupas Concentrado Comfort Azul Frasco com 500ml,Comfort,8.9,8.49,0.0,2025-05-30
10340,Limpeza,Limpeza de roupas,Amaciante para Roupas Comfort Lavanda Refil com 900ml,Comfort,16.9,15.9,0.0,2025-05-30
10382,Limpeza,Limpeza de roupas,"Amaciante para Roupas Concentrado Baby Soft Inspiração Fascinante Frasco com 1,5L",Baby Soft,15.9,14.5,0.0,2025-05-30
32659,Higiene e perfumaria,Desodorantes,Desodorante Aerossol Dove Men+Care Frasco com 200ml,Dove,22.9,22.9,0.0,2025-05-30
32569,Higiene e perfumaria,Desodorantes,Desodorante Aerossol Bozzano Fresh Frasco com 150ml,Bozzano,7.99,7.99,0.0,2025-05-30
32932,Higiene e perfumaria,Desodorantes,Desodorante Aerossol Nivea Men Deep carvão Frasco com 150ml,Nivea,9.9,9.9,0.0,2025-05-30
29864,Limpeza,Limpeza de roupas,Tira Manchas em Gel Vanish Refil com 500ml,Vanish,10.9,9.9,0.0,2025-05-30
25621,Higiene e perfumaria,Papel higiênico,Papel Higiênico Personal Vip Folha dupla - 30m Pacote com 24 rolos,Personal,33.78,33.78,0.0,2025-05-30
25610,Higiene e perfumaria,Papel higiênico,Papel Higiênico Personal Vip Folha dupla - 30m Pacote com 12 rolos,Personal,16.89,16.89,0.0,2025-05-30
915,Mercearia,"Cafés, chás e achocolatados",Café 3 Corações Tradicional Pacote com 500g,3 Corações,32.98,32.98,0.0,2025-05-30
924,Mercearia,"Cafés, chás e achocolatados",Café 3 Corações Tradicional - Vácuo Pacote com 500g,3 Corações,32.98,32.98,0.0,2025-05-30
2588,Mercearia,"Cafés, chás e achocolatados",Café Melitta Tradicional Pouch com 500g,Melitta,34.98,33.98,0.0,2025-05-30
3148,Mercearia,"Cafés, chás e achocolatados",Café Premium 3 Corações Estrada Real Pacote com 500g,3 Corações,43.98,42.98,0.0,2025-05-30
3259,Mercearia,"Cafés, chás e achocolatados",Café Sabor da Fazenda Tradicional Pouch com 500g,Melitta,35.98,34.98,0.0,2025-05-30
20562,Higiene e perfumaria,Cabelo,Shampoo Clear 2 em 1 Frasco com 400ml,Clear,26.98,26.98,0.0,2025-05-30
20745,Higiene e perfumaria,Cabelo,Shampoo Elseve Hidra Hialurônico Frasco com 400ml,Elseve,24.9,23.9,0.0,2025-05-30
33964,Bebidas,Vinhos,Vinho Argentino Trapiche Malbec Garrafa com 750ml,Trapiche,40.9,37.9,0.0,2025-05-30
37139,Bebidas,Destilados,Cachaça Salinas Tradicional Garrafa com 600ml,Salinas,41.89,39.89,0.0,2025-05-30
16327,Mercearia,"Azeites, óleos e vinagres",Azeite de Oliva Andorinha Extra Virgem Vidro com 500ml,Andorinha,29.9,29.9,0.0,2025-05-30
7433,Mercearia,Farinhas,Farinha de Mandioca D'Cheff Temperada Tradicional Pacote com 300g,D'Cheff,6.49,5.99,0.0,2025-05-30
12638,Mercearia,Temperos e condimentos,Molho de Pimenta Knorr Vermelha Pet com 150ml,Knorr,5.69,5.39,0.0,2025-05-30
17035,Mercearia,Temperos e condimentos,Orégano Kitano Sachê com 10g,Kitano,3.99,3.79,0.0,2025-05-30
5634,Mercearia,Temperos e condimentos,Ajinomoto Refil com 100g,Ajinomoto,6.99,6.39,0.0,2025-05-30
27280,Mercearia,Confeitaria,Creme de Leite Italac TP com 200g,Italac,2.79,2.79,0.0,2025-05-30
38668,Padaria e matinais,Pães e torradas,Pullman Rap 10 Original Pacote com 297g,Pullman,10.98,10.98,0.0,2025-05-30
5666,Limpeza,Limpeza de cozinha,Esponja Scotch-Brite Pacote com 4 unidades,Scotch-Brite,6.59,5.99,0.0,2025-05-30
5658,Limpeza,Limpeza de cozinha,Esponja Scotch-Brite Não Risca Pacote com 3 unidades,Scotch-Brite,8.15,7.35,0.0,2025-05-30
16022,Mercearia,Bomboniere,Chiclete Mentos Fresh Mint Unidade com 56g,Mentos,10.9,10.49,0.0,2025-05-30
38763,Mercearia,Massas e molhos,Molho de Tomate Salsaretti Tradicional Pouch com 300g,Salsaretti,1.89,1.79,0.0,2025-06-06
13480,Mercearia,Massas e molhos,Molho de Tomate Salsaretti Passata Rústica Vidro com 680g,Salsaretti,13.49,13.2,0.0,2025-06-06
36708,Limpeza,Limpeza de cozinha,Detergente Líquido Ypê Clear Frasco com 500ml,Ypê,1.95,1.95,0.0,2025-06-06
28319,Higiene e perfumaria,Higiene bucal,Creme Dental Colgate Máxima Proteção Anticáries Tubo com 90g,Colgate,3.94,3.8,0.0,2025-06-06
28697,Higiene e perfumaria,Higiene bucal,Creme Dental Oral-B 1-2-3 Tubo com 70g,Oral-B,2.76,2.76,0.0,2025-06-06
28585,Higiene e perfumaria,Higiene bucal,Creme Dental Colgate Tripla Ação Original Tubo com 90g,Colgate,4.79,4.44,0.0,2025-06-06
28745,Higiene e perfumaria,Higiene bucal,Creme Dental Oral-B 4 em 1 Tubo com 70g,Oral-B,4.2,3.85,0.0,2025-06-06
12460,Bebidas,Cervejas,Cerveja Heineken Lata com 269ml,Heineken,3.49,3.49,0.0,2025-06-06
13164,Bebidas,Cervejas,Cerveja Puro Malte Spaten Lata com 269ml,Spaten,2.89,2.89,0.0,2025-06-06
13351,Bebidas,Cervejas,Cerveja Spaten Puro Malte Lata com 350ml,Spaten,3.79,3.79,0.0,2025-06-06
13362,Bebidas,Cervejas,Cerveja Stella Artois Long neck com 330ml,Stella Artois,5.89,5.79,0.0,2025-06-06
12490,Bebidas,Cervejas,Cerveja Heineken Zero Lata com 269ml,Heineken,3.49,3.49,0.0,2025-06-06
12880,Bebidas,Cervejas,Cerveja Patagonia Amber Lager Lata com 350ml,Patagonia,5.79,5.59,0.0,2025-06-06
12389,Bebidas,Cervejas,Cerveja Estrella Galicia Lata com 350ml,Estrella Galicia,4.99,4.79,0.0,2025-06-06
1187,Mercearia,Massas e molhos,Macarrão com Ovos Dona Benta Espaguete Pacote com 500g,Dona Benta,3.79,3.49,0.0,2025-06-06
1203,Mercearia,Massas e molhos,Macarrão com Ovos Dona Benta Penne Pacote com 500g,Dona Benta,3.79,3.49,0.0,2025-06-06
13073,Mercearia,"Cafés, chás e achocolatados",Filtro de Papel para Café Melitta Nº 103 Caixeta com 30 unidades,Melitta,4.29,3.99,0.0,2025-06-06
39240,Mercearia,Grãos,Milho para Pipoca Yoki Pacote com 400g,Yoki,3.99,3.99,0.0,2025-06-06
39238,Mercearia,Grãos,Milho para Pipoca Yoki Premium Pacote com 400g,Yoki,5.99,5.99,0.0,2025-06-06
12293,Mercearia,Temperos e condimentos,Molho de Mostarda Heinz Pet com 255g,Heinz,13.9,13.9,0.0,2025-06-06
14436,Mercearia,Temperos e condimentos,Molho Shoyu Sakura Pet com 150ml,Sakura,2.99,2.99,0.0,2025-06-06
31494,Limpeza,Limpeza de banheiro,Desinfetante Lysoform Suave Frasco com 1L,Lysoform,9.99,9.99,0.0,2025-06-06
30600,Mercearia,Confeitaria,Leite Condensado Moça Integral Lata com 395g,Moça,9.1,8.5,0.0,2025-06-06
32447,Padaria e matinais,Leites,Leite Longa Vida Jussara Com tampa Integral TP com 1L,Jussara,5.35,5.15,0.0,2025-06-06
3984,Bebidas,Refrigerantes,Refrigerante Coca-Cola Sem açúcar Pet com 1L,Coca-Cola,6.19,5.99,0.0,2025-06-06
38145,Bebidas,Refrigerantes,Refrigerante Coca-Cola Sem açúcar Pet com 600ml,Coca-Cola,4.99,4.99,0.0,2025-06-06
64,Mercearia,Massas e molhos,Queijo Ralado Parmesão Président Pacote com 50g,Président,5.19,4.99,0.0,2025-06-06
36611,Mercearia,Massas e molhos,Queijo Parmesão Ralado Vigor Sachê com 50g,Vigor,5.89,5.89,0.0,2025-06-06
5350,Limpeza,Limpeza de banheiro,Água Sanitária Super Candida Frasco com 2L,Super Candida,5.99,5.49,0.0,2025-06-06
22295,Padaria e matinais,Pães e torradas,Pão de Forma Pullman Tradicional Pacote com 480g,Pullman,6.98,6.98,0.0,2025-06-06
38793,Padaria e matinais,Pães e torradas,Pão de Forma Visconti Tradicional Pacote com 400g,Visconti,6.59,5.98,0.0,2025-06-06
17933,Mercearia,Chocolates,Chocolate Nestlé Crunch Unidade com 80g,Nestlé,5.99,5.99,0.0,2025-06-06
13757,Mercearia,Grãos,Arroz Camil Integral Pacote com 1kg,Camil,5.9,5.7,0.0,2025-06-06
9742,Mercearia,Grãos,Feijão Carioca Camil Tipo 1 Pacote com 1kg,Camil,6.1,5.9,0.0,2025-06-06
10394,Limpeza,Limpeza de roupas,Amaciante para Roupas Concentrado Comfort Azul Frasco com 500ml,Comfort,8.9,8.49,0.0,2025-06-06
10340,Limpeza,Limpeza de roupas,Amaciante para Roupas Comfort Lavanda Refil com 900ml,Comfort,16.9,15.9,0.0,2025-06-06
10382,Limpeza,Limpeza de roupas,"Amaciante para Roupas Concentrado Baby Soft Inspiração Fascinante Frasco com 1,5L",Baby Soft,11.9,11.9,0.0,2025-06-06
32659,Higiene e perfumaria,Desodorantes,Desodorante Aerossol Dove Men+Care Frasco com 200ml,Dove,15.9,15.9,0.0,2025-06-06
32932,Higiene e perfumaria,Desodorantes,Desodorante Aerossol Nivea Men Deep carvão Frasco com 150ml,Nivea,12.5,11.9,0.0,2025-06-06
32569,Higiene e perfumaria,Desodorantes,Desodorante Aerossol Bozzano Fresh Frasco com 150ml,Bozzano,7.99,7.99,0.0,2025-06-06
29864,Limpeza,Limpeza de roupas,Tira Manchas em Gel Vanish Refil com 500ml,Vanish,10.9,9.9,0.0,2025-06-06
30248,Limpeza,Limpeza de roupas,Lava Roupas Líquido Omo Lavanda Refil com 900ml,Omo,13.9,13.9,0.0,2025-06-06
25621,Higiene e perfumaria,Papel higiênico,Papel Higiênico Personal Vip Folha dupla - 30m Pacote com 24 rolos,Personal,33.38,33.38,0.0,2025-06-06
25610,Higiene e perfumaria,Papel higiênico,Papel Higiênico Personal Vip Folha dupla - 30m Pacote com 12 rolos,Personal,16.69,16.69,0.0,2025-06-06
11516,Higiene e perfumaria,Sabonetes,Sabonete Líquido Protex Nutri protect Refil com 500ml,Protex,22.5,19.9,0.0,2025-06-06
915,Mercearia,"Cafés, chás e achocolatados",Café 3 Corações Tradicional Pacote com 500g,3 Corações,32.98,32.98,0.0,2025-06-06
924,Mercearia,"Cafés, chás e achocolatados",Café 3 Corações Tradicional - Vácuo Pacote com 500g,3 Corações,32.98,32.98,0.0,2025-06-06
2588,Mercearia,"Cafés, chás e achocolatados",Café Melitta Tradicional Pouch com 500g,Melitta,34.98,33.98,0.0,2025-06-06
3148,Mercearia,"Cafés, chás e achocolatados",Café Premium 3 Corações Estrada Real Pacote com 500g,3 Corações,43.98,42.98,0.0,2025-06-06
3259,Mercearia,"Cafés, chás e achocolatados",Café Sabor da Fazenda Tradicional Pouch com 500g,Melitta,35.98,34.98,0.0,2025-06-06
20562,Higiene e perfumaria,Cabelo,Shampoo Clear 2 em 1 Frasco com 400ml,Clear,26.98,26.98,0.0,2025-06-06
20745,Higiene e perfumaria,Cabelo,Shampoo Elseve Hidra Hialurônico Frasco com 400ml,Elseve,28.0,26.0,0.0,2025-06-06
33964,Bebidas,Vinhos,Vinho Argentino Trapiche Malbec Garrafa com 750ml,Trapiche,40.9,37.9,0.0,2025-06-06
37139,Bebidas,Destilados,Cachaça Salinas Tradicional Garrafa com 600ml,Salinas,41.89,39.89,0.0,2025-06-06
16327,Mercearia,"Azeites, óleos e vinagres",Azeite de Oliva Andorinha Extra Virgem Vidro com 500ml,Andorinha,32.8,30.8,0.0,2025-06-06
16464,Mercearia,"Azeites, óleos e vinagres",Azeite de Oliva Gallo Extra virgem Vidro com 500ml,Gallo,30.9,30.9,0.0,2025-06-06
7433,Mercearia,Farinhas,Farinha de Mandioca D'Cheff Temperada Tradicional Pacote com 300g,D'Cheff,6.49,5.99,0.0,2025-06-06
12638,Mercearia,Temperos e condimentos,Molho de Pimenta Knorr Vermelha Pet com 150ml,Knorr,5.69,5.39,0.0,2025-06-06
17035,Mercearia,Temperos e condimentos,Orégano Kitano Sachê com 10g,Kitano,3.99,3.79,0.0,2025-06-06
5634,Mercearia,Temperos e condimentos,Ajinomoto Refil com 100g,Ajinomoto,6.99,6.39,0.0,2025-06-06
27280,Mercearia,Confeitaria,Creme de Leite Italac TP com 200g,Italac,2.79,2.79,0.0,2025-06-06
38668,Padaria e matinais,Pães e torradas,Pullman Rap 10 Original Pacote com 297g,Pullman,10.98,10.98,0.0,2025-06-06
5666,Limpeza,Limpeza de cozinha,Esponja Scotch-Brite Pacote com 4 unidades,Scotch-Brite,6.8,6.15,0.0,2025-06-06
5658,Limpeza,Limpeza de cozinha,Esponja Scotch-Brite Não Risca Pacote com 3 unidades,Scotch-Brite,8.15,7.35,0.0,2025-06-06
16022,Mercearia,Bomboniere,Chiclete Mentos Fresh Mint Unidade com 56g,Mentos,10.9,10.49,0.0,2025-06-06
38763,Mercearia,Massas e molhos,Molho de Tomate Salsaretti Tradicional Pouch com 300g,Salsaretti,1.89,1.79,0.0,2025-06-13
13480,Mercearia,Massas e molhos,Molho de Tomate Salsaretti Passata Rústica Vidro com 680g,Salsaretti,13.49,13.2,0.0,2025-06-13
13206,Mercearia,Massas e molhos,Molho de Tomate Pomarola Chef Passata Vidro com 700g,Pomarola,18.9,18.6,0.0,2025-06-13
36708,Limpeza,Limpeza de cozinha,Detergente Líquido Ypê Clear Frasco com 500ml,Ypê,2.45,2.35,0.0,2025-06-13
28319,Higiene e perfumaria,Higiene bucal,Creme Dental Colgate Máxima Proteção Anticáries Tubo com 90g,Colgate,3.94,3.79,0.0,2025-06-13
28697,Higiene e perfumaria,Higiene bucal,Creme Dental Oral-B 1-2-3 Tubo com 70g,Oral-B,2.76,2.76,0.0,2025-06-13
28585,Higiene e perfumaria,Higiene bucal,Creme Dental Colgate Tripla Ação Original Tubo com 90g,Colgate,4.79,4.44,0.0,2025-06-13
28745,Higiene e perfumaria,Higiene bucal,Creme Dental Oral-B 4 em 1 Tubo com 70g,Oral-B,4.2,3.85,0.0,2025-06-13
12460,Bebidas,Cervejas,Cerveja Heineken Lata com 269ml,Heineken,3.29,3.29,0.0,2025-06-13
13164,Bebidas,Cervejas,Cerveja Puro Malte Spaten Lata com 269ml,Spaten,3.49,3.39,0.0,2025-06-13
13351,Bebidas,Cervejas,Cerveja Spaten Puro Malte Lata com 350ml,Spaten,4.39,4.29,0.0,2025-06-13
13362,Bebidas,Cervejas,Cerveja Stella Artois Long neck com 330ml,Stella Artois,5.89,5.79,0.0,2025-06-13
12490,Bebidas,Cervejas,Cerveja Heineken Zero Lata com 269ml,Heineken,3.29,3.29,0.0,2025-06-13
12389,Bebidas,Cervejas,Cerveja Estrella Galicia Lata com 350ml,Estrella Galicia,4.99,4.79,0.0,2025-06-13
12385,Bebidas,Cervejas,Cerveja Estrella Galicia Lata com 269ml,Estrella Galicia,3.49,3.29,0.0,2025-06-13
1187,Mercearia,Massas e molhos,Macarrão com Ovos Dona Benta Espaguete Pacote com 500g,Dona Benta,2.69,2.69,0.0,2025-06-13
1061,Mercearia,Massas e molhos,Macarrão com Ovos Adria Espaguete Pacote com 500g,Adria,2.99,2.99,0.0,2025-06-13
1203,Mercearia,Massas e molhos,Macarrão com Ovos Dona Benta Penne Pacote com 500g,Dona Benta,2.69,2.69,0.0,2025-06-13
1065,Mercearia,Massas e molhos,Macarrão com Ovos Adria Espaguetinho Nº9 Pacote com 500g,Adria,2.99,2.99,0.0,2025-06-13
13073,Mercearia,"Cafés, chás e achocolatados",Filtro de Papel para Café Melitta Nº 103 Caixeta com 30 unidades,Melitta,3.69,3.69,0.0,2025-06-13
39240,Mercearia,Grãos,Milho para Pipoca Yoki Pacote com 400g,Yoki,3.49,3.49,0.0,2025-06-13
39238,Mercearia,Grãos,Milho para Pipoca Yoki Premium Pacote com 400g,Yoki,8.49,8.19,0.0,2025-06-13
14436,Mercearia,Temperos e condimentos,Molho Shoyu Sakura Pet com 150ml,Sakura,3.99,3.59,0.0,2025-06-13
31494,Limpeza,Limpeza de banheiro,Desinfetante Lysoform Suave Frasco com 1L,Lysoform,14.9,13.9,0.0,2025-06-13
32839,Padaria e matinais,Leites,Leite Longa Vida Piracanjuba Com tampa Integral TP com 1L,Piracanjuba,5.25,5.05,0.0,2025-06-13
30600,Mercearia,Confeitaria,Leite Condensado Moça Integral Lata com 395g,Moça,8.75,8.25,0.0,2025-06-13
3984,Bebidas,Refrigerantes,Refrigerante Coca-Cola Sem açúcar Pet com 1L,Coca-Cola,6.19,5.99,0.0,2025-06-13
38145,Bebidas,Refrigerantes,Refrigerante Coca-Cola Sem açúcar Pet com 600ml,Coca-Cola,5.19,4.99,0.0,2025-06-13
64,Mercearia,Massas e molhos,Queijo Ralado Parmesão Président Pacote com 50g,Président,5.19,4.99,0.0,2025-06-13
36611,Mercearia,Massas e molhos,Queijo Parmesão Ralado Vigor Sachê com 50g,Vigor,5.7,5.29,0.0,2025-06-13
5350,Limpeza,Limpeza de banheiro,Água Sanitária Super Candida Frasco com 2L,Super Candida,5.98,5.48,0.0,2025-06-13
22295,Padaria e matinais,Pães e torradas,Pão de Forma Pullman Tradicional Pacote com 480g,Pullman,6.98,6.98,0.0,2025-06-13
38793,Padaria e matinais,Pães e torradas,Pão de Forma Visconti Tradicional Pacote com 400g,Visconti,6.59,5.98,0.0,2025-06-13
17933,Mercearia,Chocolates,Chocolate Nestlé Crunch Unidade com 80g,Nestlé,5.99,5.99,0.0,2025-06-13
13743,Mercearia,Grãos,Arroz Camil Agulhinha - Tipo 1 Pacote com 5kg,Camil,19.48,19.48,0.0,2025-06-13
13757,Mercearia,Grãos,Arroz Camil Integral Pacote com 1kg,Camil,5.9,5.7,0.0,2025-06-13
9742,Mercearia,Grãos,Feijão Carioca Camil Tipo 1 Pacote com 1kg,Camil,6.2,5.99,0.0,2025-06-13
10394,Limpeza,Limpeza de roupas,Amaciante para Roupas Concentrado Comfort Azul Frasco com 500ml,Comfort,10.49,9.9,0.0,2025-06-13
10340,Limpeza,Limpeza de roupas,Amaciante para Roupas Comfort Lavanda Refil com 900ml,Comfort,17.8,16.8,0.0,2025-06-13
10382,Limpeza,Limpeza de roupas,"Amaciante para Roupas Concentrado Baby Soft Inspiração Fascinante Frasco com 1,5L",Baby Soft,15.9,14.9,0.0,2025-06-13
32659,Higiene e perfumaria,Desodorantes,Desodorante Aerossol Dove Men+Care Frasco com 200ml,Dove,22.9,22.9,0.0,2025-06-13
32932,Higiene e perfumaria,Desodorantes,Desodorante Aerossol Nivea Men Deep carvão Frasco com 150ml,Nivea,12.5,11.9,0.0,2025-06-13
32569,Higiene e perfumaria,Desodorantes,Desodorante Aerossol Bozzano Fresh Frasco com 150ml,Bozzano,7.99,7.99,0.0,2025-06-13
29864,Limpeza,Limpeza de roupas,Tira Manchas em Gel Vanish Refil com 500ml,Vanish,12.0,11.0,0.0,2025-06-13
5054,Frios e congelados,Margarinas e manteigas,Manteiga Aviação Com sal Pote com 200g,Aviação,13.9,12.9,0.0,2025-06-13
30248,Limpeza,Limpeza de roupas,Lava Roupas Líquido Omo Lavanda Refil com 900ml,Omo,14.29,13.59,0.0,2025-06-13
25621,Higiene e perfumaria,Papel higiênico,Papel Higiênico Personal Vip Folha dupla - 30m Pacote com 24 rolos,Personal,33.78,33.78,0.0,2025-06-13
25610,Higiene e perfumaria,Papel higiênico,Papel Higiênico Personal Vip Folha dupla - 30m Pacote com 12 rolos,Personal,16.89,16.89,0.0,2025-06-13
11516,Higiene e perfumaria,Sabonetes,Sabonete Líquido Protex Nutri protect Refil com 500ml,Protex,22.5,19.9,0.0,2025-06-13
915,Mercearia,"Cafés, chás e achocolatados",Café 3 Corações Tradicional Pacote com 500g,3 Corações,32.98,32.98,0.0,2025-06-13
924,Mercearia,"Cafés, chás e achocolatados",Café 3 Corações Tradicional - Vácuo Pacote com 500g,3 Corações,32.98,32.98,0.0,2025-06-13
2588,Mercearia,"Cafés, chás e achocolatados",Café Melitta Tradicional Pouch com 500g,Melitta,34.98,33.98,0.0,2025-06-13
3148,Mercearia,"Cafés, chás e achocolatados",Café Premium 3 Corações Estrada Real Pacote com 500g,3 Corações,34.98,34.98,0.0,2025-06-13
3259,Mercearia,"Cafés, chás e achocolatados",Café Sabor da Fazenda Tradicional Pouch com 500g,Melitta,35.98,34.98,0.0,2025-06-13
20562,Higiene e perfumaria,Cabelo,Shampoo Clear 2 em 1 Frasco com 400ml,Clear,26.98,26.98,0.0,2025-06-13
20745,Higiene e perfumaria,Cabelo,Shampoo Elseve Hidra Hialurônico Frasco com 400ml,Elseve,28.0,26.0,0.0,2025-06-13
33964,Bebidas,Vinhos,Vinho Argentino Trapiche Malbec Garrafa com 750ml,Trapiche,40.9,37.9,0.0,2025-06-13
37139,Bebidas,Destilados,Cachaça Salinas Tradicional Garrafa com 600ml,Salinas,41.89,39.89,0.0,2025-06-13
16327,Mercearia,"Azeites, óleos e vinagres",Azeite de Oliva Andorinha Extra Virgem Vidro com 500ml,Andorinha,32.8,30.8,0.0,2025-06-13
16464,Mercearia,"Azeites, óleos e vinagres",Azeite de Oliva Gallo Extra virgem Vidro com 500ml,Gallo,34.8,32.8,0.0,2025-06-13
7433,Mercearia,Farinhas,Farinha de Mandioca D'Cheff Temperada Tradicional Pacote com 300g,D'Cheff,6.49,5.99,0.0,2025-06-13
12638,Mercearia,Temperos e condimentos,Molho de Pimenta Knorr Vermelha Pet com 150ml,Knorr,5.69,5.39,0.0,2025-06-13
17035,Mercearia,Temperos e condimentos,Orégano Kitano Sachê com 10g,Kitano,3.99,3.79,0.0,2025-06-13
19822,Bebidas,Destilados,Gin Seagers Garrafa com 1L,Seagers,42.89,40.79,0.0,2025-06-13
5634,Mercearia,Temperos e condimentos,Ajinomoto Refil com 100g,Ajinomoto,6.99,6.39,0.0,2025-06-13
27280,Mercearia,Confeitaria,Creme de Leite Italac TP com 200g,Italac,3.29,2.99,0.0,2025-06-13
38668,Padaria e matinais,Pães e torradas,Pullman Rap 10 Original Pacote com 297g,Pullman,10.98,10.98,0.0,2025-06-13
5666,Limpeza,Limpeza de cozinha,Esponja Scotch-Brite Pacote com 4 unidades,Scotch-Brite,5.99,5.99,0.0,2025-06-13
5658,Limpeza,Limpeza de cozinha,Esponja Scotch-Brite Não Risca Pacote com 3 unidades,Scotch-Brite,8.15,7.35,0.0,2025-06-13
16022,Mercearia,Bomboniere,Chiclete Mentos Fresh Mint Unidade com 56g,Mentos,9.9,9.9,0.0,2025-06-13
38763,Mercearia,Massas e molhos,Molho de Tomate Salsaretti Tradicional Pouch com 300g,Salsaretti,1.89,1.79,0.0,2025-06-20
13480,Mercearia,Massas e molhos,Molho de Tomate Salsaretti Passata Rústica Vidro com 680g,Salsaretti,13.49,13.2,0.0,2025-06-20
13206,Mercearia,Massas e molhos,Molho de Tomate Pomarola Chef Passata Vidro com 700g,Pomarola,18.9,18.6,0.0,2025-06-20
36708,Limpeza,Limpeza de cozinha,Detergente Líquido Ypê Clear Frasco com 500ml,Ypê,2.29,2.19,0.0,2025-06-20
28319,Higiene e perfumaria,Higiene bucal,Creme Dental Colgate Máxima Proteção Anticáries Tubo com 90g,Colgate,4.49,3.98,0.0,2025-06-20
28697,Higiene e perfumaria,Higiene bucal,Creme Dental Oral-B 1-2-3 Tubo com 70g,Oral-B,2.76,2.76,0.0,2025-06-20
28585,Higiene e perfumaria,Higiene bucal,Creme Dental Colgate Tripla Ação Menta Original Tubo com 90g,Colgate,4.79,4.44,0.0,2025-06-20
28745,Higiene e perfumaria,Higiene bucal,Creme Dental Oral-B 4 em 1 Tubo com 70g,Oral-B,3.59,3.59,0.0,2025-06-20
12460,Bebidas,Cervejas,Cerveja Heineken Lata com 269ml,Heineken,3.99,3.99,0.0,2025-06-20
13164,Bebidas,Cervejas,Cerveja Puro Malte Spaten Lata com 269ml,Spaten,2.79,2.79,0.0,2025-06-20
13351,Bebidas,Cervejas,Cerveja Spaten Puro Malte Lata com 350ml,Spaten,3.79,3.79,0.0,2025-06-20
13362,Bebidas,Cervejas,Cerveja Stella Artois Long neck com 330ml,Stella Artois,5.89,5.79,0.0,2025-06-20
12490,Bebidas,Cervejas,Cerveja Heineken Zero Lata com 269ml,Heineken,3.99,3.99,0.0,2025-06-20
12389,Bebidas,Cervejas,Cerveja Estrella Galicia Lata com 350ml,Estrella Galicia,4.69,4.69,0.0,2025-06-20
12385,Bebidas,Cervejas,Cerveja Estrella Galicia Lata com 269ml,Estrella Galicia,3.29,3.29,0.0,2025-06-20
1187,Mercearia,Massas e molhos,Macarrão com Ovos Dona Benta Espaguete Pacote com 500g,Dona Benta,3.19,3.19,0.0,2025-06-20
1061,Mercearia,Massas e molhos,Macarrão com Ovos Adria Espaguete Pacote com 500g,Adria,3.65,3.39,0.0,2025-06-20
1203,Mercearia,Massas e molhos,Macarrão com Ovos Dona Benta Penne Pacote com 500g,Dona Benta,3.19,3.19,0.0,2025-06-20
1065,Mercearia,Massas e molhos,Macarrão com Ovos Adria Espaguetinho Nº9 Pacote com 500g,Adria,3.65,3.39,0.0,2025-06-20
13073,Mercearia,"Cafés, chás e achocolatados",Filtro de Papel para Café Melitta Nº 103 Caixeta com 30 unidades,Melitta,3.69,3.69,0.0,2025-06-20
39240,Mercearia,Grãos,Milho para Pipoca Yoki Pacote com 400g,Yoki,3.49,3.49,0.0,2025-06-20
39238,Mercearia,Grãos,Milho para Pipoca Yoki Premium Pacote com 400g,Yoki,6.99,6.99,0.0,2025-06-20
12293,Mercearia,Temperos e condimentos,Molho de Mostarda Heinz Pet com 255g,Heinz,14.99,14.99,0.0,2025-06-20
14436,Mercearia,Temperos e condimentos,Molho Shoyu Sakura Pet com 150ml,Sakura,3.99,3.59,0.0,2025-06-20
38161,Limpeza,Limpeza de banheiro,Desinfetante Pinho Bril Plus Frasco com 500ml,Pinho Bril,5.5,5.3,0.0,2025-06-20
31494,Limpeza,Limpeza de banheiro,Desinfetante Lysoform Suave Frasco com 1L,Lysoform,14.9,13.9,0.0,2025-06-20
32839,Padaria e matinais,Leites,Leite Longa Vida Piracanjuba Com tampa Integral TP com 1L,Piracanjuba,5.49,5.39,0.0,2025-06-20
30600,Mercearia,Confeitaria,Leite Condensado Moça Integral Lata com 395g,Moça,8.49,8.49,0.0,2025-06-20
3984,Bebidas,Refrigerantes,Refrigerante Coca-Cola Sem açúcar Pet com 1L,Coca-Cola,5.19,5.19,0.0,2025-06-20
38145,Bebidas,Refrigerantes,Refrigerante Coca-Cola Sem açúcar Pet com 600ml,Coca-Cola,5.19,4.99,0.0,2025-06-20
64,Mercearia,Massas e molhos,Queijo Ralado Parmesão Président Pacote com 50g,Président,5.19,4.99,0.0,2025-06-20
36611,Mercearia,Massas e molhos,Queijo Parmesão Ralado Vigor Sachê com 50g,Vigor,5.7,5.29,0.0,2025-06-20
5350,Limpeza,Limpeza de banheiro,Água Sanitária Super Candida Frasco com 2L,Super Candida,5.48,4.78,0.0,2025-06-20
38793,Padaria e matinais,Pães e torradas,Pão de Forma Visconti Tradicional Pacote com 400g,Visconti,6.59,5.98,0.0,2025-06-20
22295,Padaria e matinais,Pães e torradas,Pão de Forma Pullman Tradicional Pacote com 480g,Pullman,7.98,7.98,0.0,2025-06-20
13743,Mercearia,Grãos,Arroz Camil Agulhinha - Tipo 1 Pacote com 5kg,Camil,22.0,21.3,0.0,2025-06-20
13757,Mercearia,Grãos,Arroz Camil Integral Pacote com 1kg,Camil,5.9,5.7,0.0,2025-06-20
9742,Mercearia,Grãos,Feijão Carioca Camil Tipo 1 Pacote com 1kg,Camil,6.0,5.8,0.0,2025-06-20
10394,Limpeza,Limpeza de roupas,Amaciante para Roupas Concentrado Comfort Azul Frasco com 500ml,Comfort,10.49,9.9,0.0,2025-06-20
10340,Limpeza,Limpeza de roupas,Amaciante para Roupas Comfort Lavanda Refil com 900ml,Comfort,17.8,16.8,0.0,2025-06-20
10382,Limpeza,Limpeza de roupas,"Amaciante para Roupas Concentrado Baby Soft Inspiração Fascinante Frasco com 1,5L",Baby Soft,15.9,14.9,0.0,2025-06-20
32659,Higiene e perfumaria,Desodorantes,Desodorante Aerossol Dove Men+Care Frasco com 200ml,Dove,22.9,22.9,0.0,2025-06-20
32932,Higiene e perfumaria,Desodorantes,Desodorante Aerossol Nivea Men Deep carvão Frasco com 150ml,Nivea,12.5,11.9,0.0,2025-06-20
29864,Limpeza,Limpeza de roupas,Tira Manchas em Gel Vanish Refil com 500ml,Vanish,11.9,10.9,0.0,2025-06-20
5054,Frios e congelados,Margarinas e manteigas,Manteiga Aviação Com sal Pote com 200g,Aviação,13.9,12.9,0.0,2025-06-20
30248,Limpeza,Limpeza de roupas,Lava Roupas Líquido Omo Lavanda Refil com 900ml,Omo,14.29,13.59,0.0,2025-06-20
25621,Higiene e perfumaria,Papel higiênico,Papel Higiênico Personal Vip Folha dupla - 30m Pacote com 24 rolos,Personal,38.41,38.41,0.0,2025-06-20
25610,Higiene e perfumaria,Papel higiênico,Papel Higiênico Personal Vip Folha dupla - 30m Pacote com 12 rolos,Personal,19.21,19.21,0.0,2025-06-20
11516,Higiene e perfumaria,Sabonetes,Sabonete Líquido Protex Nutri protect Refil com 500ml,Protex,22.5,19.9,0.0,2025-06-20
915,Mercearia,"Cafés, chás e achocolatados",Café 3 Corações Tradicional Pacote com 500g,3 Corações,30.98,30.98,0.0,2025-06-20
924,Mercearia,"Cafés, chás e achocolatados",Café 3 Corações Tradicional - Vácuo Pacote com 500g,3 Corações,30.98,30.98,0.0,2025-06-20
2588,Mercearia,"Cafés, chás e achocolatados",Café Melitta Tradicional Pouch com 500g,Melitta,34.98,33.98,0.0,2025-06-20
3148,Mercearia,"Cafés, chás e achocolatados",Café Premium 3 Corações Estrada Real Pacote com 500g,3 Corações,39.98,38.98,0.0,2025-06-20
3259,Mercearia,"Cafés, chás e achocolatados",Café Sabor da Fazenda Tradicional Pouch com 500g,Melitta,35.98,34.98,0.0,2025-06-20
20562,Higiene e perfumaria,Cabelo,Shampoo Clear 2 em 1 Frasco com 400ml,Clear,23.89,23.89,0.0,2025-06-20
20745,Higiene e perfumaria,Cabelo,Shampoo Elseve Hidra Hialurônico Frasco com 400ml,Elseve,28.99,26.99,0.0,2025-06-20
34190,Bebidas,Vinhos,Vinho Chileno Casillero del Diablo Malbec Garrafa com 750ml,Casillero del Diablo,55.9,50.9,0.0,2025-06-20
37139,Bebidas,Destilados,Cachaça Salinas Tradicional Garrafa com 600ml,Salinas,41.89,39.89,0.0,2025-06-20
16327,Mercearia,"Azeites, óleos e vinagres",Azeite de Oliva Andorinha Extra Virgem Vidro com 500ml,Andorinha,32.8,30.8,0.0,2025-06-20
16464,Mercearia,"Azeites, óleos e vinagres",Azeite de Oliva Gallo Extra Virgem Vidro com 500ml,Gallo,34.8,32.8,0.0,2025-06-20
7433,Mercearia,Farinhas,Farinha de Mandioca D'Cheff Temperada Tradicional Pacote com 300g,D'Cheff,6.49,5.99,0.0,2025-06-20
12638,Mercearia,Temperos e condimentos,Molho de Pimenta Knorr Vermelha Pet com 150ml,Knorr,5.69,5.39,0.0,2025-06-20
17035,Mercearia,Temperos e condimentos,Orégano Kitano Sachê com 10g,Kitano,3.99,3.79,0.0,2025-06-20
19822,Bebidas,Destilados,Gin Seagers Garrafa com 1L,Seagers,42.89,40.79,0.0,2025-06-20
5634,Mercearia,Temperos e condimentos,Ajinomoto Refil com 100g,Ajinomoto,6.99,6.39,0.0,2025-06-20
27280,Mercearia,Confeitaria,Creme de Leite Italac TP com 200g,Italac,3.29,2.99,0.0,2025-06-20
38668,Padaria e matinais,Pães e torradas,Pullman Rap 10 Original Pacote com 297g,Pullman,10.98,10.98,0.0,2025-06-20
5666,Limpeza,Limpeza de cozinha,Esponja Scotch-Brite Pacote com 4 unidades,Scotch-Brite,7.89,6.89,0.0,2025-06-20
5658,Limpeza,Limpeza de cozinha,Esponja Scotch-Brite Não Risca Pacote com 3 unidades,Scotch-Brite,8.69,7.69,0.0,2025-06-20
16022,Mercearia,Bomboniere,Chiclete Mentos Fresh Mint Unidade com 56g,Mentos,10.9,10.49,0.0,2025-06-20
38763,Mercearia,Massas e molhos,Molho de Tomate Salsaretti Tradicional Pouch com 300g,Salsaretti,1.89,1.79,0.0,2025-06-27
13480,Mercearia,Massas e molhos,Molho de Tomate Salsaretti Passata Rústica Vidro com 680g,Salsaretti,13.49,13.2,0.0,2025-06-27
13206,Mercearia,Massas e molhos,Molho de Tomate Pomarola Chef Passata Vidro com 700g,Pomarola,18.9,18.6,0.0,2025-06-27
36708,Limpeza,Limpeza de cozinha,Detergente Líquido Ypê Clear Frasco com 500ml,Ypê,2.45,2.35,0.0,2025-06-27
36732,Limpeza,Limpeza de cozinha,Detergente Líquido Ypê Neutro Frasco com 500ml,Ypê,2.45,2.35,0.0,2025-06-27
36410,Limpeza,Limpeza de cozinha,Detergente Líquido Limpol Neutro Frasco com 500ml,Limpol,1.85,1.75,0.0,2025-06-27
36362,Limpeza,Limpeza de cozinha,Detergente Líquido Limpol Coco Frasco com 500ml,Limpol,1.85,1.75,0.0,2025-06-27
28319,Higiene e perfumaria,Higiene bucal,Creme Dental Colgate Máxima Proteção Anticáries Tubo com 90g,Colgate,4.49,3.98,0.0,2025-06-27
28697,Higiene e perfumaria,Higiene bucal,Creme Dental Oral-B 1-2-3 Tubo com 70g,Oral-B,2.76,2.76,0.0,2025-06-27
28585,Higiene e perfumaria,Higiene bucal,Creme Dental Colgate Tripla Ação Menta Original Tubo com 90g,Colgate,4.79,4.44,0.0,2025-06-27
28745,Higiene e perfumaria,Higiene bucal,Creme Dental Oral-B 4 em 1 Tubo com 70g,Oral-B,4.18,3.9,0.0,2025-06-27
12460,Bebidas,Cervejas,Cerveja Heineken Lata com 269ml,Heineken,3.39,3.39,0.0,2025-06-27
13164,Bebidas,Cervejas,Cerveja Puro Malte Spaten Lata com 269ml,Spaten,3.49,3.39,0.0,2025-06-27
13351,Bebidas,Cervejas,Cerveja Spaten Puro Malte Lata com 350ml,Spaten,4.39,4.29,0.0,2025-06-27
13362,Bebidas,Cervejas,Cerveja Stella Artois Long neck com 330ml,Stella Artois,5.89,5.79,0.0,2025-06-27
12498,Bebidas,Cervejas,Cerveja Heineken Zero Long neck com 330ml,Heineken,6.49,6.19,0.0,2025-06-27
12490,Bebidas,Cervejas,Cerveja Heineken Zero Lata com 269ml,Heineken,3.39,3.39,0.0,2025-06-27
12389,Bebidas,Cervejas,Cerveja Estrella Galicia Lata com 350ml,Estrella Galicia,5.19,4.99,0.0,2025-06-27
1187,Mercearia,Massas e molhos,Macarrão com Ovos Dona Benta Espaguete Pacote com 500g,Dona Benta,2.89,2.89,0.0,2025-06-27
1061,Mercearia,Massas e molhos,Macarrão com Ovos Adria Espaguete Pacote com 500g,Adria,2.99,2.99,0.0,2025-06-27
1203,Mercearia,Massas e molhos,Macarrão com Ovos Dona Benta Penne Pacote com 500g,Dona Benta,2.89,2.89,0.0,2025-06-27
1090,Mercearia,Massas e molhos,Macarrão com Ovos Adria Pena Pacote com 500g,Adria,2.99,2.99,0.0,2025-06-27
1065,Mercearia,Massas e molhos,Macarrão com Ovos Adria Espaguetinho Nº9 Pacote com 500g,Adria,2.99,2.99,0.0,2025-06-27
13073,Mercearia,"Cafés, chás e achocolatados",Filtro de Papel para Café Melitta Nº 103 Caixeta com 30 unidades,Melitta,4.29,3.99,0.0,2025-06-27
39240,Mercearia,Grãos,Milho para Pipoca Yoki Pacote com 400g,Yoki,3.49,3.49,0.0,2025-06-27
39238,Mercearia,Grãos,Milho para Pipoca Yoki Premium Pacote com 400g,Yoki,6.99,6.99,0.0,2025-06-27
38161,Limpeza,Limpeza de banheiro,Desinfetante Pinho Bril Plus Frasco com 500ml,Pinho Bril,5.99,5.99,0.0,2025-06-27
31766,Limpeza,Limpeza de banheiro,Desinfetante Pinho Sol Original Frasco com 500ml,Pinho Sol,7.5,6.9,0.0,2025-06-27
31494,Limpeza,Limpeza de banheiro,Desinfetante Lysoform Suave Frasco com 1L,Lysoform,10.99,10.99,0.0,2025-06-27
32839,Padaria e matinais,Leites,Leite Longa Vida Piracanjuba Com tampa Integral TP com 1L,Piracanjuba,5.29,5.29,0.0,2025-06-27
30600,Mercearia,Confeitaria,Leite Condensado Moça Integral Lata com 395g,Moça,7.98,7.98,0.0,2025-06-27
32447,Padaria e matinais,Leites,Leite Longa Vida Jussara Com tampa Integral TP com 1L,Jussara,5.19,5.19,0.0,2025-06-27
3984,Bebidas,Refrigerantes,Refrigerante Coca-Cola Sem açúcar Pet com 1L,Coca-Cola,5.89,5.89,0.0,2025-06-27
38145,Bebidas,Refrigerantes,Refrigerante Coca-Cola Sem açúcar Pet com 600ml,Coca-Cola,4.79,4.79,0.0,2025-06-27
64,Mercearia,Massas e molhos,Queijo Ralado Parmesão Président Pacote com 50g,Président,5.19,4.99,0.0,2025-06-27
36611,Mercearia,Massas e molhos,Queijo Parmesão Ralado Vigor Sachê com 50g,Vigor,5.7,5.29,0.0,2025-06-27
5350,Limpeza,Limpeza de banheiro,Água Sanitária Super Candida Frasco com 2L,Super Candida,4.99,4.99,0.0,2025-06-27
38793,Padaria e matinais,Pães e torradas,Pão de Forma Visconti Tradicional Pacote com 400g,Visconti,6.59,5.98,0.0,2025-06-27
22295,Padaria e matinais,Pães e torradas,Pão de Forma Pullman Tradicional Pacote com 480g,Pullman,7.98,7.98,0.0,2025-06-27
44028,Limpeza,Limpeza de casa,Removedor Suprema Tradicional Frasco com 1L,Suprema,7.99,7.99,0.0,2025-06-27
13743,Mercearia,Grãos,Arroz Camil Agulhinha - Tipo 1 Pacote com 5kg,Camil,20.3,19.79,0.0,2025-06-27
13757,Mercearia,Grãos,Arroz Camil Integral Pacote com 1kg,Camil,5.9,5.7,0.0,2025-06-27
9742,Mercearia,Grãos,Feijão Carioca Camil Tipo 1 Pacote com 1kg,Camil,5.8,5.59,0.0,2025-06-27
10394,Limpeza,Limpeza de roupas,Amaciante para Roupas Concentrado Comfort Azul Frasco com 500ml,Comfort,8.9,8.49,0.0,2025-06-27
10340,Limpeza,Limpeza de roupas,Amaciante para Roupas Comfort Lavanda Refil com 900ml,Comfort,15.9,15.9,0.0,2025-06-27
10382,Limpeza,Limpeza de roupas,"Amaciante para Roupas Concentrado Baby Soft Inspiração Fascinante Frasco com 1,5L",Baby Soft,15.9,14.5,0.0,2025-06-27
32659,Higiene e perfumaria,Desodorantes,Desodorante Aerossol Dove Men+Care Frasco com 200ml,Dove,16.9,16.9,0.0,2025-06-27
32932,Higiene e perfumaria,Desodorantes,Desodorante Aerossol Nivea Men Deep carvão Frasco com 150ml,Nivea,12.5,11.9,0.0,2025-06-27
32569,Higiene e perfumaria,Desodorantes,Desodorante Aerossol Bozzano Fresh Frasco com 150ml,Bozzano,8.9,8.9,0.0,2025-06-27
29864,Limpeza,Limpeza de roupas,Tira Manchas em Gel Vanish Refil com 500ml,Vanish,11.9,10.9,0.0,2025-06-27
14304,Mercearia,Salgadinhos e snacks,Salgadinho Batata Pringles Creme e Cebola Tubo com 109g,Pringles,9.49,9.49,0.0,2025-06-27
5057,Frios e congelados,Margarinas e manteigas,Manteiga Aviação Com sal Pote com 500g,Aviação,31.9,29.9,0.0,2025-06-27
5054,Frios e congelados,Margarinas e manteigas,Manteiga Aviação Com sal Pote com 200g,Aviação,9.9,9.9,0.0,2025-06-27
30248,Limpeza,Limpeza de roupas,Lava Roupas Líquido Omo Lavanda Refil com 900ml,Omo,14.29,13.59,0.0,2025-06-27
25621,Higiene e perfumaria,Papel higiênico,Papel Higiênico Personal Vip Folha dupla - 30m Pacote com 24 rolos,Personal,33.78,33.78,0.0,2025-06-27
25610,Higiene e perfumaria,Papel higiênico,Papel Higiênico Personal Vip Folha dupla - 30m Pacote com 12 rolos,Personal,16.89,16.89,0.0,2025-06-27
11516,Higiene e perfumaria,Sabonetes,Sabonete Líquido Protex Nutri protect Refil com 500ml,Protex,22.5,19.9,0.0,2025-06-27
915,Mercearia,"Cafés, chás e achocolatados",Café 3 Corações Tradicional Pacote com 500g,3 Corações,29.98,29.98,0.0,2025-06-27
924,Mercearia,"Cafés, chás e achocolatados",Café 3 Corações Tradicional - Vácuo Pacote com 500g,3 Corações,29.98,29.98,0.0,2025-06-27
2588,Mercearia,"Cafés, chás e achocolatados",Café Melitta Tradicional Pouch com 500g,Melitta,34.98,33.98,0.0,2025-06-27
3148,Mercearia,"Cafés, chás e achocolatados",Café Premium 3 Corações Estrada Real Pacote com 500g,3 Corações,41.98,40.98,0.0,2025-06-27
2584,Mercearia,"Cafés, chás e achocolatados",Café Melitta Sabor da Fazenda Vácuo Caixeta com 500g,Melitta,35.98,34.98,0.0,2025-06-27
3259,Mercearia,"Cafés, chás e achocolatados",Café Sabor da Fazenda Tradicional Pouch com 500g,Melitta,35.98,34.98,0.0,2025-06-27
20562,Higiene e perfumaria,Cabelo,Shampoo Clear 2 em 1 Frasco com 400ml,Clear,26.98,25.99,0.0,2025-06-27
20602,Higiene e perfumaria,Cabelo,Shampoo Clear Ice Cool Menthol Frasco com 400ml,Clear,26.98,25.99,0.0,2025-06-27
20745,Higiene e perfumaria,Cabelo,Shampoo Elseve Hidra Hialurônico Frasco com 400ml,Elseve,28.99,26.99,0.0,2025-06-27
37139,Bebidas,Destilados,Cachaça Salinas Tradicional Garrafa com 600ml,Salinas,41.89,39.89,0.0,2025-06-27
16327,Mercearia,"Azeites, óleos e vinagres",Azeite de Oliva Andorinha Extra Virgem Vidro com 500ml,Andorinha,32.8,30.8,0.0,2025-06-27
16464,Mercearia,"Azeites, óleos e vinagres",Azeite de Oliva Gallo Extra Virgem Vidro com 500ml,Gallo,34.5,32.5,0.0,2025-06-27
7433,Mercearia,Farinhas,Farinha de Mandioca D'Cheff Temperada Tradicional Pacote com 300g,D'Cheff,6.49,5.99,0.0,2025-06-27
12638,Mercearia,Temperos e condimentos,Molho de Pimenta Knorr Vermelha Pet com 150ml,Knorr,6.6,6.3,0.0,2025-06-27
26381,Mercearia,Temperos e condimentos,Ketchup Heinz Tradicional Pet com 397g,Heinz,12.99,12.99,0.0,2025-06-27
17035,Mercearia,Temperos e condimentos,Orégano Kitano Sachê com 10g,Kitano,3.99,3.79,0.0,2025-06-27
19822,Bebidas,Destilados,Gin Seagers Garrafa com 1L,Seagers,42.89,40.79,0.0,2025-06-27
5634,Mercearia,Temperos e condimentos,Ajinomoto Refil com 100g,Ajinomoto,6.99,6.39,0.0,2025-06-27
14436,Mercearia,Temperos e condimentos,Molho Shoyu Sakura Pet com 150ml,Sakura,3.9,3.5,0.0,2025-06-27
12293,Mercearia,Temperos e condimentos,Molho de Mostarda Heinz Pet com 255g,Heinz,16.29,15.89,0.0,2025-06-27
27280,Mercearia,Confeitaria,Creme de Leite Italac TP com 200g,Italac,3.29,2.99,0.0,2025-06-27
38668,Padaria e matinais,Pães e torradas,Pullman Rap 10 Original Pacote com 297g,Pullman,10.98,10.98,0.0,2025-06-27
5666,Limpeza,Limpeza de cozinha,Esponja Scotch-Brite Pacote com 4 unidades,Scotch-Brite,7.75,6.7,0.0,2025-06-27
5658,Limpeza,Limpeza de cozinha,Esponja Scotch-Brite Não Risca Pacote com 3 unidades,Scotch-Brite,8.69,7.69,0.0,2025-06-27
16022,Mercearia,Bomboniere,Chiclete Mentos Fresh Mint Unidade com 56g,Mentos,10.9,10.49,0.0,2025-06-27
34777,Limpeza,Limpeza de casa,Limpador Perfumado Concentrado Coala Cereja e Avelã Frasco com 120ml,Coala,11.5,11.5,0.0,2025-06-27
38763,Mercearia,Massas e molhos,Molho de Tomate Salsaretti Tradicional Pouch com 300g,Salsaretti,1.89,1.79,0.0,2025-07-04
13480,Mercearia,Massas e molhos,Molho de Tomate Salsaretti Passata Rústica Vidro com 680g,Salsaretti,13.49,13.2,0.0,2025-07-04
36708,Limpeza,Limpeza de cozinha,Detergente Líquido Ypê Clear Frasco com 500ml,Ypê,2.09,2.09,0.0,2025-07-04
36732,Limpeza,Limpeza de cozinha,Detergente Líquido Ypê Neutro Frasco com 500ml,Ypê,2.09,2.09,0.0,2025-07-04
36410,Limpeza,Limpeza de cozinha,Detergente Líquido Limpol Neutro Frasco com 500ml,Limpol,2.35,2.25,0.0,2025-07-04
36362,Limpeza,Limpeza de cozinha,Detergente Líquido Limpol Coco Frasco com 500ml,Limpol,2.35,2.25,0.0,2025-07-04
28319,Higiene e perfumaria,Higiene bucal,Creme Dental Colgate Máxima Proteção Anticáries Tubo com 90g,Colgate,4.49,3.98,0.0,2025-07-04
28697,Higiene e perfumaria,Higiene bucal,Creme Dental Oral-B 1-2-3 Tubo com 70g,Oral-B,2.76,2.76,0.0,2025-07-04
28585,Higiene e perfumaria,Higiene bucal,Creme Dental Colgate Tripla Ação Menta Original Tubo com 90g,Colgate,4.79,4.44,0.0,2025-07-04
28745,Higiene e perfumaria,Higiene bucal,Creme Dental Oral-B 4 em 1 Tubo com 70g,Oral-B,4.18,3.9,0.0,2025-07-04
12460,Bebidas,Cervejas,Cerveja Heineken Lata com 269ml,Heineken,3.19,3.19,0.0,2025-07-04
13164,Bebidas,Cervejas,Cerveja Puro Malte Spaten Lata com 269ml,Spaten,3.49,3.39,0.0,2025-07-04
13351,Bebidas,Cervejas,Cerveja Spaten Puro Malte Lata com 350ml,Spaten,4.39,4.29,0.0,2025-07-04
13362,Bebidas,Cervejas,Cerveja Stella Artois Long neck com 330ml,Stella Artois,5.99,5.89,0.0,2025-07-04
12498,Bebidas,Cervejas,Cerveja Heineken Zero Long neck com 330ml,Heineken,6.49,6.19,0.0,2025-07-04
12490,Bebidas,Cervejas,Cerveja Heineken Zero Lata com 269ml,Heineken,3.19,3.19,0.0,2025-07-04
12389,Bebidas,Cervejas,Cerveja Estrella Galicia Lata com 350ml,Estrella Galicia,5.19,4.99,0.0,2025-07-04
1187,Mercearia,Massas e molhos,Macarrão com Ovos Dona Benta Espaguete Pacote com 500g,Dona Benta,3.79,3.49,0.0,2025-07-04
1061,Mercearia,Massas e molhos,Macarrão com Ovos Adria Espaguete Pacote com 500g,Adria,2.89,2.89,0.0,2025-07-04
1203,Mercearia,Massas e molhos,Macarrão com Ovos Dona Benta Penne Pacote com 500g,Dona Benta,3.79,3.49,0.0,2025-07-04
1090,Mercearia,Massas e molhos,Macarrão com Ovos Adria Pena Pacote com 500g,Adria,2.89,2.89,0.0,2025-07-04
1065,Mercearia,Massas e molhos,Macarrão com Ovos Adria Espaguetinho Nº9 Pacote com 500g,Adria,2.89,2.89,0.0,2025-07-04
13073,Mercearia,"Cafés, chás e achocolatados",Filtro de Papel para Café Melitta Nº 103 Caixeta com 30 unidades,Melitta,4.19,3.89,0.0,2025-07-04
39240,Mercearia,Grãos,Milho para Pipoca Yoki Pacote com 400g,Yoki,3.99,3.99,0.0,2025-07-04
39238,Mercearia,Grãos,Milho para Pipoca Yoki Premium Pacote com 400g,Yoki,5.99,5.99,0.0,2025-07-04
38161,Limpeza,Limpeza de banheiro,Desinfetante Pinho Bril Plus Frasco com 500ml,Pinho Bril,6.65,6.1,0.0,2025-07-04
31494,Limpeza,Limpeza de banheiro,Desinfetante Lysoform Suave Frasco com 1L,Lysoform,15.9,14.9,0.0,2025-07-04
32839,Padaria e matinais,Leites,Leite Longa Vida Piracanjuba Com tampa Integral TP com 1L,Piracanjuba,5.45,5.25,0.0,2025-07-04
30600,Mercearia,Confeitaria,Leite Condensado Moça Integral Lata com 395g,Moça,8.74,8.24,0.0,2025-07-04
32447,Padaria e matinais,Leites,Leite Longa Vida Jussara Com tampa Integral TP com 1L,Jussara,5.35,5.15,0.0,2025-07-04
3984,Bebidas,Refrigerantes,Refrigerante Coca-Cola Sem açúcar Pet com 1L,Coca-Cola,6.19,5.99,0.0,2025-07-04
38145,Bebidas,Refrigerantes,Refrigerante Coca-Cola Sem açúcar Pet com 600ml,Coca-Cola,5.39,5.19,0.0,2025-07-04
64,Mercearia,Massas e molhos,Queijo Ralado Parmesão Président Pacote com 50g,Président,5.19,4.99,0.0,2025-07-04
36611,Mercearia,Massas e molhos,Queijo Parmesão Ralado Vigor Sachê com 50g,Vigor,5.29,5.29,0.0,2025-07-04
5350,Limpeza,Limpeza de banheiro,Água Sanitária Super Candida Frasco com 2L,Super Candida,6.29,5.89,0.0,2025-07-04
38793,Padaria e matinais,Pães e torradas,Pão de Forma Visconti Tradicional Pacote com 400g,Visconti,5.29,5.29,0.0,2025-07-04
22295,Padaria e matinais,Pães e torradas,Pão de Forma Pullman Tradicional Pacote com 480g,Pullman,7.98,7.98,0.0,2025-07-04
44028,Limpeza,Limpeza de casa,Removedor Suprema Tradicional Frasco com 1L,Suprema,7.99,7.99,0.0,2025-07-04
13743,Mercearia,Grãos,Arroz Camil Agulhinha - Tipo 1 Pacote com 5kg,Camil,21.6,21.19,0.0,2025-07-04
13757,Mercearia,Grãos,Arroz Camil Integral Pacote com 1kg,Camil,5.9,5.7,0.0,2025-07-04
9742,Mercearia,Grãos,Feijão Carioca Camil Tipo 1 Pacote com 1kg,Camil,6.0,5.8,0.0,2025-07-04
10394,Limpeza,Limpeza de roupas,Amaciante para Roupas Concentrado Comfort Azul Frasco com 500ml,Comfort,8.9,8.49,0.0,2025-07-04
10340,Limpeza,Limpeza de roupas,Amaciante para Roupas Comfort Lavanda Refil com 900ml,Comfort,15.9,15.9,0.0,2025-07-04
10382,Limpeza,Limpeza de roupas,"Amaciante para Roupas Concentrado Baby Soft Inspiração Fascinante Frasco com 1,5L",Baby Soft,15.5,14.5,0.0,2025-07-04
32659,Higiene e perfumaria,Desodorantes,Desodorante Aerossol Dove Men+Care Frasco com 200ml,Dove,19.9,18.9,0.0,2025-07-04
32569,Higiene e perfumaria,Desodorantes,Desodorante Aerossol Bozzano Fresh Frasco com 150ml,Bozzano,6.99,6.99,0.0,2025-07-04
32932,Higiene e perfumaria,Desodorantes,Desodorante Aerossol Nivea Men Deep carvão Frasco com 150ml,Nivea,12.9,11.5,0.0,2025-07-04
29864,Limpeza,Limpeza de roupas,Tira Manchas em Gel Vanish Refil com 500ml,Vanish,12.5,11.5,0.0,2025-07-04
14304,Mercearia,Salgadinhos e snacks,Salgadinho Batata Pringles Creme e Cebola Tubo com 109g,Pringles,7.99,7.99,0.0,2025-07-04
5057,Frios e congelados,Margarinas e manteigas,Manteiga Aviação Com sal Pote com 500g,Aviação,31.9,29.9,0.0,2025-07-04
5054,Frios e congelados,Margarinas e manteigas,Manteiga Aviação Com sal Pote com 200g,Aviação,13.9,12.9,0.0,2025-07-04
30248,Limpeza,Limpeza de roupas,Lava Roupas Líquido Omo Lavanda Refil com 900ml,Omo,14.29,13.59,0.0,2025-07-04
25610,Higiene e perfumaria,Papel higiênico,Papel Higiênico Personal Vip Folha dupla - 30m Pacote com 12 rolos,Personal,17.49,17.49,0.0,2025-07-04
11516,Higiene e perfumaria,Sabonetes,Sabonete Líquido Protex Nutri protect Refil com 500ml,Protex,22.5,19.9,0.0,2025-07-04
915,Mercearia,"Cafés, chás e achocolatados",Café 3 Corações Tradicional Pacote com 500g,3 Corações,30.98,30.98,0.0,2025-07-04
924,Mercearia,"Cafés, chás e achocolatados",Café 3 Corações Tradicional - Vácuo Pacote com 500g,3 Corações,30.98,30.98,0.0,2025-07-04
2588,Mercearia,"Cafés, chás e achocolatados",Café Melitta Tradicional Pouch com 500g,Melitta,28.98,28.98,0.0,2025-07-04
3148,Mercearia,"Cafés, chás e achocolatados",Café Premium 3 Corações Estrada Real Pacote com 500g,3 Corações,41.98,40.98,0.0,2025-07-04
2584,Mercearia,"Cafés, chás e achocolatados",Café Melitta Sabor da Fazenda Vácuo Caixeta com 500g,Melitta,34.98,33.98,0.0,2025-07-04
20562,Higiene e perfumaria,Cabelo,Shampoo Clear 2 em 1 Frasco com 400ml,Clear,22.89,20.9,0.0,2025-07-04
20602,Higiene e perfumaria,Cabelo,Shampoo Clear Ice Cool Menthol Frasco com 400ml,Clear,22.89,20.9,0.0,2025-07-04
20745,Higiene e perfumaria,Cabelo,Shampoo Elseve Hidra Hialurônico Frasco com 400ml,Elseve,28.99,26.99,0.0,2025-07-04
33964,Bebidas,Vinhos,Vinho Argentino Trapiche Malbec Garrafa com 750ml,Trapiche,40.9,37.9,0.0,2025-07-04
37139,Bebidas,Destilados,Cachaça Salinas Tradicional Garrafa com 600ml,Salinas,41.89,39.89,0.0,2025-07-04
16327,Mercearia,"Azeites, óleos e vinagres",Azeite de Oliva Andorinha Extra Virgem Vidro com 500ml,Andorinha,32.8,30.8,0.0,2025-07-04
16464,Mercearia,"Azeites, óleos e vinagres",Azeite de Oliva Gallo Extra Virgem Vidro com 500ml,Gallo,34.5,32.5,0.0,2025-07-04
12638,Mercearia,Temperos e condimentos,Molho de Pimenta Knorr Vermelha Pet com 150ml,Knorr,6.6,6.3,0.0,2025-07-04
26381,Mercearia,Temperos e condimentos,Ketchup Heinz Tradicional Pet com 397g,Heinz,16.49,15.99,0.0,2025-07-04
17035,Mercearia,Temperos e condimentos,Orégano Kitano Sachê com 10g,Kitano,3.99,3.79,0.0,2025-07-04
19822,Bebidas,Destilados,Gin Seagers Garrafa com 1L,Seagers,42.89,40.79,0.0,2025-07-04
5634,Mercearia,Temperos e condimentos,Ajinomoto Refil com 100g,Ajinomoto,6.99,6.39,0.0,2025-07-04
14436,Mercearia,Temperos e condimentos,Molho Shoyu Sakura Pet com 150ml,Sakura,3.9,3.5,0.0,2025-07-04
12293,Mercearia,Temperos e condimentos,Molho de Mostarda Heinz Pet com 255g,Heinz,14.99,14.49,0.0,2025-07-04
27280,Mercearia,Confeitaria,Creme de Leite Italac TP com 200g,Italac,3.29,2.99,0.0,2025-07-04
38668,Padaria e matinais,Pães e torradas,Pullman Rap 10 Original Pacote com 297g,Pullman,10.98,10.98,0.0,2025-07-04
5666,Limpeza,Limpeza de cozinha,Esponja Scotch-Brite Pacote com 4 unidades,Scotch-Brite,7.75,6.7,0.0,2025-07-04
5658,Limpeza,Limpeza de cozinha,Esponja Scotch-Brite Não Risca Pacote com 3 unidades,Scotch-Brite,8.69,7.69,0.0,2025-07-04
16022,Mercearia,Bomboniere,Chiclete Mentos Fresh Mint Unidade com 56g,Mentos,10.9,10.49,0.0,2025-07-04
34777,Limpeza,Limpeza de casa,Limpador Perfumado Concentrado Coala Cereja e Avelã Frasco com 120ml,Coala,11.5,10.5,0.0,2025-07-04
38763,Mercearia,Massas e molhos,Molho de Tomate Salsaretti Tradicional Pouch com 300g,Salsaretti,1.89,1.79,0.0,2025-07-11
13480,Mercearia,Massas e molhos,Molho de Tomate Salsaretti Passata Rústica Vidro com 680g,Salsaretti,13.49,13.2,0.0,2025-07-11
13206,Mercearia,Massas e molhos,Molho de Tomate Pomarola Chef Passata Vidro com 700g,Pomarola,18.9,18.6,0.0,2025-07-11
36708,Limpeza,Limpeza de cozinha,Detergente Líquido Ypê Clear Frasco com 500ml,Ypê,2.45,2.35,0.0,2025-07-11
36732,Limpeza,Limpeza de cozinha,Detergente Líquido Ypê Neutro Frasco com 500ml,Ypê,2.45,2.35,0.0,2025-07-11
36410,Limpeza,Limpeza de cozinha,Detergente Líquido Limpol Neutro Frasco com 500ml,Limpol,2.35,2.25,0.0,2025-07-11
36362,Limpeza,Limpeza de cozinha,Detergente Líquido Limpol Coco Frasco com 500ml,Limpol,2.35,2.25,0.0,2025-07-11
28319,Higiene e perfumaria,Higiene bucal,Creme Dental Colgate Máxima Proteção Anticáries Tubo com 90g,Colgate,4.49,3.98,0.0,2025-07-11
28585,Higiene e perfumaria,Higiene bucal,Creme Dental Colgate Tripla Ação Menta Original Tubo com 90g,Colgate,4.79,4.44,0.0,2025-07-11
28745,Higiene e perfumaria,Higiene bucal,Creme Dental Oral-B 4 em 1 Tubo com 70g,Oral-B,4.18,3.9,0.0,2025-07-11
12460,Bebidas,Cervejas,Cerveja Heineken Lata com 269ml,Heineken,3.49,3.49,0.0,2025-07-11
13164,Bebidas,Cervejas,Cerveja Puro Malte Spaten Lata com 269ml,Spaten,3.49,3.29,0.0,2025-07-11
13362,Bebidas,Cervejas,Cerveja Stella Artois Long neck com 330ml,Stella Artois,5.49,5.49,0.0,2025-07-11
13351,Bebidas,Cervejas,Cerveja Spaten Puro Malte Lata com 350ml,Spaten,4.39,4.29,0.0,2025-07-11
12498,Bebidas,Cervejas,Cerveja Heineken Zero Long neck com 330ml,Heineken,6.49,6.19,0.0,2025-07-11
12490,Bebidas,Cervejas,Cerveja Heineken Zero Lata com 269ml,Heineken,3.49,3.49,0.0,2025-07-11
12389,Bebidas,Cervejas,Cerveja Estrella Galicia Lata com 350ml,Estrella Galicia,4.29,4.29,0.0,2025-07-11
12385,Bebidas,Cervejas,Cerveja Estrella Galicia Lata com 269ml,Estrella Galicia,3.29,3.29,0.0,2025-07-11
1187,Mercearia,Massas e molhos,Macarrão com Ovos Dona Benta Espaguete Pacote com 500g,Dona Benta,3.09,3.09,0.0,2025-07-11
1061,Mercearia,Massas e molhos,Macarrão com Ovos Adria Espaguete Pacote com 500g,Adria,3.75,3.45,0.0,2025-07-11
1203,Mercearia,Massas e molhos,Macarrão com Ovos Dona Benta Penne Pacote com 500g,Dona Benta,3.09,3.09,0.0,2025-07-11
1065,Mercearia,Massas e molhos,Macarrão com Ovos Adria Espaguetinho Nº9 Pacote com 500g,Adria,3.75,3.45,0.0,2025-07-11
13073,Mercearia,"Cafés, chás e achocolatados",Filtro de Papel para Café Melitta Nº 103 Caixeta com 30 unidades,Melitta,3.69,3.69,0.0,2025-07-11
39240,Mercearia,Grãos,Milho para Pipoca Yoki Pacote com 400g,Yoki,3.79,3.79,0.0,2025-07-11
39238,Mercearia,Grãos,Milho para Pipoca Yoki Premium Pacote com 400g,Yoki,5.79,5.79,0.0,2025-07-11
38161,Limpeza,Limpeza de banheiro,Desinfetante Pinho Bril Plus Frasco com 500ml,Pinho Bril,6.65,6.1,0.0,2025-07-11
31494,Limpeza,Limpeza de banheiro,Desinfetante Lysoform Suave Frasco com 1L,Lysoform,9.99,9.99,0.0,2025-07-11
32839,Padaria e matinais,Leites,Leite Longa Vida Piracanjuba Com tampa Integral TP com 1L,Piracanjuba,5.45,5.25,0.0,2025-07-11
30600,Mercearia,Confeitaria,Leite Condensado Moça Integral Lata com 395g,Moça,7.99,7.99,0.0,2025-07-11
32447,Padaria e matinais,Leites,Leite Longa Vida Jussara Com tampa Integral TP com 1L,Jussara,5.35,5.15,0.0,2025-07-11
32452,Padaria e matinais,Leites,Leite Longa Vida Jussara Com tampa Semidesnatado TP com 1L,Jussara,5.35,5.15,0.0,2025-07-11
3984,Bebidas,Refrigerantes,Refrigerante Coca-Cola Sem açúcar Pet com 1L,Coca-Cola,6.19,5.99,0.0,2025-07-11
38145,Bebidas,Refrigerantes,Refrigerante Coca-Cola Sem açúcar Pet com 600ml,Coca-Cola,5.39,5.19,0.0,2025-07-11
64,Mercearia,Massas e molhos,Queijo Ralado Parmesão Président Pacote com 50g,Président,5.19,4.99,0.0,2025-07-11
36611,Mercearia,Massas e molhos,Queijo Parmesão Ralado Vigor Sachê com 50g,Vigor,5.29,5.29,0.0,2025-07-11
5350,Limpeza,Limpeza de banheiro,Água Sanitária Super Candida Frasco com 2L,Super Candida,6.28,5.88,0.0,2025-07-11
38793,Padaria e matinais,Pães e torradas,Pão de Forma Visconti Tradicional Pacote com 400g,Visconti,5.29,5.29,0.0,2025-07-11
22295,Padaria e matinais,Pães e torradas,Pão de Forma Pullman Tradicional Pacote com 480g,Pullman,6.98,6.98,0.0,2025-07-11
17933,Mercearia,Chocolates,Chocolate Nestlé Crunch Unidade com 80g,Nestlé,7.49,6.99,0.0,2025-07-11
44028,Limpeza,Limpeza de casa,Removedor Suprema Tradicional Frasco com 1L,Suprema,8.59,7.79,0.0,2025-07-11
13743,Mercearia,Grãos,Arroz Camil Agulhinha - Tipo 1 Pacote com 5kg,Camil,19.49,19.49,0.0,2025-07-11
13757,Mercearia,Grãos,Arroz Camil Integral Pacote com 1kg,Camil,5.9,5.7,0.0,2025-07-11
9742,Mercearia,Grãos,Feijão Carioca Camil Tipo 1 Pacote com 1kg,Camil,5.9,5.7,0.0,2025-07-11
10394,Limpeza,Limpeza de roupas,Amaciante para Roupas Concentrado Comfort Azul Frasco com 500ml,Comfort,10.5,9.99,0.0,2025-07-11
10340,Limpeza,Limpeza de roupas,Amaciante para Roupas Comfort Lavanda Refil com 900ml,Comfort,17.8,16.8,0.0,2025-07-11
10382,Limpeza,Limpeza de roupas,"Amaciante para Roupas Concentrado Baby Soft Inspiração Fascinante Frasco com 1,5L",Baby Soft,15.5,14.5,0.0,2025-07-11
32659,Higiene e perfumaria,Desodorantes,Desodorante Aerossol Dove Men+Care Frasco com 200ml,Dove,23.9,22.9,0.0,2025-07-11
32932,Higiene e perfumaria,Desodorantes,Desodorante Aerossol Nivea Men Deep carvão Frasco com 150ml,Nivea,12.9,11.5,0.0,2025-07-11
32569,Higiene e perfumaria,Desodorantes,Desodorante Aerossol Bozzano Fresh Frasco com 150ml,Bozzano,8.89,8.89,0.0,2025-07-11
29864,Limpeza,Limpeza de roupas,Tira Manchas em Gel Vanish Refil com 500ml,Vanish,11.5,9.5,0.0,2025-07-11
14304,Mercearia,Salgadinhos e snacks,Salgadinho Batata Pringles Creme e Cebola Tubo com 109g,Pringles,7.99,7.99,0.0,2025-07-11
5054,Frios e congelados,Margarinas e manteigas,Manteiga Aviação Com sal Pote com 200g,Aviação,13.9,12.9,0.0,2025-07-11
5057,Frios e congelados,Margarinas e manteigas,Manteiga Aviação Com sal Pote com 500g,Aviação,31.9,29.9,0.0,2025-07-11
25621,Higiene e perfumaria,Papel higiênico,Papel Higiênico Personal Vip Folha dupla - 30m Pacote com 24 rolos,Personal,33.58,33.58,0.0,2025-07-11
25610,Higiene e perfumaria,Papel higiênico,Papel Higiênico Personal Vip Folha dupla - 30m Pacote com 12 rolos,Personal,16.79,16.79,0.0,2025-07-11
11516,Higiene e perfumaria,Sabonetes,Sabonete Líquido Protex Nutri protect Refil com 500ml,Protex,22.5,19.9,0.0,2025-07-11
915,Mercearia,"Cafés, chás e achocolatados",Café 3 Corações Tradicional Pacote com 500g,3 Corações,30.98,30.98,0.0,2025-07-11
924,Mercearia,"Cafés, chás e achocolatados",Café 3 Corações Tradicional - Vácuo Pacote com 500g,3 Corações,30.98,30.98,0.0,2025-07-11
2588,Mercearia,"Cafés, chás e achocolatados",Café Melitta Tradicional Pouch com 500g,Melitta,28.98,28.98,0.0,2025-07-11
3148,Mercearia,"Cafés, chás e achocolatados",Café Premium 3 Corações Estrada Real Pacote com 500g,3 Corações,39.98,38.98,0.0,2025-07-11
2584,Mercearia,"Cafés, chás e achocolatados",Café Melitta Sabor da Fazenda Vácuo Caixeta com 500g,Melitta,34.98,33.98,0.0,2025-07-11
20562,Higiene e perfumaria,Cabelo,Shampoo Clear 2 em 1 Frasco com 400ml,Clear,21.89,21.89,0.0,2025-07-11
20602,Higiene e perfumaria,Cabelo,Shampoo Clear Ice Cool Menthol Frasco com 400ml,Clear,21.89,21.89,0.0,2025-07-11
20745,Higiene e perfumaria,Cabelo,Shampoo Elseve Hidra Hialurônico Frasco com 400ml,Elseve,26.99,24.9,0.0,2025-07-11
33964,Bebidas,Vinhos,Vinho Argentino Trapiche Malbec Garrafa com 750ml,Trapiche,40.9,37.9,0.0,2025-07-11
37130,Bebidas,Destilados,Cachaça Salinas Bálsamo Garrafa com 1L,Salinas,46.99,44.99,0.0,2025-07-11
37139,Bebidas,Destilados,Cachaça Salinas Tradicional Garrafa com 600ml,Salinas,41.89,39.89,0.0,2025-07-11
37135,Bebidas,Destilados,Cachaça Salinas Ipê Garrafa com 700ml,Salinas,47.99,45.49,0.0,2025-07-11
16327,Mercearia,"Azeites, óleos e vinagres",Azeite de Oliva Andorinha Extra Virgem Vidro com 500ml,Andorinha,32.5,30.5,0.0,2025-07-11
16464,Mercearia,"Azeites, óleos e vinagres",Azeite de Oliva Gallo Extra Virgem Vidro com 500ml,Gallo,30.9,30.9,0.0,2025-07-11
12638,Mercearia,Temperos e condimentos,Molho de Pimenta Knorr Vermelha Pet com 150ml,Knorr,6.6,6.3,0.0,2025-07-11
26381,Mercearia,Temperos e condimentos,Ketchup Heinz Tradicional Pet com 397g,Heinz,16.49,15.99,0.0,2025-07-11
17035,Mercearia,Temperos e condimentos,Orégano Kitano Sachê com 10g,Kitano,3.99,3.79,0.0,2025-07-11
19822,Bebidas,Destilados,Gin Seagers Garrafa com 1L,Seagers,42.89,40.79,0.0,2025-07-11
5634,Mercearia,Temperos e condimentos,Ajinomoto Refil com 100g,Ajinomoto,6.99,6.39,0.0,2025-07-11
14436,Mercearia,Temperos e condimentos,Molho Shoyu Sakura Pet com 150ml,Sakura,2.99,2.99,0.0,2025-07-11
12293,Mercearia,Temperos e condimentos,Molho de Mostarda Heinz Pet com 255g,Heinz,15.99,15.79,0.0,2025-07-11
27280,Mercearia,Confeitaria,Creme de Leite Italac TP com 200g,Italac,3.29,3.09,0.0,2025-07-11
38668,Padaria e matinais,Pães e torradas,Pullman Rap 10 Original Pacote com 297g,Pullman,10.98,10.98,0.0,2025-07-11
5666,Limpeza,Limpeza de cozinha,Esponja Scotch-Brite Pacote com 4 unidades,Scotch-Brite,7.75,6.7,0.0,2025-07-11
5658,Limpeza,Limpeza de cozinha,Esponja Scotch-Brite Não Risca Pacote com 3 unidades,Scotch-Brite,8.69,7.69,0.0,2025-07-11
16022,Mercearia,Bomboniere,Chiclete Mentos Fresh Mint Unidade com 56g,Mentos,10.9,10.49,0.0,2025-07-11
34777,Limpeza,Limpeza de casa,Limpador Perfumado Concentrado Coala Cereja e Avelã Frasco com 120ml,Coala,11.5,10.5,0.0,2025-07-11
38763,Mercearia,Massas e molhos,Molho de Tomate Salsaretti Tradicional Pouch com 300g,Salsaretti,1.89,1.79,0.0,2025-07-18
13480,Mercearia,Massas e molhos,Molho de Tomate Salsaretti Passata Rústica Vidro com 680g,Salsaretti,13.49,13.2,0.0,2025-07-18
13206,Mercearia,Massas e molhos,Molho de Tomate Pomarola Chef Passata Vidro com 700g,Pomarola,18.9,18.6,0.0,2025-07-18
36708,Limpeza,Limpeza de cozinha,Detergente Líquido Ypê Clear Frasco com 500ml,Ypê,2.45,2.35,0.0,2025-07-18
36732,Limpeza,Limpeza de cozinha,Detergente Líquido Ypê Neutro Frasco com 500ml,Ypê,2.45,2.35,0.0,2025-07-18
36410,Limpeza,Limpeza de cozinha,Detergente Líquido Limpol Neutro Frasco com 500ml,Limpol,2.35,2.25,0.0,2025-07-18
36362,Limpeza,Limpeza de cozinha,Detergente Líquido Limpol Coco Frasco com 500ml,Limpol,2.35,2.25,0.0,2025-07-18
28319,Higiene e perfumaria,Higiene bucal,Creme Dental Colgate Máxima Proteção Anticáries Tubo com 90g,Colgate,4.49,3.98,0.0,2025-07-18
28585,Higiene e perfumaria,Higiene bucal,Creme Dental Colgate Tripla Ação Menta Original Tubo com 90g,Colgate,4.79,4.44,0.0,2025-07-18
28745,Higiene e perfumaria,Higiene bucal,Creme Dental Oral-B 4 em 1 Tubo com 70g,Oral-B,4.18,3.9,0.0,2025-07-18
12460,Bebidas,Cervejas,Cerveja Heineken Lata com 269ml,Heineken,3.99,3.89,0.0,2025-07-18
13164,Bebidas,Cervejas,Cerveja Puro Malte Spaten Lata com 269ml,Spaten,2.89,2.89,0.0,2025-07-18
13362,Bebidas,Cervejas,Cerveja Stella Artois Long neck com 330ml,Stella Artois,5.49,5.49,0.0,2025-07-18
13351,Bebidas,Cervejas,Cerveja Spaten Puro Malte Lata com 350ml,Spaten,3.99,3.99,0.0,2025-07-18
12498,Bebidas,Cervejas,Cerveja Heineken Zero Long neck com 330ml,Heineken,6.99,6.49,0.0,2025-07-18
12490,Bebidas,Cervejas,Cerveja Heineken Zero Lata com 269ml,Heineken,3.99,3.89,0.0,2025-07-18
12385,Bebidas,Cervejas,Cerveja Estrella Galicia Lata com 269ml,Estrella Galicia,3.29,3.29,0.0,2025-07-18
12389,Bebidas,Cervejas,Cerveja Estrella Galicia Lata com 350ml,Estrella Galicia,4.29,4.29,0.0,2025-07-18
1187,Mercearia,Massas e molhos,Macarrão com Ovos Dona Benta Espaguete Pacote com 500g,Dona Benta,2.99,2.99,0.0,2025-07-18
1061,Mercearia,Massas e molhos,Macarrão com Ovos Adria Espaguete Pacote com 500g,Adria,3.68,3.38,0.0,2025-07-18
1203,Mercearia,Massas e molhos,Macarrão com Ovos Dona Benta Penne Pacote com 500g,Dona Benta,2.99,2.99,0.0,2025-07-18
1065,Mercearia,Massas e molhos,Macarrão com Ovos Adria Espaguetinho Nº9 Pacote com 500g,Adria,3.68,3.38,0.0,2025-07-18
13073,Mercearia,"Cafés, chás e achocolatados",Filtro de Papel para Café Melitta Nº 103 Caixeta com 30 unidades,Melitta,3.69,3.69,0.0,2025-07-18
39240,Mercearia,Grãos,Milho para Pipoca Yoki Pacote com 400g,Yoki,3.99,3.99,0.0,2025-07-18
39238,Mercearia,Grãos,Milho para Pipoca Yoki Premium Pacote com 400g,Yoki,8.99,8.79,0.0,2025-07-18
38161,Limpeza,Limpeza de banheiro,Desinfetante Pinho Bril Plus Frasco com 500ml,Pinho Bril,5.99,5.99,0.0,2025-07-18
31494,Limpeza,Limpeza de banheiro,Desinfetante Lysoform Suave Frasco com 1L,Lysoform,15.4,14.4,0.0,2025-07-18
32839,Padaria e matinais,Leites,Leite Longa Vida Piracanjuba Com tampa Integral TP com 1L,Piracanjuba,5.45,5.25,0.0,2025-07-18
30600,Mercearia,Confeitaria,Leite Condensado Moça Integral Lata com 395g,Moça,8.99,8.99,0.0,2025-07-18
32447,Padaria e matinais,Leites,Leite Longa Vida Jussara Com tampa Integral TP com 1L,Jussara,5.35,5.15,0.0,2025-07-18
32452,Padaria e matinais,Leites,Leite Longa Vida Jussara Com tampa Semidesnatado TP com 1L,Jussara,5.35,5.15,0.0,2025-07-18
3984,Bebidas,Refrigerantes,Refrigerante Coca-Cola Sem açúcar Pet com 1L,Coca-Cola,4.79,4.79,0.0,2025-07-18
38145,Bebidas,Refrigerantes,Refrigerante Coca-Cola Sem açúcar Pet com 600ml,Coca-Cola,5.39,5.19,0.0,2025-07-18
64,Mercearia,Massas e molhos,Queijo Ralado Parmesão Président Pacote com 50g,Président,5.19,4.99,0.0,2025-07-18
36611,Mercearia,Massas e molhos,Queijo Parmesão Ralado Vigor Sachê com 50g,Vigor,5.69,5.29,0.0,2025-07-18
5350,Limpeza,Limpeza de banheiro,Água Sanitária Super Candida Frasco com 2L,Super Candida,6.28,5.88,0.0,2025-07-18
38793,Padaria e matinais,Pães e torradas,Pão de Forma Visconti Tradicional Pacote com 400g,Visconti,5.29,5.29,0.0,2025-07-18
22295,Padaria e matinais,Pães e torradas,Pão de Forma Pullman Tradicional Pacote com 480g,Pullman,6.98,6.98,0.0,2025-07-18
17933,Mercearia,Chocolates,Chocolate Nestlé Crunch Unidade com 80g,Nestlé,7.49,6.99,0.0,2025-07-18
44028,Limpeza,Limpeza de casa,Removedor Suprema Tradicional Frasco com 1L,Suprema,8.59,7.79,0.0,2025-07-18
13743,Mercearia,Grãos,Arroz Camil Agulhinha - Tipo 1 Pacote com 5kg,Camil,21.49,21.0,0.0,2025-07-18
13757,Mercearia,Grãos,Arroz Camil Integral Pacote com 1kg,Camil,5.9,5.7,0.0,2025-07-18
9742,Mercearia,Grãos,Feijão Carioca Camil Tipo 1 Pacote com 1kg,Camil,5.9,5.7,0.0,2025-07-18
10394,Limpeza,Limpeza de roupas,Amaciante para Roupas Concentrado Comfort Azul Frasco com 500ml,Comfort,8.9,8.49,0.0,2025-07-18
10340,Limpeza,Limpeza de roupas,Amaciante para Roupas Comfort Lavanda Refil com 900ml,Comfort,15.9,15.9,0.0,2025-07-18
10382,Limpeza,Limpeza de roupas,"Amaciante para Roupas Concentrado Baby Soft Inspiração Fascinante Frasco com 1,5L",Baby Soft,15.5,14.5,0.0,2025-07-18
32659,Higiene e perfumaria,Desodorantes,Desodorante Aerossol Dove Men+Care Frasco com 200ml,Dove,23.9,22.9,0.0,2025-07-18
32932,Higiene e perfumaria,Desodorantes,Desodorante Aerossol Nivea Men Deep carvão Frasco com 150ml,Nivea,12.9,11.5,0.0,2025-07-18
32569,Higiene e perfumaria,Desodorantes,Desodorante Aerossol Bozzano Fresh Frasco com 150ml,Bozzano,8.9,8.9,0.0,2025-07-18
29864,Limpeza,Limpeza de roupas,Tira Manchas em Gel Vanish Refil com 500ml,Vanish,10.8,9.8,0.0,2025-07-18
14304,Mercearia,Salgadinhos e snacks,Salgadinho Batata Pringles Creme e Cebola Tubo com 109g,Pringles,11.49,10.49,0.0,2025-07-18
5054,Frios e congelados,Margarinas e manteigas,Manteiga Aviação Com sal Pote com 200g,Aviação,13.9,12.9,0.0,2025-07-18
5057,Frios e congelados,Margarinas e manteigas,Manteiga Aviação Com sal Pote com 500g,Aviação,31.9,29.9,0.0,2025-07-18
25621,Higiene e perfumaria,Papel higiênico,Papel Higiênico Personal Vip Folha dupla - 30m Pacote com 24 rolos,Personal,38.77,36.78,0.0,2025-07-18
25610,Higiene e perfumaria,Papel higiênico,Papel Higiênico Personal Vip Folha dupla - 30m Pacote com 12 rolos,Personal,19.39,18.39,0.0,2025-07-18
11516,Higiene e perfumaria,Sabonetes,Sabonete Líquido Protex Nutri protect Refil com 500ml,Protex,22.5,19.9,0.0,2025-07-18
915,Mercearia,"Cafés, chás e achocolatados",Café 3 Corações Tradicional Pacote com 500g,3 Corações,30.98,30.98,0.0,2025-07-18
924,Mercearia,"Cafés, chás e achocolatados",Café 3 Corações Tradicional - Vácuo Pacote com 500g,3 Corações,30.98,30.98,0.0,2025-07-18
2588,Mercearia,"Cafés, chás e achocolatados",Café Melitta Tradicional Pouch com 500g,Melitta,33.98,32.98,0.0,2025-07-18
2584,Mercearia,"Cafés, chás e achocolatados",Café Melitta Sabor da Fazenda Vácuo Caixeta com 500g,Melitta,33.98,32.98,0.0,2025-07-18
3148,Mercearia,"Cafés, chás e achocolatados",Café Premium 3 Corações Estrada Real Pacote com 500g,3 Corações,39.98,38.98,0.0,2025-07-18
20562,Higiene e perfumaria,Cabelo,Shampoo Clear 2 em 1 Frasco com 400ml,Clear,26.98,25.99,0.0,2025-07-18
20602,Higiene e perfumaria,Cabelo,Shampoo Clear Ice Cool Menthol Frasco com 400ml,Clear,26.98,25.99,0.0,2025-07-18
20745,Higiene e perfumaria,Cabelo,Shampoo Elseve Hidra Hialurônico Frasco com 400ml,Elseve,19.9,19.9,0.0,2025-07-18
33964,Bebidas,Vinhos,Vinho Argentino Trapiche Malbec Garrafa com 750ml,Trapiche,40.9,37.9,0.0,2025-07-18
37130,Bebidas,Destilados,Cachaça Salinas Bálsamo Garrafa com 1L,Salinas,54.9,53.9,0.0,2025-07-18
37135,Bebidas,Destilados,Cachaça Salinas Ipê Garrafa com 700ml,Salinas,47.99,45.49,0.0,2025-07-18
37139,Bebidas,Destilados,Cachaça Salinas Tradicional Garrafa com 600ml,Salinas,41.89,39.89,0.0,2025-07-18
16464,Mercearia,"Azeites, óleos e vinagres",Azeite de Oliva Gallo Extra Virgem Vidro com 500ml,Gallo,33.2,31.2,0.0,2025-07-18
12638,Mercearia,Temperos e condimentos,Molho de Pimenta Knorr Vermelha Pet com 150ml,Knorr,6.6,6.3,0.0,2025-07-18
26381,Mercearia,Temperos e condimentos,Ketchup Heinz Tradicional Pet com 397g,Heinz,16.49,15.99,0.0,2025-07-18
17035,Mercearia,Temperos e condimentos,Orégano Kitano Sachê com 10g,Kitano,3.99,3.79,0.0,2025-07-18
19822,Bebidas,Destilados,Gin Seagers Garrafa com 1L,Seagers,42.89,40.79,0.0,2025-07-18
5634,Mercearia,Temperos e condimentos,Ajinomoto Refil com 100g,Ajinomoto,6.99,6.39,0.0,2025-07-18
14436,Mercearia,Temperos e condimentos,Molho Shoyu Sakura Pet com 150ml,Sakura,3.9,3.75,0.0,2025-07-18
12293,Mercearia,Temperos e condimentos,Molho de Mostarda Heinz Pet com 255g,Heinz,13.89,13.89,0.0,2025-07-18
27280,Mercearia,Confeitaria,Creme de Leite Italac TP com 200g,Italac,3.29,3.09,0.0,2025-07-18
38668,Padaria e matinais,Pães e torradas,Pullman Rap 10 Original Pacote com 297g,Pullman,10.98,10.98,0.0,2025-07-18
5666,Limpeza,Limpeza de cozinha,Esponja Scotch-Brite Pacote com 4 unidades,Scotch-Brite,7.75,6.7,0.0,2025-07-18
5658,Limpeza,Limpeza de cozinha,Esponja Scotch-Brite Não Risca Pacote com 3 unidades,Scotch-Brite,8.69,7.69,0.0,2025-07-18
16022,Mercearia,Bomboniere,Chiclete Mentos Fresh Mint Unidade com 56g,Mentos,9.9,9.9,0.0,2025-07-18
34777,Limpeza,Limpeza de casa,Limpador Perfumado Concentrado Coala Cereja e Avelã Frasco com 120ml,Coala,11.5,10.5,0.0,2025-07-18
38763,Mercearia,Massas e molhos,Molho de Tomate Salsaretti Tradicional Pouch com 300g,Salsaretti,1.89,1.79,0.0,2025-07-23
13480,Mercearia,Massas e molhos,Molho de Tomate Salsaretti Passata Rústica Vidro com 680g,Salsaretti,13.49,13.2,0.0,2025-07-23
13206,Mercearia,Massas e molhos,Molho de Tomate Pomarola Chef Passata Vidro com 700g,Pomarola,18.9,18.6,0.0,2025-07-23
36708,Limpeza,Limpeza de cozinha,Detergente Líquido Ypê Clear Frasco com 500ml,Ypê,2.45,2.35,0.0,2025-07-23
36732,Limpeza,Limpeza de cozinha,Detergente Líquido Ypê Neutro Frasco com 500ml,Ypê,2.45,2.35,0.0,2025-07-23
36410,Limpeza,Limpeza de cozinha,Detergente Líquido Limpol Neutro Frasco com 500ml,Limpol,2.35,2.25,0.0,2025-07-23
36362,Limpeza,Limpeza de cozinha,Detergente Líquido Limpol Coco Frasco com 500ml,Limpol,2.35,2.25,0.0,2025-07-23
28319,Higiene e perfumaria,Higiene bucal,Creme Dental Colgate Máxima Proteção Anticáries Tubo com 90g,Colgate,4.49,3.98,0.0,2025-07-23
28585,Higiene e perfumaria,Higiene bucal,Creme Dental Colgate Tripla Ação Menta Original Tubo com 90g,Colgate,4.79,4.44,0.0,2025-07-23
28745,Higiene e perfumaria,Higiene bucal,Creme Dental Oral-B 4 em 1 Tubo com 70g,Oral-B,4.18,3.9,0.0,2025-07-23
12460,Bebidas,Cervejas,Cerveja Heineken Lata com 269ml,Heineken,3.99,3.89,0.0,2025-07-23
13164,Bebidas,Cervejas,Cerveja Puro Malte Spaten Lata com 269ml,Spaten,3.49,3.29,0.0,2025-07-23
13351,Bebidas,Cervejas,Cerveja Spaten Puro Malte Lata com 350ml,Spaten,4.39,4.29,0.0,2025-07-23
13362,Bebidas,Cervejas,Cerveja Stella Artois Long neck com 330ml,Stella Artois,5.99,5.89,0.0,2025-07-23
12490,Bebidas,Cervejas,Cerveja Heineken Zero Lata com 269ml,Heineken,3.99,3.89,0.0,2025-07-23
12498,Bebidas,Cervejas,Cerveja Heineken Zero Long neck com 330ml,Heineken,6.99,6.49,0.0,2025-07-23
12385,Bebidas,Cervejas,Cerveja Estrella Galicia Lata com 269ml,Estrella Galicia,3.29,3.29,0.0,2025-07-23
12389,Bebidas,Cervejas,Cerveja Estrella Galicia Lata com 350ml,Estrella Galicia,4.29,4.29,0.0,2025-07-23
1187,Mercearia,Massas e molhos,Macarrão com Ovos Dona Benta Espaguete Pacote com 500g,Dona Benta,2.99,2.99,0.0,2025-07-23
1061,Mercearia,Massas e molhos,Macarrão com Ovos Adria Espaguete Pacote com 500g,Adria,3.75,3.45,0.0,2025-07-23
1203,Mercearia,Massas e molhos,Macarrão com Ovos Dona Benta Penne Pacote com 500g,Dona Benta,2.99,2.99,0.0,2025-07-23
1090,Mercearia,Massas e molhos,Macarrão com Ovos Adria Pena Pacote com 500g,Adria,3.75,3.45,0.0,2025-07-23
1065,Mercearia,Massas e molhos,Macarrão com Ovos Adria Espaguetinho Nº9 Pacote com 500g,Adria,3.75,3.45,0.0,2025-07-23
13073,Mercearia,"Cafés, chás e achocolatados",Filtro de Papel para Café Melitta Nº 103 Caixeta com 30 unidades,Melitta,4.19,3.89,0.0,2025-07-23
39240,Mercearia,Grãos,Milho para Pipoca Yoki Pacote com 400g,Yoki,5.59,5.49,0.0,2025-07-23
39238,Mercearia,Grãos,Milho para Pipoca Yoki Premium Pacote com 400g,Yoki,8.99,8.79,0.0,2025-07-23
38161,Limpeza,Limpeza de banheiro,Desinfetante Pinho Bril Plus Frasco com 500ml,Pinho Bril,5.99,5.99,0.0,2025-07-23
31494,Limpeza,Limpeza de banheiro,Desinfetante Lysoform Suave Frasco com 1L,Lysoform,15.4,14.4,0.0,2025-07-23
32839,Padaria e matinais,Leites,Leite Longa Vida Piracanjuba Com tampa Integral TP com 1L,Piracanjuba,5.39,5.19,0.0,2025-07-23
30600,Mercearia,Confeitaria,Leite Condensado Moça Integral Lata com 395g,Moça,9.99,9.08,0.0,2025-07-23
32447,Padaria e matinais,Leites,Leite Longa Vida Jussara Com tampa Integral TP com 1L,Jussara,5.29,5.09,0.0,2025-07-23
32452,Padaria e matinais,Leites,Leite Longa Vida Jussara Com tampa Semidesnatado TP com 1L,Jussara,5.29,5.09,0.0,2025-07-23
3984,Bebidas,Refrigerantes,Refrigerante Coca-Cola Sem açúcar Pet com 1L,Coca-Cola,5.89,5.89,0.0,2025-07-23
38145,Bebidas,Refrigerantes,Refrigerante Coca-Cola Sem açúcar Pet com 600ml,Coca-Cola,5.39,5.19,0.0,2025-07-23
64,Mercearia,Massas e molhos,Queijo Ralado Parmesão Président Pacote com 50g,Président,5.19,4.99,0.0,2025-07-23
36611,Mercearia,Massas e molhos,Queijo Parmesão Ralado Vigor Sachê com 50g,Vigor,6.59,6.2,0.0,2025-07-23
5350,Limpeza,Limpeza de banheiro,Água Sanitária Super Candida Frasco com 2L,Super Candida,6.29,5.89,0.0,2025-07-23
22295,Padaria e matinais,Pães e torradas,Pão de Forma Pullman Tradicional Pacote com 480g,Pullman,7.98,7.98,0.0,2025-07-23
38793,Padaria e matinais,Pães e torradas,Pão de Forma Visconti Tradicional Pacote com 400g,Visconti,6.49,5.99,0.0,2025-07-23
17933,Mercearia,Chocolates,Chocolate Nestlé Crunch Unidade com 80g,Nestlé,7.49,6.99,0.0,2025-07-23
44028,Limpeza,Limpeza de casa,Removedor Suprema Tradicional Frasco com 1L,Suprema,8.59,7.79,0.0,2025-07-23
13743,Mercearia,Grãos,Arroz Camil Agulhinha - Tipo 1 Pacote com 5kg,Camil,21.49,20.99,0.0,2025-07-23
13757,Mercearia,Grãos,Arroz Camil Integral Pacote com 1kg,Camil,5.99,5.79,0.0,2025-07-23
9742,Mercearia,Grãos,Feijão Carioca Camil Tipo 1 Pacote com 1kg,Camil,5.9,5.7,0.0,2025-07-23
10394,Limpeza,Limpeza de roupas,Amaciante para Roupas Concentrado Comfort Azul Frasco com 500ml,Comfort,8.9,8.49,0.0,2025-07-23
10340,Limpeza,Limpeza de roupas,Amaciante para Roupas Comfort Lavanda Refil com 900ml,Comfort,15.9,15.9,0.0,2025-07-23
10382,Limpeza,Limpeza de roupas,"Amaciante para Roupas Concentrado Baby Soft Inspiração Fascinante Frasco com 1,5L",Baby Soft,15.5,14.5,0.0,2025-07-23
32659,Higiene e perfumaria,Desodorantes,Desodorante Aerossol Dove Men+Care Frasco com 200ml,Dove,23.9,22.9,0.0,2025-07-23
32569,Higiene e perfumaria,Desodorantes,Desodorante Aerossol Bozzano Fresh Frasco com 150ml,Bozzano,8.9,8.9,0.0,2025-07-23
32932,Higiene e perfumaria,Desodorantes,Desodorante Aerossol Nivea Men Deep carvão Frasco com 150ml,Nivea,12.9,11.5,0.0,2025-07-23
29864,Limpeza,Limpeza de roupas,Tira Manchas em Gel Vanish Refil com 500ml,Vanish,12.9,11.9,0.0,2025-07-23
14304,Mercearia,Salgadinhos e snacks,Salgadinho Batata Pringles Creme e Cebola Tubo com 109g,Pringles,11.49,10.49,0.0,2025-07-23
5054,Frios e congelados,Margarinas e manteigas,Manteiga Aviação Com sal Pote com 200g,Aviação,13.9,12.9,0.0,2025-07-23
5057,Frios e congelados,Margarinas e manteigas,Manteiga Aviação Com sal Pote com 500g,Aviação,31.9,29.9,0.0,2025-07-23
25621,Higiene e perfumaria,Papel higiênico,Papel Higiênico Personal Vip Folha dupla - 30m Pacote com 24 rolos,Personal,38.77,36.77,0.0,2025-07-23
25610,Higiene e perfumaria,Papel higiênico,Papel Higiênico Personal Vip Folha dupla - 30m Pacote com 12 rolos,Personal,19.39,18.39,0.0,2025-07-23
11516,Higiene e perfumaria,Sabonetes,Sabonete Líquido Protex Nutri protect Refil com 500ml,Protex,22.5,19.9,0.0,2025-07-23
915,Mercearia,"Cafés, chás e achocolatados",Café 3 Corações Tradicional Pacote com 500g,3 Corações,33.98,32.98,0.0,2025-07-23
924,Mercearia,"Cafés, chás e achocolatados",Café 3 Corações Tradicional - Vácuo Pacote com 500g,3 Corações,33.98,32.98,0.0,2025-07-23
2588,Mercearia,"Cafés, chás e achocolatados",Café Melitta Tradicional Pouch com 500g,Melitta,33.78,32.78,0.0,2025-07-23
2584,Mercearia,"Cafés, chás e achocolatados",Café Melitta Sabor da Fazenda Vácuo Caixeta com 500g,Melitta,33.98,32.98,0.0,2025-07-23
3148,Mercearia,"Cafés, chás e achocolatados",Café Premium 3 Corações Estrada Real Pacote com 500g,3 Corações,39.98,38.98,0.0,2025-07-23
20562,Higiene e perfumaria,Cabelo,Shampoo Clear 2 em 1 Frasco com 400ml,Clear,26.98,25.99,0.0,2025-07-23
20602,Higiene e perfumaria,Cabelo,Shampoo Clear Ice Cool Menthol Frasco com 400ml,Clear,26.98,25.99,0.0,2025-07-23
20745,Higiene e perfumaria,Cabelo,Shampoo Elseve Hidra Hialurônico Frasco com 400ml,Elseve,19.9,19.9,0.0,2025-07-23
33964,Bebidas,Vinhos,Vinho Argentino Trapiche Malbec Garrafa com 750ml,Trapiche,40.9,37.9,0.0,2025-07-23
37135,Bebidas,Destilados,Cachaça Salinas Ipê Garrafa com 700ml,Salinas,43.99,43.99,0.0,2025-07-23
37130,Bebidas,Destilados,Cachaça Salinas Bálsamo Garrafa com 1L,Salinas,49.9,49.9,0.0,2025-07-23
37139,Bebidas,Destilados,Cachaça Salinas Tradicional Garrafa com 600ml,Salinas,38.39,38.39,0.0,2025-07-23
16327,Mercearia,"Azeites, óleos e vinagres",Azeite de Oliva Andorinha Extra Virgem Vidro com 500ml,Andorinha,31.3,29.3,0.0,2025-07-23
16464,Mercearia,"Azeites, óleos e vinagres",Azeite de Oliva Gallo Extra Virgem Vidro com 500ml,Gallo,33.2,31.2,0.0,2025-07-23
12638,Mercearia,Temperos e condimentos,Molho de Pimenta Knorr Vermelha Pet com 150ml,Knorr,6.6,6.3,0.0,2025-07-23
17035,Mercearia,Temperos e condimentos,Orégano Kitano Sachê com 10g,Kitano,3.99,3.79,0.0,2025-07-23
19822,Bebidas,Destilados,Gin Seagers Garrafa com 1L,Seagers,42.89,40.79,0.0,2025-07-23
5634,Mercearia,Temperos e condimentos,Ajinomoto Refil com 100g,Ajinomoto,6.99,6.39,0.0,2025-07-23
14436,Mercearia,Temperos e condimentos,Molho Shoyu Sakura Pet com 150ml,Sakura,3.99,3.59,0.0,2025-07-23
27280,Mercearia,Confeitaria,Creme de Leite Italac TP com 200g,Italac,3.29,3.09,0.0,2025-07-23
38668,Padaria e matinais,Pães e torradas,Pullman Rap 10 Original Pacote com 297g,Pullman,10.98,10.98,0.0,2025-07-23
5666,Limpeza,Limpeza de cozinha,Esponja Scotch-Brite Pacote com 4 unidades,Scotch-Brite,7.75,6.7,0.0,2025-07-23
5658,Limpeza,Limpeza de cozinha,Esponja Scotch-Brite Não Risca Pacote com 3 unidades,Scotch-Brite,8.69,7.69,0.0,2025-07-23
16022,Mercearia,Bomboniere,Chiclete Mentos Fresh Mint Unidade com 56g,Mentos,10.9,10.49,0.0,2025-07-23
34777,Limpeza,Limpeza de casa,Limpador Perfumado Concentrado Coala Cereja e Avelã Frasco com 120ml,Coala,11.5,10.5,0.0,2025-07-23
38763,Mercearia,Massas e molhos,Molho de Tomate Salsaretti Tradicional Pouch com 300g,Salsaretti,1.89,1.75,0.0,2025-08-01
13480,Mercearia,Massas e molhos,Molho de Tomate Salsaretti Passata Rústica Vidro com 680g,Salsaretti,13.49,13.2,0.0,2025-08-01
13206,Mercearia,Massas e molhos,Molho de Tomate Pomarola Chef Passata Vidro com 700g,Pomarola,18.9,18.6,0.0,2025-08-01
36708,Limpeza,Limpeza de cozinha,Detergente Líquido Ypê Clear Frasco com 500ml,Ypê,2.19,2.09,0.0,2025-08-01
36732,Limpeza,Limpeza de cozinha,Detergente Líquido Ypê Neutro Frasco com 500ml,Ypê,2.19,2.09,0.0,2025-08-01
36410,Limpeza,Limpeza de cozinha,Detergente Líquido Limpol Neutro Frasco com 500ml,Limpol,2.35,2.25,0.0,2025-08-01
36362,Limpeza,Limpeza de cozinha,Detergente Líquido Limpol Coco Frasco com 500ml,Limpol,2.35,2.25,0.0,2025-08-01
28319,Higiene e perfumaria,Higiene bucal,Creme Dental Colgate Máxima Proteção Anticáries Tubo com 90g,Colgate,4.49,3.98,0.0,2025-08-01
28697,Higiene e perfumaria,Higiene bucal,Creme Dental Oral-B 1-2-3 Tubo com 70g,Oral-B,2.82,2.82,0.0,2025-08-01
28585,Higiene e perfumaria,Higiene bucal,Creme Dental Colgate Tripla Ação Menta Original Tubo com 90g,Colgate,4.79,4.44,0.0,2025-08-01
28745,Higiene e perfumaria,Higiene bucal,Creme Dental Oral-B 4 em 1 Tubo com 70g,Oral-B,4.18,3.9,0.0,2025-08-01
12460,Bebidas,Cervejas,Cerveja Heineken Lata com 269ml,Heineken,3.79,3.79,0.0,2025-08-01
13164,Bebidas,Cervejas,Cerveja Puro Malte Spaten Lata com 269ml,Spaten,2.49,2.49,0.0,2025-08-01
13362,Bebidas,Cervejas,Cerveja Stella Artois Long neck com 330ml,Stella Artois,5.99,5.89,0.0,2025-08-01
13351,Bebidas,Cervejas,Cerveja Spaten Puro Malte Lata com 350ml,Spaten,3.99,3.99,0.0,2025-08-01
12490,Bebidas,Cervejas,Cerveja Heineken Zero Lata com 269ml,Heineken,3.79,3.79,0.0,2025-08-01
12498,Bebidas,Cervejas,Cerveja Heineken Zero Long neck com 330ml,Heineken,5.99,5.99,0.0,2025-08-01
12385,Bebidas,Cervejas,Cerveja Estrella Galicia Lata com 269ml,Estrella Galicia,3.79,3.69,0.0,2025-08-01
12389,Bebidas,Cervejas,Cerveja Estrella Galicia Lata com 350ml,Estrella Galicia,4.99,4.99,0.0,2025-08-01
1187,Mercearia,Massas e molhos,Macarrão com Ovos Dona Benta Espaguete Pacote com 500g,Dona Benta,3.69,3.39,0.0,2025-08-01
1061,Mercearia,Massas e molhos,Macarrão com Ovos Adria Espaguete Pacote com 500g,Adria,3.75,3.45,0.0,2025-08-01
1203,Mercearia,Massas e molhos,Macarrão com Ovos Dona Benta Penne Pacote com 500g,Dona Benta,3.69,3.39,0.0,2025-08-01
1090,Mercearia,Massas e molhos,Macarrão com Ovos Adria Pena Pacote com 500g,Adria,3.75,3.45,0.0,2025-08-01
1065,Mercearia,Massas e molhos,Macarrão com Ovos Adria Espaguetinho Nº9 Pacote com 500g,Adria,3.75,3.45,0.0,2025-08-01
13073,Mercearia,"Cafés, chás e achocolatados",Filtro de Papel para Café Melitta Nº 103 Caixeta com 30 unidades,Melitta,4.19,3.89,0.0,2025-08-01
39240,Mercearia,Grãos,Milho para Pipoca Yoki Pacote com 400g,Yoki,5.59,5.49,0.0,2025-08-01
39238,Mercearia,Grãos,Milho para Pipoca Yoki Premium Pacote com 400g,Yoki,8.99,8.79,0.0,2025-08-01
38161,Limpeza,Limpeza de banheiro,Desinfetante Pinho Bril Plus Frasco com 500ml,Pinho Bril,5.99,5.99,0.0,2025-08-01
31494,Limpeza,Limpeza de banheiro,Desinfetante Lysoform Suave Frasco com 1L,Lysoform,15.4,14.4,0.0,2025-08-01
32839,Padaria e matinais,Leites,Leite Longa Vida Piracanjuba Com tampa Integral TP com 1L,Piracanjuba,5.39,5.19,0.0,2025-08-01
32447,Padaria e matinais,Leites,Leite Longa Vida Jussara Com tampa Integral TP com 1L,Jussara,5.29,5.09,0.0,2025-08-01
30600,Mercearia,Confeitaria,Leite Condensado Moça Integral Lata com 395g,Moça,9.99,9.08,0.0,2025-08-01
32452,Padaria e matinais,Leites,Leite Longa Vida Jussara Com tampa Semidesnatado TP com 1L,Jussara,5.29,5.09,0.0,2025-08-01
32828,Padaria e matinais,Leites,Leite Longa Vida Piracanjuba A2 Semidesnatado TP com 1L,Piracanjuba,7.49,6.99,0.0,2025-08-01
3984,Bebidas,Refrigerantes,Refrigerante Coca-Cola Sem açúcar Pet com 1L,Coca-Cola,6.19,5.99,0.0,2025-08-01
38145,Bebidas,Refrigerantes,Refrigerante Coca-Cola Sem açúcar Pet com 600ml,Coca-Cola,3.99,3.99,0.0,2025-08-01
64,Mercearia,Massas e molhos,Queijo Ralado Parmesão Président Pacote com 50g,Président,5.19,4.99,0.0,2025-08-01
36611,Mercearia,Massas e molhos,Queijo Parmesão Ralado Vigor Sachê com 50g,Vigor,6.59,6.2,0.0,2025-08-01
5350,Limpeza,Limpeza de banheiro,Água Sanitária Super Candida Frasco com 2L,Super Candida,4.89,4.89,0.0,2025-08-01
22295,Padaria e matinais,Pães e torradas,Pão de Forma Pullman Tradicional Pacote com 480g,Pullman,7.98,7.98,0.0,2025-08-01
38793,Padaria e matinais,Pães e torradas,Pão de Forma Visconti Tradicional Pacote com 400g,Visconti,4.99,4.99,0.0,2025-08-01
17933,Mercearia,Chocolates,Chocolate Nestlé Crunch Unidade com 80g,Nestlé,8.49,7.99,0.0,2025-08-01
44028,Limpeza,Limpeza de casa,Removedor Suprema Tradicional Frasco com 1L,Suprema,8.59,7.79,0.0,2025-08-01
13743,Mercearia,Grãos,Arroz Camil Agulhinha - Tipo 1 Pacote com 5kg,Camil,21.5,20.99,0.0,2025-08-01
13757,Mercearia,Grãos,Arroz Camil Integral Pacote com 1kg,Camil,5.99,5.79,0.0,2025-08-01
9742,Mercearia,Grãos,Feijão Carioca Camil Tipo 1 Pacote com 1kg,Camil,5.9,5.7,0.0,2025-08-01
10394,Limpeza,Limpeza de roupas,Amaciante para Roupas Concentrado Comfort Azul Frasco com 500ml,Comfort,8.9,8.49,0.0,2025-08-01
10340,Limpeza,Limpeza de roupas,Amaciante para Roupas Comfort Lavanda Refil com 900ml,Comfort,15.9,15.9,0.0,2025-08-01
32659,Higiene e perfumaria,Desodorantes,Desodorante Aerossol Dove Men+Care Frasco com 200ml,Dove,23.9,23.9,0.0,2025-08-01
32569,Higiene e perfumaria,Desodorantes,Desodorante Aerossol Bozzano Fresh Frasco com 150ml,Bozzano,10.9,10.9,0.0,2025-08-01
32932,Higiene e perfumaria,Desodorantes,Desodorante Aerossol Nivea Men Deep carvão Frasco com 150ml,Nivea,13.9,13.9,0.0,2025-08-01
29864,Limpeza,Limpeza de roupas,Tira Manchas em Gel Vanish Refil com 500ml,Vanish,9.8,9.8,0.0,2025-08-01
14304,Mercearia,Salgadinhos e snacks,Salgadinho Batata Pringles Creme e Cebola Tubo com 109g,Pringles,11.39,10.39,0.0,2025-08-01
5054,Frios e congelados,Margarinas e manteigas,Manteiga Aviação Com sal Pote com 200g,Aviação,10.9,10.9,0.0,2025-08-01
5057,Frios e congelados,Margarinas e manteigas,Manteiga Aviação Com sal Pote com 500g,Aviação,31.9,29.9,0.0,2025-08-01
25621,Higiene e perfumaria,Papel higiênico,Papel Higiênico Personal Vip Folha dupla - 30m Pacote com 24 rolos,Personal,38.78,36.78,0.0,2025-08-01
25610,Higiene e perfumaria,Papel higiênico,Papel Higiênico Personal Vip Folha dupla - 30m Pacote com 12 rolos,Personal,19.39,18.4,0.0,2025-08-01
11516,Higiene e perfumaria,Sabonetes,Sabonete Líquido Protex Nutri protect Refil com 500ml,Protex,21.5,19.9,0.0,2025-08-01
915,Mercearia,"Cafés, chás e achocolatados",Café 3 Corações Tradicional Pacote com 500g,3 Corações,30.98,30.98,0.0,2025-08-01
924,Mercearia,"Cafés, chás e achocolatados",Café 3 Corações Tradicional - Vácuo Pacote com 500g,3 Corações,30.98,30.98,0.0,2025-08-01
2588,Mercearia,"Cafés, chás e achocolatados",Café Melitta Tradicional Pouch com 500g,Melitta,33.78,32.78,0.0,2025-08-01
2584,Mercearia,"Cafés, chás e achocolatados",Café Melitta Sabor da Fazenda Vácuo Caixeta com 500g,Melitta,33.98,32.98,0.0,2025-08-01
3148,Mercearia,"Cafés, chás e achocolatados",Café Premium 3 Corações Estrada Real Pacote com 500g,3 Corações,39.98,38.98,0.0,2025-08-01
20562,Higiene e perfumaria,Cabelo,Shampoo Clear 2 em 1 Frasco com 400ml,Clear,26.98,25.99,0.0,2025-08-01
20602,Higiene e perfumaria,Cabelo,Shampoo Clear Ice Cool Menthol Frasco com 400ml,Clear,26.98,25.99,0.0,2025-08-01
20745,Higiene e perfumaria,Cabelo,Shampoo Elseve Hidra Hialurônico Frasco com 400ml,Elseve,26.99,24.9,0.0,2025-08-01
33964,Bebidas,Vinhos,Vinho Argentino Trapiche Malbec Garrafa com 750ml,Trapiche,40.9,37.9,0.0,2025-08-01
37130,Bebidas,Destilados,Cachaça Salinas Bálsamo Garrafa com 1L,Salinas,54.9,53.9,0.0,2025-08-01
37139,Bebidas,Destilados,Cachaça Salinas Tradicional Garrafa com 600ml,Salinas,42.99,41.99,0.0,2025-08-01
16327,Mercearia,"Azeites, óleos e vinagres",Azeite de Oliva Andorinha Extra Virgem Vidro com 500ml,Andorinha,30.9,28.9,0.0,2025-08-01
16464,Mercearia,"Azeites, óleos e vinagres",Azeite de Oliva Gallo Extra Virgem Vidro com 500ml,Gallo,33.2,31.2,0.0,2025-08-01
39643,Mercearia,"Azeites, óleos e vinagres",Azeite de Oliva Deleyda Extra Virgem Premium Vidro com 500ml,Deleyda,69.9,65.0,0.0,2025-08-01
12638,Mercearia,Temperos e condimentos,Molho de Pimenta Knorr Vermelha Pet com 150ml,Knorr,6.6,6.3,0.0,2025-08-01
26381,Mercearia,Temperos e condimentos,Ketchup Heinz Tradicional Pet com 397g,Heinz,16.49,15.99,0.0,2025-08-01
17035,Mercearia,Temperos e condimentos,Orégano Kitano Sachê com 10g,Kitano,3.99,3.79,0.0,2025-08-01
19822,Bebidas,Destilados,Gin Seagers Garrafa com 1L,Seagers,42.89,40.79,0.0,2025-08-01
5634,Mercearia,Temperos e condimentos,Ajinomoto Refil com 100g,Ajinomoto,6.99,6.39,0.0,2025-08-01
14436,Mercearia,Temperos e condimentos,Molho Shoyu Sakura Pet com 150ml,Sakura,2.89,2.89,0.0,2025-08-01
12293,Mercearia,Temperos e condimentos,Molho de Mostarda Heinz Pet com 255g,Heinz,15.99,15.69,0.0,2025-08-01
27280,Mercearia,Confeitaria,Creme de Leite Italac TP com 200g,Italac,3.29,2.99,0.0,2025-08-01
38668,Padaria e matinais,Pães e torradas,Pullman Rap 10 Original Pacote com 297g,Pullman,9.98,9.98,0.0,2025-08-01
5666,Limpeza,Limpeza de cozinha,Esponja Scotch-Brite Pacote com 4 unidades,Scotch-Brite,7.75,6.7,0.0,2025-08-01
5658,Limpeza,Limpeza de cozinha,Esponja Scotch-Brite Não Risca Pacote com 3 unidades,Scotch-Brite,8.69,7.69,0.0,2025-08-01
16022,Mercearia,Bomboniere,Chiclete Mentos Fresh Mint Unidade com 56g,Mentos,10.9,10.49,0.0,2025-08-01
34777,Limpeza,Limpeza de casa,Limpador Perfumado Concentrado Coala Cereja e Avelã Frasco com 120ml,Coala,11.5,10.5,0.0,2025-08-01
38763,Mercearia,Massas e molhos,Molho de Tomate Salsaretti Tradicional Pouch com 300g,Salsaretti,1.95,1.85,0.0,2025-08-08
13480,Mercearia,Massas e molhos,Molho de Tomate Salsaretti Passata Rústica Vidro com 680g,Salsaretti,14.9,14.49,0.0,2025-08-08
36708,Limpeza,Limpeza de cozinha,Detergente Líquido Ypê Clear Frasco com 500ml,Ypê,2.19,2.09,0.0,2025-08-08
36732,Limpeza,Limpeza de cozinha,Detergente Líquido Ypê Neutro Frasco com 500ml,Ypê,2.19,2.09,0.0,2025-08-08
36410,Limpeza,Limpeza de cozinha,Detergente Líquido Limpol Neutro Frasco com 500ml,Limpol,2.35,2.25,0.0,2025-08-08
36362,Limpeza,Limpeza de cozinha,Detergente Líquido Limpol Coco Frasco com 500ml,Limpol,2.35,2.25,0.0,2025-08-08
28319,Higiene e perfumaria,Higiene bucal,Creme Dental Colgate Máxima Proteção Anticáries Tubo com 90g,Colgate,4.49,3.98,0.0,2025-08-08
28697,Higiene e perfumaria,Higiene bucal,Creme Dental Oral-B 1-2-3 Tubo com 70g,Oral-B,2.82,2.82,0.0,2025-08-08
28745,Higiene e perfumaria,Higiene bucal,Creme Dental Oral-B 4 em 1 Tubo com 70g,Oral-B,4.18,3.9,0.0,2025-08-08
12460,Bebidas,Cervejas,Cerveja Heineken Lata com 269ml,Heineken,3.99,3.99,0.0,2025-08-08
13164,Bebidas,Cervejas,Cerveja Puro Malte Spaten Lata com 269ml,Spaten,2.69,2.69,0.0,2025-08-08
13351,Bebidas,Cervejas,Cerveja Spaten Puro Malte Lata com 350ml,Spaten,3.69,3.69,0.0,2025-08-08
12490,Bebidas,Cervejas,Cerveja Heineken Zero Lata com 269ml,Heineken,3.99,3.99,0.0,2025-08-08
13362,Bebidas,Cervejas,Cerveja Stella Artois Long neck com 330ml,Stella Artois,5.99,5.89,0.0,2025-08-08
12498,Bebidas,Cervejas,Cerveja Heineken Zero Long neck com 330ml,Heineken,5.99,5.99,0.0,2025-08-08
12385,Bebidas,Cervejas,Cerveja Estrella Galicia Lata com 269ml,Estrella Galicia,3.79,3.69,0.0,2025-08-08
12389,Bebidas,Cervejas,Cerveja Estrella Galicia Lata com 350ml,Estrella Galicia,4.99,4.89,0.0,2025-08-08
1187,Mercearia,Massas e molhos,Macarrão com Ovos Dona Benta Espaguete Pacote com 500g,Dona Benta,2.69,2.69,0.0,2025-08-08
1061,Mercearia,Massas e molhos,Macarrão com Ovos Adria Espaguete Pacote com 500g,Adria,2.99,2.99,0.0,2025-08-08
1203,Mercearia,Massas e molhos,Macarrão com Ovos Dona Benta Penne Pacote com 500g,Dona Benta,2.69,2.69,0.0,2025-08-08
1090,Mercearia,Massas e molhos,Macarrão com Ovos Adria Pena Pacote com 500g,Adria,2.99,2.99,0.0,2025-08-08
1065,Mercearia,Massas e molhos,Macarrão com Ovos Adria Espaguetinho Nº9 Pacote com 500g,Adria,2.99,2.99,0.0,2025-08-08
1433,Mercearia,Massas e molhos,Macarrão com Ovos Renata Espaguete Pacote com 500g,Renata,3.79,3.49,0.0,2025-08-08
1442,Mercearia,Massas e molhos,Macarrão com Ovos Renata Pena Pacote com 500g,Renata,3.79,3.49,0.0,2025-08-08
13073,Mercearia,"Cafés, chás e achocolatados",Filtro de Papel para Café Melitta Nº 103 Caixeta com 30 unidades,Melitta,3.69,3.69,0.0,2025-08-08
39240,Mercearia,Grãos,Milho para Pipoca Yoki Pacote com 400g,Yoki,4.59,4.59,0.0,2025-08-08
39238,Mercearia,Grãos,Milho para Pipoca Yoki Premium Pacote com 400g,Yoki,5.49,5.49,0.0,2025-08-08
38161,Limpeza,Limpeza de banheiro,Desinfetante Pinho Bril Plus Frasco com 500ml,Pinho Bril,6.9,6.2,0.0,2025-08-08
31494,Limpeza,Limpeza de banheiro,Desinfetante Lysoform Suave Frasco com 1L,Lysoform,9.99,9.99,0.0,2025-08-08
32839,Padaria e matinais,Leites,Leite Longa Vida Piracanjuba Com tampa Integral TP com 1L,Piracanjuba,5.35,5.15,0.0,2025-08-08
32447,Padaria e matinais,Leites,Leite Longa Vida Jussara Com tampa Integral TP com 1L,Jussara,5.19,4.99,0.0,2025-08-08
30600,Mercearia,Confeitaria,Leite Condensado Moça Integral Lata com 395g,Moça,8.95,7.98,0.0,2025-08-08
32452,Padaria e matinais,Leites,Leite Longa Vida Jussara Com tampa Semidesnatado TP com 1L,Jussara,5.19,4.99,0.0,2025-08-08
32828,Padaria e matinais,Leites,Leite Longa Vida Piracanjuba A2 Semidesnatado TP com 1L,Piracanjuba,7.49,6.99,0.0,2025-08-08
3984,Bebidas,Refrigerantes,Refrigerante Coca-Cola Sem açúcar Pet com 1L,Coca-Cola,5.69,5.69,0.0,2025-08-08
38145,Bebidas,Refrigerantes,Refrigerante Coca-Cola Sem açúcar Pet com 600ml,Coca-Cola,5.59,5.29,0.0,2025-08-08
64,Mercearia,Massas e molhos,Queijo Ralado Parmesão Président Pacote com 50g,Président,5.19,4.99,0.0,2025-08-08
36611,Mercearia,Massas e molhos,Queijo Parmesão Ralado Vigor Sachê com 50g,Vigor,5.89,5.49,0.0,2025-08-08
5350,Limpeza,Limpeza de banheiro,Água Sanitária Super Candida Frasco com 2L,Super Candida,4.89,4.89,0.0,2025-08-08
22295,Padaria e matinais,Pães e torradas,Pão de Forma Pullman Tradicional Pacote com 480g,Pullman,6.98,6.98,0.0,2025-08-08
38793,Padaria e matinais,Pães e torradas,Pão de Forma Visconti Tradicional Pacote com 400g,Visconti,6.79,6.29,0.0,2025-08-08
17933,Mercearia,Chocolates,Chocolate Nestlé Crunch Unidade com 80g,Nestlé,6.99,6.99,0.0,2025-08-08
44028,Limpeza,Limpeza de casa,Removedor Suprema Tradicional Frasco com 1L,Suprema,7.29,7.29,0.0,2025-08-08
13757,Mercearia,Grãos,Arroz Camil Integral Pacote com 1kg,Camil,5.99,5.79,0.0,2025-08-08
9742,Mercearia,Grãos,Feijão Carioca Camil Tipo 1 Pacote com 1kg,Camil,5.8,5.59,0.0,2025-08-08
10394,Limpeza,Limpeza de roupas,Amaciante para Roupas Concentrado Comfort Azul Frasco com 500ml,Comfort,10.5,9.99,0.0,2025-08-08
10340,Limpeza,Limpeza de roupas,Amaciante para Roupas Comfort Lavanda Refil com 900ml,Comfort,15.9,15.9,0.0,2025-08-08
10382,Limpeza,Limpeza de roupas,"Amaciante para Roupas Concentrado Baby Soft Inspiração Fascinante Frasco com 1,5L",Baby Soft,11.9,11.9,0.0,2025-08-08
32659,Higiene e perfumaria,Desodorantes,Desodorante Aerossol Dove Men+Care Frasco com 200ml,Dove,23.86,23.86,0.0,2025-08-08
32569,Higiene e perfumaria,Desodorantes,Desodorante Aerossol Bozzano Fresh Frasco com 150ml,Bozzano,10.9,10.9,0.0,2025-08-08
32932,Higiene e perfumaria,Desodorantes,Desodorante Aerossol Nivea Men Deep carvão Frasco com 150ml,Nivea,10.9,10.9,0.0,2025-08-08
29864,Limpeza,Limpeza de roupas,Tira Manchas em Gel Vanish Refil com 500ml,Vanish,8.9,8.9,0.0,2025-08-08
14304,Mercearia,Salgadinhos e snacks,Salgadinho Batata Pringles Creme e Cebola Tubo com 109g,Pringles,9.9,9.9,0.0,2025-08-08
5054,Frios e congelados,Margarinas e manteigas,Manteiga Aviação Com sal Pote com 200g,Aviação,13.9,12.9,0.0,2025-08-08
5057,Frios e congelados,Margarinas e manteigas,Manteiga Aviação Com sal Pote com 500g,Aviação,31.9,29.9,0.0,2025-08-08
25621,Higiene e perfumaria,Papel higiênico,Papel Higiênico Personal Vip Folha dupla - 30m Pacote com 24 rolos,Personal,32.38,32.38,0.0,2025-08-08
25610,Higiene e perfumaria,Papel higiênico,Papel Higiênico Personal Vip Folha dupla - 30m Pacote com 12 rolos,Personal,16.19,16.19,0.0,2025-08-08
11516,Higiene e perfumaria,Sabonetes,Sabonete Líquido Protex Nutri protect Refil com 500ml,Protex,21.5,19.9,0.0,2025-08-08
915,Mercearia,"Cafés, chás e achocolatados",Café 3 Corações Tradicional Pacote com 500g,3 Corações,27.98,27.98,0.0,2025-08-08
924,Mercearia,"Cafés, chás e achocolatados",Café 3 Corações Tradicional - Vácuo Pacote com 500g,3 Corações,27.98,27.98,0.0,2025-08-08
2588,Mercearia,"Cafés, chás e achocolatados",Café Melitta Tradicional Pouch com 500g,Melitta,33.78,32.78,0.0,2025-08-08
2584,Mercearia,"Cafés, chás e achocolatados",Café Melitta Sabor da Fazenda Vácuo Caixeta com 500g,Melitta,33.98,32.98,0.0,2025-08-08
3148,Mercearia,"Cafés, chás e achocolatados",Café Premium 3 Corações Estrada Real Pacote com 500g,3 Corações,39.98,38.98,0.0,2025-08-08
20562,Higiene e perfumaria,Cabelo,Shampoo Clear 2 em 1 Frasco com 400ml,Clear,21.89,21.89,0.0,2025-08-08
20602,Higiene e perfumaria,Cabelo,Shampoo Clear Ice Cool Menthol Frasco com 400ml,Clear,21.89,21.89,0.0,2025-08-08
20745,Higiene e perfumaria,Cabelo,Shampoo Elseve Hidra Hialurônico Frasco com 400ml,Elseve,26.99,24.9,0.0,2025-08-08
33964,Bebidas,Vinhos,Vinho Argentino Trapiche Malbec Garrafa com 750ml,Trapiche,40.9,37.9,0.0,2025-08-08
37130,Bebidas,Destilados,Cachaça Salinas Bálsamo Garrafa com 1L,Salinas,49.9,49.9,0.0,2025-08-08
37139,Bebidas,Destilados,Cachaça Salinas Tradicional Garrafa com 600ml,Salinas,38.39,38.39,0.0,2025-08-08
16327,Mercearia,"Azeites, óleos e vinagres",Azeite de Oliva Andorinha Extra Virgem Vidro com 500ml,Andorinha,28.29,28.29,0.0,2025-08-08
39643,Mercearia,"Azeites, óleos e vinagres",Azeite de Oliva Deleyda Extra Virgem Premium Vidro com 500ml,Deleyda,69.9,65.0,0.0,2025-08-08
12638,Mercearia,Temperos e condimentos,Molho de Pimenta Knorr Vermelha Pet com 150ml,Knorr,6.6,6.3,0.0,2025-08-08
26381,Mercearia,Temperos e condimentos,Ketchup Heinz Tradicional Pet com 397g,Heinz,13.89,12.49,0.0,2025-08-08
17035,Mercearia,Temperos e condimentos,Orégano Kitano Sachê com 10g,Kitano,3.99,3.79,0.0,2025-08-08
19822,Bebidas,Destilados,Gin Seagers Garrafa com 1L,Seagers,42.89,40.79,0.0,2025-08-08
5634,Mercearia,Temperos e condimentos,Ajinomoto Refil com 100g,Ajinomoto,6.99,6.39,0.0,2025-08-08
14436,Mercearia,Temperos e condimentos,Molho Shoyu Sakura Pet com 150ml,Sakura,2.85,2.85,0.0,2025-08-08
12293,Mercearia,Temperos e condimentos,Molho de Mostarda Heinz Pet com 255g,Heinz,15.99,15.69,0.0,2025-08-08
27280,Mercearia,Confeitaria,Creme de Leite Italac TP com 200g,Italac,3.29,2.99,0.0,2025-08-08
38668,Padaria e matinais,Pães e torradas,Pullman Rap 10 Original Pacote com 297g,Pullman,9.98,9.98,0.0,2025-08-08
5666,Limpeza,Limpeza de cozinha,Esponja Scotch-Brite Pacote com 4 unidades,Scotch-Brite,6.99,6.49,0.0,2025-08-08
5658,Limpeza,Limpeza de cozinha,Esponja Scotch-Brite Não Risca Pacote com 3 unidades,Scotch-Brite,8.69,7.69,0.0,2025-08-08
16022,Mercearia,Bomboniere,Chiclete Mentos Fresh Mint Unidade com 56g,Mentos,9.9,9.9,0.0,2025-08-08
34777,Limpeza,Limpeza de casa,Limpador Perfumado Concentrado Coala Cereja e Avelã Frasco com 120ml,Coala,7.99,7.99,0.0,2025-08-08
38763,Mercearia,Massas e molhos,Molho de Tomate Salsaretti Tradicional Pouch com 300g,Salsaretti,1.95,1.85,0.0,2025-08-15
13480,Mercearia,Massas e molhos,Molho de Tomate Salsaretti Passata Rústica Vidro com 680g,Salsaretti,14.9,14.49,0.0,2025-08-15
13206,Mercearia,Massas e molhos,Molho de Tomate Pomarola Chef Passata Vidro com 700g,Pomarola,18.9,18.6,0.0,2025-08-15
36708,Limpeza,Limpeza de cozinha,Detergente Líquido Ypê Clear Frasco com 500ml,Ypê,2.45,2.35,0.0,2025-08-15
36732,Limpeza,Limpeza de cozinha,Detergente Líquido Ypê Neutro Frasco com 500ml,Ypê,2.45,2.35,0.0,2025-08-15
36410,Limpeza,Limpeza de cozinha,Detergente Líquido Limpol Neutro Frasco com 500ml,Limpol,2.35,2.25,0.0,2025-08-15
36362,Limpeza,Limpeza de cozinha,Detergente Líquido Limpol Coco Frasco com 500ml,Limpol,2.35,2.25,0.0,2025-08-15
28319,Higiene e perfumaria,Higiene bucal,Creme Dental Colgate Máxima Proteção Anticáries Tubo com 90g,Colgate,4.49,3.98,0.0,2025-08-15
28697,Higiene e perfumaria,Higiene bucal,Creme Dental Oral-B 1-2-3 Tubo com 70g,Oral-B,2.82,2.82,0.0,2025-08-15
28745,Higiene e perfumaria,Higiene bucal,Creme Dental Oral-B 4 em 1 Tubo com 70g,Oral-B,4.18,3.9,0.0,2025-08-15
12460,Bebidas,Cervejas,Cerveja Heineken Lata com 269ml,Heineken,4.59,4.29,0.0,2025-08-15
13164,Bebidas,Cervejas,Cerveja Puro Malte Spaten Lata com 269ml,Spaten,3.49,3.39,0.0,2025-08-15
13351,Bebidas,Cervejas,Cerveja Spaten Puro Malte Lata com 350ml,Spaten,4.49,4.39,0.0,2025-08-15
13362,Bebidas,Cervejas,Cerveja Stella Artois Long neck com 330ml,Stella Artois,5.99,5.89,0.0,2025-08-15
12490,Bebidas,Cervejas,Cerveja Heineken Zero Lata com 269ml,Heineken,4.59,4.29,0.0,2025-08-15
12498,Bebidas,Cervejas,Cerveja Heineken Zero Long neck com 330ml,Heineken,6.99,6.59,0.0,2025-08-15
12385,Bebidas,Cervejas,Cerveja Estrella Galicia Lata com 269ml,Estrella Galicia,3.79,3.69,0.0,2025-08-15
12389,Bebidas,Cervejas,Cerveja Estrella Galicia Lata com 350ml,Estrella Galicia,4.99,4.89,0.0,2025-08-15
1187,Mercearia,Massas e molhos,Macarrão com Ovos Dona Benta Espaguete Pacote com 500g,Dona Benta,2.99,2.99,0.0,2025-08-15
1061,Mercearia,Massas e molhos,Macarrão com Ovos Adria Espaguete Pacote com 500g,Adria,2.99,2.99,0.0,2025-08-15
1203,Mercearia,Massas e molhos,Macarrão com Ovos Dona Benta Penne Pacote com 500g,Dona Benta,2.99,2.99,0.0,2025-08-15
1090,Mercearia,Massas e molhos,Macarrão com Ovos Adria Pena Pacote com 500g,Adria,2.99,2.99,0.0,2025-08-15
1065,Mercearia,Massas e molhos,Macarrão com Ovos Adria Espaguetinho Nº9 Pacote com 500g,Adria,2.99,2.99,0.0,2025-08-15
1433,Mercearia,Massas e molhos,Macarrão com Ovos Renata Espaguete Pacote com 500g,Renata,3.79,3.49,0.0,2025-08-15
1442,Mercearia,Massas e molhos,Macarrão com Ovos Renata Pena Pacote com 500g,Renata,3.79,3.49,0.0,2025-08-15
13073,Mercearia,"Cafés, chás e achocolatados",Filtro de Papel para Café Melitta Nº 103 Caixeta com 30 unidades,Melitta,3.69,3.69,0.0,2025-08-15
39238,Mercearia,Grãos,Milho para Pipoca Yoki Premium Pacote com 400g,Yoki,5.49,5.49,0.0,2025-08-15
38161,Limpeza,Limpeza de banheiro,Desinfetante Pinho Bril Plus Frasco com 500ml,Pinho Bril,6.45,5.75,0.0,2025-08-15
31494,Limpeza,Limpeza de banheiro,Desinfetante Lysoform Suave Frasco com 1L,Lysoform,15.4,14.4,0.0,2025-08-15
32839,Padaria e matinais,Leites,Leite Longa Vida Piracanjuba Com tampa Integral TP com 1L,Piracanjuba,5.35,5.15,0.0,2025-08-15
32447,Padaria e matinais,Leites,Leite Longa Vida Jussara Com tampa Integral TP com 1L,Jussara,5.15,4.95,0.0,2025-08-15
30600,Mercearia,Confeitaria,Leite Condensado Moça Integral Lata com 395g,Moça,9.88,8.98,0.0,2025-08-15
32452,Padaria e matinais,Leites,Leite Longa Vida Jussara Com tampa Semidesnatado TP com 1L,Jussara,5.15,4.95,0.0,2025-08-15
32828,Padaria e matinais,Leites,Leite Longa Vida Piracanjuba A2 Semidesnatado TP com 1L,Piracanjuba,7.49,6.99,0.0,2025-08-15
3984,Bebidas,Refrigerantes,Refrigerante Coca-Cola Sem açúcar Pet com 1L,Coca-Cola,4.99,4.99,0.0,2025-08-15
38145,Bebidas,Refrigerantes,Refrigerante Coca-Cola Sem açúcar Pet com 600ml,Coca-Cola,5.59,5.29,0.0,2025-08-15
64,Mercearia,Massas e molhos,Queijo Ralado Parmesão Président Pacote com 50g,Président,5.69,5.39,0.0,2025-08-15
36611,Mercearia,Massas e molhos,Queijo Parmesão Ralado Vigor Sachê com 50g,Vigor,5.89,5.49,0.0,2025-08-15
5350,Limpeza,Limpeza de banheiro,Água Sanitária Super Candida Frasco com 2L,Super Candida,6.29,5.89,0.0,2025-08-15
22295,Padaria e matinais,Pães e torradas,Pão de Forma Pullman Tradicional Pacote com 480g,Pullman,7.98,7.98,0.0,2025-08-15
38793,Padaria e matinais,Pães e torradas,Pão de Forma Visconti Tradicional Pacote com 400g,Visconti,4.99,4.99,0.0,2025-08-15
17933,Mercearia,Chocolates,Chocolate Nestlé Crunch Unidade com 80g,Nestlé,6.99,6.99,0.0,2025-08-15
44028,Limpeza,Limpeza de casa,Removedor Suprema Tradicional Frasco com 1L,Suprema,8.59,7.79,0.0,2025-08-15
13743,Mercearia,Grãos,Arroz Camil Agulhinha - Tipo 1 Pacote com 5kg,Camil,21.5,20.99,0.0,2025-08-15
13757,Mercearia,Grãos,Arroz Camil Integral Pacote com 1kg,Camil,5.99,5.79,0.0,2025-08-15
9742,Mercearia,Grãos,Feijão Carioca Camil Tipo 1 Pacote com 1kg,Camil,5.8,5.59,0.0,2025-08-15
10394,Limpeza,Limpeza de roupas,Amaciante para Roupas Concentrado Comfort Azul Frasco com 500ml,Comfort,10.5,9.99,0.0,2025-08-15
10340,Limpeza,Limpeza de roupas,Amaciante para Roupas Comfort Lavanda Refil com 900ml,Comfort,16.99,16.99,0.0,2025-08-15
10382,Limpeza,Limpeza de roupas,"Amaciante para Roupas Concentrado Baby Soft Inspiração Fascinante Frasco com 1,5L",Baby Soft,11.9,11.9,0.0,2025-08-15
32659,Higiene e perfumaria,Desodorantes,Desodorante Aerossol Dove Men+Care Frasco com 200ml,Dove,23.98,23.98,0.0,2025-08-15
32569,Higiene e perfumaria,Desodorantes,Desodorante Aerossol Bozzano Fresh Frasco com 150ml,Bozzano,11.45,10.95,0.0,2025-08-15
32932,Higiene e perfumaria,Desodorantes,Desodorante Aerossol Nivea Men Deep carvão Frasco com 150ml,Nivea,14.9,13.5,0.0,2025-08-15
29864,Limpeza,Limpeza de roupas,Tira Manchas em Gel Vanish Refil com 500ml,Vanish,8.9,8.9,0.0,2025-08-15
14304,Mercearia,Salgadinhos e snacks,Salgadinho Batata Pringles Creme e Cebola Tubo com 109g,Pringles,8.9,8.9,0.0,2025-08-15
5054,Frios e congelados,Margarinas e manteigas,Manteiga Aviação Com sal Pote com 200g,Aviação,9.8,9.8,0.0,2025-08-15
5057,Frios e congelados,Margarinas e manteigas,Manteiga Aviação Com sal Pote com 500g,Aviação,31.9,29.9,0.0,2025-08-15
25621,Higiene e perfumaria,Papel higiênico,Papel Higiênico Personal Vip Folha dupla - 30m Pacote com 24 rolos,Personal,34.96,34.96,0.0,2025-08-15
25610,Higiene e perfumaria,Papel higiênico,Papel Higiênico Personal Vip Folha dupla - 30m Pacote com 12 rolos,Personal,17.48,17.48,0.0,2025-08-15
11516,Higiene e perfumaria,Sabonetes,Sabonete Líquido Protex Nutri protect Refil com 500ml,Protex,21.5,19.9,0.0,2025-08-15
915,Mercearia,"Cafés, chás e achocolatados",Café 3 Corações Tradicional Pacote com 500g,3 Corações,31.98,31.98,0.0,2025-08-15
924,Mercearia,"Cafés, chás e achocolatados",Café 3 Corações Tradicional - Vácuo Pacote com 500g,3 Corações,31.98,31.98,0.0,2025-08-15
2588,Mercearia,"Cafés, chás e achocolatados",Café Melitta Tradicional Pouch com 500g,Melitta,30.98,30.98,0.0,2025-08-15
2584,Mercearia,"Cafés, chás e achocolatados",Café Melitta Sabor da Fazenda Vácuo Caixeta com 500g,Melitta,33.98,32.98,0.0,2025-08-15
3148,Mercearia,"Cafés, chás e achocolatados",Café Premium 3 Corações Estrada Real Pacote com 500g,3 Corações,32.98,32.98,0.0,2025-08-15
20562,Higiene e perfumaria,Cabelo,Shampoo Clear 2 em 1 Frasco com 400ml,Clear,26.98,25.99,0.0,2025-08-15
20602,Higiene e perfumaria,Cabelo,Shampoo Clear Ice Cool Menthol Frasco com 400ml,Clear,26.98,25.99,0.0,2025-08-15
20745,Higiene e perfumaria,Cabelo,Shampoo Elseve Hidra Hialurônico Frasco com 400ml,Elseve,27.65,25.99,0.0,2025-08-15
33964,Bebidas,Vinhos,Vinho Argentino Trapiche Malbec Garrafa com 750ml,Trapiche,40.9,37.9,0.0,2025-08-15
37130,Bebidas,Destilados,Cachaça Salinas Bálsamo Garrafa com 1L,Salinas,54.9,53.9,0.0,2025-08-15
37139,Bebidas,Destilados,Cachaça Salinas Tradicional Garrafa com 600ml,Salinas,42.99,41.99,0.0,2025-08-15
16327,Mercearia,"Azeites, óleos e vinagres",Azeite de Oliva Andorinha Extra Virgem Vidro com 500ml,Andorinha,28.29,28.29,0.0,2025-08-15
16464,Mercearia,"Azeites, óleos e vinagres",Azeite de Oliva Gallo Extra Virgem Vidro com 500ml,Gallo,32.4,30.4,0.0,2025-08-15
39643,Mercearia,"Azeites, óleos e vinagres",Azeite de Oliva Deleyda Extra Virgem Premium Vidro com 500ml,Deleyda,69.9,65.0,0.0,2025-08-15
12638,Mercearia,Temperos e condimentos,Molho de Pimenta Knorr Vermelha Pet com 150ml,Knorr,6.6,6.3,0.0,2025-08-15
26381,Mercearia,Temperos e condimentos,Ketchup Heinz Tradicional Pet com 397g,Heinz,15.49,14.99,0.0,2025-08-15
17035,Mercearia,Temperos e condimentos,Orégano Kitano Sachê com 10g,Kitano,3.99,3.79,0.0,2025-08-15
19822,Bebidas,Destilados,Gin Seagers Garrafa com 1L,Seagers,42.89,40.79,0.0,2025-08-15
5634,Mercearia,Temperos e condimentos,Ajinomoto Refil com 100g,Ajinomoto,6.99,6.39,0.0,2025-08-15
14436,Mercearia,Temperos e condimentos,Molho Shoyu Sakura Pet com 150ml,Sakura,3.99,3.69,0.0,2025-08-15
12293,Mercearia,Temperos e condimentos,Molho de Mostarda Heinz Pet com 255g,Heinz,15.99,15.69,0.0,2025-08-15
27280,Mercearia,Confeitaria,Creme de Leite Italac TP com 200g,Italac,2.55,2.55,0.0,2025-08-15
38668,Padaria e matinais,Pães e torradas,Pullman Rap 10 Original Pacote com 297g,Pullman,11.98,11.98,0.0,2025-08-15
5666,Limpeza,Limpeza de cozinha,Esponja Scotch-Brite Pacote com 4 unidades,Scotch-Brite,6.99,6.49,0.0,2025-08-15
5658,Limpeza,Limpeza de cozinha,Esponja Scotch-Brite Não Risca Pacote com 3 unidades,Scotch-Brite,8.69,7.69,0.0,2025-08-15
16022,Mercearia,Bomboniere,Chiclete Mentos Fresh Mint Unidade com 56g,Mentos,10.9,10.49,0.0,2025-08-15
34777,Limpeza,Limpeza de casa,Limpador Perfumado Concentrado Coala Cereja e Avelã Frasco com 120ml,Coala,11.5,10.5,0.0,2025-08-15
38763,Mercearia,Massas e molhos,Molho de Tomate Salsaretti Tradicional Pouch com 300g,Salsaretti,1.99,1.89,0.0,2025-08-27
13480,Mercearia,Massas e molhos,Molho de Tomate Salsaretti Passata Rústica Vidro com 680g,Salsaretti,14.9,14.49,0.0,2025-08-27
13206,Mercearia,Massas e molhos,Molho de Tomate Pomarola Chef Passata Vidro com 700g,Pomarola,18.9,18.6,0.0,2025-08-27
36708,Limpeza,Limpeza de cozinha,Detergente Líquido Ypê Clear Frasco com 500ml,Ypê,2.45,2.35,0.0,2025-08-27
36732,Limpeza,Limpeza de cozinha,Detergente Líquido Ypê Neutro Frasco com 500ml,Ypê,2.45,2.35,0.0,2025-08-27
36410,Limpeza,Limpeza de cozinha,Detergente Líquido Limpol Neutro Frasco com 500ml,Limpol,2.35,2.25,0.0,2025-08-27
28319,Higiene e perfumaria,Higiene bucal,Creme Dental Colgate Máxima Proteção Anticáries Tubo com 90g,Colgate,4.49,4.15,0.0,2025-08-27
28697,Higiene e perfumaria,Higiene bucal,Creme Dental Oral-B 1-2-3 Tubo com 70g,Oral-B,2.9,2.9,0.0,2025-08-27
28585,Higiene e perfumaria,Higiene bucal,Creme Dental Colgate Tripla Ação Menta Original Tubo com 90g,Colgate,5.19,4.79,0.0,2025-08-27
12460,Bebidas,Cervejas,Cerveja Heineken Lata com 269ml,Heineken,4.59,4.29,0.0,2025-08-27
13164,Bebidas,Cervejas,Cerveja Puro Malte Spaten Lata com 269ml,Spaten,3.69,3.59,0.0,2025-08-27
13362,Bebidas,Cervejas,Cerveja Stella Artois Long neck com 330ml,Stella Artois,5.99,5.89,0.0,2025-08-27
13351,Bebidas,Cervejas,Cerveja Spaten Puro Malte Lata com 350ml,Spaten,4.49,4.39,0.0,2025-08-27
12490,Bebidas,Cervejas,Cerveja Heineken Zero Lata com 269ml,Heineken,4.59,4.29,0.0,2025-08-27
12498,Bebidas,Cervejas,Cerveja Heineken Zero Long neck com 330ml,Heineken,6.99,6.59,0.0,2025-08-27
12385,Bebidas,Cervejas,Cerveja Estrella Galicia Lata com 269ml,Estrella Galicia,3.99,3.79,0.0,2025-08-27
12389,Bebidas,Cervejas,Cerveja Estrella Galicia Lata com 350ml,Estrella Galicia,4.99,4.89,0.0,2025-08-27
1187,Mercearia,Massas e molhos,Macarrão com Ovos Dona Benta Espaguete Pacote com 500g,Dona Benta,3.69,3.39,0.0,2025-08-27
1061,Mercearia,Massas e molhos,Macarrão com Ovos Adria Espaguete Pacote com 500g,Adria,3.69,3.39,0.0,2025-08-27
1203,Mercearia,Massas e molhos,Macarrão com Ovos Dona Benta Penne Pacote com 500g,Dona Benta,3.69,3.39,0.0,2025-08-27
1090,Mercearia,Massas e molhos,Macarrão com Ovos Adria Pena Pacote com 500g,Adria,3.69,3.39,0.0,2025-08-27
1065,Mercearia,Massas e molhos,Macarrão com Ovos Adria Espaguetinho Nº9 Pacote com 500g,Adria,3.69,3.39,0.0,2025-08-27
1433,Mercearia,Massas e molhos,Macarrão com Ovos Renata Espaguete Pacote com 500g,Renata,3.79,3.49,0.0,2025-08-27
1442,Mercearia,Massas e molhos,Macarrão com Ovos Renata Pena Pacote com 500g,Renata,3.79,3.49,0.0,2025-08-27
13073,Mercearia,"Cafés, chás e achocolatados",Filtro de Papel para Café Melitta Nº 103 Caixeta com 30 unidades,Melitta,4.29,3.99,0.0,2025-08-27
39240,Mercearia,Grãos,Milho para Pipoca Yoki Pacote com 400g,Yoki,5.69,5.49,0.0,2025-08-27
39238,Mercearia,Grãos,Milho para Pipoca Yoki Premium Pacote com 400g,Yoki,8.89,8.49,0.0,2025-08-27
38161,Limpeza,Limpeza de banheiro,Desinfetante Pinho Bril Plus Frasco com 500ml,Pinho Bril,5.99,5.99,0.0,2025-08-27
31494,Limpeza,Limpeza de banheiro,Desinfetante Lysoform Suave Frasco com 1L,Lysoform,15.4,14.4,0.0,2025-08-27
32839,Padaria e matinais,Leites,Leite Longa Vida Piracanjuba Com tampa Integral TP com 1L,Piracanjuba,5.35,5.15,0.0,2025-08-27
32447,Padaria e matinais,Leites,Leite Longa Vida Jussara Com tampa Integral TP com 1L,Jussara,5.15,4.95,0.0,2025-08-27
30600,Mercearia,Confeitaria,Leite Condensado Moça Integral Lata com 395g,Moça,9.89,8.88,0.0,2025-08-27
32452,Padaria e matinais,Leites,Leite Longa Vida Jussara Com tampa Semidesnatado TP com 1L,Jussara,5.15,4.95,0.0,2025-08-27
32828,Padaria e matinais,Leites,Leite Longa Vida Piracanjuba A2 Semidesnatado TP com 1L,Piracanjuba,7.49,6.99,0.0,2025-08-27
3984,Bebidas,Refrigerantes,Refrigerante Coca-Cola Sem açúcar Pet com 1L,Coca-Cola,4.79,4.79,0.0,2025-08-27
38145,Bebidas,Refrigerantes,Refrigerante Coca-Cola Sem açúcar Pet com 600ml,Coca-Cola,5.59,5.29,0.0,2025-08-27
64,Mercearia,Massas e molhos,Queijo Ralado Parmesão Président Pacote com 50g,Président,5.69,5.39,0.0,2025-08-27
36611,Mercearia,Massas e molhos,Queijo Parmesão Ralado Vigor Sachê com 50g,Vigor,6.29,5.99,0.0,2025-08-27
5350,Limpeza,Limpeza de banheiro,Água Sanitária Super Candida Frasco com 2L,Super Candida,6.29,5.89,0.0,2025-08-27
22295,Padaria e matinais,Pães e torradas,Pão de Forma Pullman Tradicional Pacote com 480g,Pullman,5.98,5.98,0.0,2025-08-27
38793,Padaria e matinais,Pães e torradas,Pão de Forma Visconti Tradicional Pacote com 400g,Visconti,6.98,6.39,0.0,2025-08-27
17933,Mercearia,Chocolates,Chocolate Nestlé Crunch Unidade com 80g,Nestlé,7.29,7.29,0.0,2025-08-27
44028,Limpeza,Limpeza de casa,Removedor Suprema Tradicional Frasco com 1L,Suprema,8.59,7.79,0.0,2025-08-27
13743,Mercearia,Grãos,Arroz Camil Agulhinha - Tipo 1 Pacote com 5kg,Camil,21.35,20.88,0.0,2025-08-27
13757,Mercearia,Grãos,Arroz Camil Integral Pacote com 1kg,Camil,5.99,5.79,0.0,2025-08-27
9742,Mercearia,Grãos,Feijão Carioca Camil Tipo 1 Pacote com 1kg,Camil,5.8,5.59,0.0,2025-08-27
10394,Limpeza,Limpeza de roupas,Amaciante para Roupas Concentrado Comfort Azul Frasco com 500ml,Comfort,10.8,9.98,0.0,2025-08-27
10340,Limpeza,Limpeza de roupas,Amaciante para Roupas Comfort Lavanda Refil com 900ml,Comfort,16.99,16.99,0.0,2025-08-27
10382,Limpeza,Limpeza de roupas,"Amaciante para Roupas Concentrado Baby Soft Inspiração Fascinante Frasco com 1,5L",Baby Soft,15.9,13.9,0.0,2025-08-27
32659,Higiene e perfumaria,Desodorantes,Desodorante Aerossol Dove Men+Care Frasco com 200ml,Dove,20.9,19.9,0.0,2025-08-27
32569,Higiene e perfumaria,Desodorantes,Desodorante Aerossol Bozzano Fresh Frasco com 150ml,Bozzano,11.45,10.95,0.0,2025-08-27
32932,Higiene e perfumaria,Desodorantes,Desodorante Aerossol Nivea Men Deep carvão Frasco com 150ml,Nivea,14.9,13.5,0.0,2025-08-27
29864,Limpeza,Limpeza de roupas,Tira Manchas em Gel Vanish Refil com 500ml,Vanish,8.9,8.9,0.0,2025-08-27
14304,Mercearia,Salgadinhos e snacks,Salgadinho Batata Pringles Creme e Cebola Tubo com 109g,Pringles,11.39,10.19,0.0,2025-08-27
5054,Frios e congelados,Margarinas e manteigas,Manteiga Aviação Com sal Pote com 200g,Aviação,13.9,12.9,0.0,2025-08-27
5057,Frios e congelados,Margarinas e manteigas,Manteiga Aviação Com sal Pote com 500g,Aviação,31.9,29.9,0.0,2025-08-27
30248,Limpeza,Limpeza de roupas,Lava Roupas Líquido Omo Lavanda Refil com 900ml,Omo,12.9,11.9,0.0,2025-08-27
25621,Higiene e perfumaria,Papel higiênico,Papel Higiênico Personal Vip Folha dupla - 30m Pacote com 24 rolos,Personal,39.77,37.77,0.0,2025-08-27
25610,Higiene e perfumaria,Papel higiênico,Papel Higiênico Personal Vip Folha dupla - 30m Pacote com 12 rolos,Personal,19.89,18.89,0.0,2025-08-27
915,Mercearia,"Cafés, chás e achocolatados",Café 3 Corações Tradicional Pacote com 500g,3 Corações,33.98,32.98,0.0,2025-08-27
924,Mercearia,"Cafés, chás e achocolatados",Café 3 Corações Tradicional - Vácuo Pacote com 500g,3 Corações,33.98,32.98,0.0,2025-08-27
2584,Mercearia,"Cafés, chás e achocolatados",Café Melitta Sabor da Fazenda Vácuo Caixeta com 500g,Melitta,34.78,33.78,0.0,2025-08-27
2588,Mercearia,"Cafés, chás e achocolatados",Café Melitta Tradicional Pouch com 500g,Melitta,33.78,32.78,0.0,2025-08-27
3148,Mercearia,"Cafés, chás e achocolatados",Café Premium 3 Corações Estrada Real Pacote com 500g,3 Corações,39.98,38.98,0.0,2025-08-27
20562,Higiene e perfumaria,Cabelo,Shampoo Clear 2 em 1 Frasco com 400ml,Clear,24.58,23.36,0.0,2025-08-27
20602,Higiene e perfumaria,Cabelo,Shampoo Clear Ice Cool Menthol Frasco com 400ml,Clear,24.58,23.36,0.0,2025-08-27
20745,Higiene e perfumaria,Cabelo,Shampoo Elseve Hidra Hialurônico Frasco com 400ml,Elseve,25.99,23.0,0.0,2025-08-27
33964,Bebidas,Vinhos,Vinho Argentino Trapiche Malbec Garrafa com 750ml,Trapiche,40.9,37.9,0.0,2025-08-27
33807,Bebidas,Vinhos,Vinho Argentino Concha Y Toro Malbec Garrafa com 750ml,Concha Y Toro,29.8,26.8,0.0,2025-08-27
37130,Bebidas,Destilados,Cachaça Salinas Bálsamo Garrafa com 1L,Salinas,54.9,53.9,0.0,2025-08-27
37139,Bebidas,Destilados,Cachaça Salinas Tradicional Garrafa com 600ml,Salinas,42.99,41.99,0.0,2025-08-27
16327,Mercearia,"Azeites, óleos e vinagres",Azeite de Oliva Andorinha Extra Virgem Vidro com 500ml,Andorinha,29.9,28.9,0.0,2025-08-27
16464,Mercearia,"Azeites, óleos e vinagres",Azeite de Oliva Gallo Extra Virgem Vidro com 500ml,Gallo,32.4,30.4,0.0,2025-08-27
39643,Mercearia,"Azeites, óleos e vinagres",Azeite de Oliva Deleyda Extra Virgem Premium Vidro com 500ml,Deleyda,69.9,65.0,0.0,2025-08-27
12638,Mercearia,Temperos e condimentos,Molho de Pimenta Knorr Vermelha Pet com 150ml,Knorr,6.6,6.3,0.0,2025-08-27
26381,Mercearia,Temperos e condimentos,Ketchup Heinz Tradicional Pet com 397g,Heinz,16.49,15.99,0.0,2025-08-27
17035,Mercearia,Temperos e condimentos,Orégano Kitano Sachê com 10g,Kitano,3.99,3.79,0.0,2025-08-27
19822,Bebidas,Destilados,Gin Seagers Garrafa com 1L,Seagers,42.89,40.79,0.0,2025-08-27
5634,Mercearia,Temperos e condimentos,Ajinomoto Refil com 100g,Ajinomoto,7.49,6.59,0.0,2025-08-27
12293,Mercearia,Temperos e condimentos,Molho de Mostarda Heinz Pet com 255g,Heinz,16.99,16.69,0.0,2025-08-27
27280,Mercearia,Confeitaria,Creme de Leite Italac TP com 200g,Italac,2.55,2.55,0.0,2025-08-27
38668,Padaria e matinais,Pães e torradas,Pullman Rap 10 Original Pacote com 297g,Pullman,11.98,11.98,0.0,2025-08-27
5666,Limpeza,Limpeza de cozinha,Esponja Scotch-Brite Pacote com 4 unidades,Scotch-Brite,7.75,6.7,0.0,2025-08-27
5658,Limpeza,Limpeza de cozinha,Esponja Scotch-Brite Não Risca Pacote com 3 unidades,Scotch-Brite,8.69,7.69,0.0,2025-08-27
16022,Mercearia,Bomboniere,Chiclete Mentos Fresh Mint Unidade com 56g,Mentos,10.9,10.5,0.0,2025-08-27
34777,Limpeza,Limpeza de casa,Limpador Perfumado Concentrado Coala Cereja e Avelã Frasco com 120ml,Coala,11.5,10.5,0.0,2025-08-27
38763,Mercearia,Massas e molhos,Molho de Tomate Salsaretti Tradicional Pouch com 300g,Salsaretti,1.99,1.89,0.0,2025-08-29
13480,Mercearia,Massas e molhos,Molho de Tomate Salsaretti Passata Rústica Vidro com 680g,Salsaretti,14.9,14.49,0.0,2025-08-29
13206,Mercearia,Massas e molhos,Molho de Tomate Pomarola Chef Passata Vidro com 700g,Pomarola,18.9,18.6,0.0,2025-08-29
36708,Limpeza,Limpeza de cozinha,Detergente Líquido Ypê Clear Frasco com 500ml,Ypê,2.19,2.09,0.0,2025-08-29
36732,Limpeza,Limpeza de cozinha,Detergente Líquido Ypê Neutro Frasco com 500ml,Ypê,2.19,2.09,0.0,2025-08-29
36410,Limpeza,Limpeza de cozinha,Detergente Líquido Limpol Neutro Frasco com 500ml,Limpol,2.35,2.25,0.0,2025-08-29
28319,Higiene e perfumaria,Higiene bucal,Creme Dental Colgate Máxima Proteção Anticáries Tubo com 90g,Colgate,4.49,4.14,0.0,2025-08-29
28697,Higiene e perfumaria,Higiene bucal,Creme Dental Oral-B 1-2-3 Tubo com 70g,Oral-B,2.9,2.9,0.0,2025-08-29
28585,Higiene e perfumaria,Higiene bucal,Creme Dental Colgate Tripla Ação Menta Original Tubo com 90g,Colgate,5.19,4.79,0.0,2025-08-29
12460,Bebidas,Cervejas,Cerveja Heineken Lata com 269ml,Heineken,4.59,4.29,0.0,2025-08-29
13164,Bebidas,Cervejas,Cerveja Puro Malte Spaten Lata com 269ml,Spaten,2.69,2.69,0.0,2025-08-29
13362,Bebidas,Cervejas,Cerveja Stella Artois Long neck com 330ml,Stella Artois,5.99,5.89,0.0,2025-08-29
13351,Bebidas,Cervejas,Cerveja Spaten Puro Malte Lata com 350ml,Spaten,4.49,4.39,0.0,2025-08-29
12490,Bebidas,Cervejas,Cerveja Heineken Zero Lata com 269ml,Heineken,4.59,4.29,0.0,2025-08-29
12498,Bebidas,Cervejas,Cerveja Heineken Zero Long neck com 330ml,Heineken,6.99,6.59,0.0,2025-08-29
12385,Bebidas,Cervejas,Cerveja Estrella Galicia Lata com 269ml,Estrella Galicia,3.99,3.79,0.0,2025-08-29
12389,Bebidas,Cervejas,Cerveja Estrella Galicia Lata com 350ml,Estrella Galicia,4.99,4.89,0.0,2025-08-29
1187,Mercearia,Massas e molhos,Macarrão com Ovos Dona Benta Espaguete Pacote com 500g,Dona Benta,2.99,2.99,0.0,2025-08-29
1061,Mercearia,Massas e molhos,Macarrão com Ovos Adria Espaguete Pacote com 500g,Adria,2.98,2.98,0.0,2025-08-29
1203,Mercearia,Massas e molhos,Macarrão com Ovos Dona Benta Penne Pacote com 500g,Dona Benta,2.99,2.99,0.0,2025-08-29
1090,Mercearia,Massas e molhos,Macarrão com Ovos Adria Pena Pacote com 500g,Adria,2.98,2.98,0.0,2025-08-29
1065,Mercearia,Massas e molhos,Macarrão com Ovos Adria Espaguetinho Nº9 Pacote com 500g,Adria,2.98,2.98,0.0,2025-08-29
1433,Mercearia,Massas e molhos,Macarrão com Ovos Renata Espaguete Pacote com 500g,Renata,3.79,3.49,0.0,2025-08-29
1442,Mercearia,Massas e molhos,Macarrão com Ovos Renata Pena Pacote com 500g,Renata,3.79,3.49,0.0,2025-08-29
13073,Mercearia,"Cafés, chás e achocolatados",Filtro de Papel para Café Melitta Nº 103 Caixeta com 30 unidades,Melitta,3.69,3.69,0.0,2025-08-29
39240,Mercearia,Grãos,Milho para Pipoca Yoki Pacote com 400g,Yoki,3.99,3.99,0.0,2025-08-29
39238,Mercearia,Grãos,Milho para Pipoca Yoki Premium Pacote com 400g,Yoki,5.49,5.49,0.0,2025-08-29
38161,Limpeza,Limpeza de banheiro,Desinfetante Pinho Bril Plus Frasco com 500ml,Pinho Bril,4.99,4.99,0.0,2025-08-29
31494,Limpeza,Limpeza de banheiro,Desinfetante Lysoform Suave Frasco com 1L,Lysoform,15.4,14.4,0.0,2025-08-29
32839,Padaria e matinais,Leites,Leite Longa Vida Piracanjuba Com tampa Integral TP com 1L,Piracanjuba,5.35,5.15,0.0,2025-08-29
32447,Padaria e matinais,Leites,Leite Longa Vida Jussara Com tampa Integral TP com 1L,Jussara,5.15,4.95,0.0,2025-08-29
30600,Mercearia,Confeitaria,Leite Condensado Moça Integral Lata com 395g,Moça,9.89,8.88,0.0,2025-08-29
32452,Padaria e matinais,Leites,Leite Longa Vida Jussara Com tampa Semidesnatado TP com 1L,Jussara,5.15,4.95,0.0,2025-08-29
32828,Padaria e matinais,Leites,Leite Longa Vida Piracanjuba A2 Semidesnatado TP com 1L,Piracanjuba,7.49,6.99,0.0,2025-08-29
3984,Bebidas,Refrigerantes,Refrigerante Coca-Cola Sem açúcar Pet com 1L,Coca-Cola,6.19,5.99,0.0,2025-08-29
38145,Bebidas,Refrigerantes,Refrigerante Coca-Cola Sem açúcar Pet com 600ml,Coca-Cola,3.67,3.67,0.0,2025-08-29
64,Mercearia,Massas e molhos,Queijo Ralado Parmesão Président Pacote com 50g,Président,5.69,5.39,0.0,2025-08-29
36611,Mercearia,Massas e molhos,Queijo Parmesão Ralado Vigor Sachê com 50g,Vigor,6.29,5.99,0.0,2025-08-29
5350,Limpeza,Limpeza de banheiro,Água Sanitária Super Candida Frasco com 2L,Super Candida,6.28,5.88,0.0,2025-08-29
38793,Padaria e matinais,Pães e torradas,Pão de Forma Visconti Tradicional Pacote com 400g,Visconti,6.98,6.39,0.0,2025-08-29
17933,Mercearia,Chocolates,Chocolate Nestlé Crunch Unidade com 80g,Nestlé,6.99,6.99,0.0,2025-08-29
44028,Limpeza,Limpeza de casa,Removedor Suprema Tradicional Frasco com 1L,Suprema,7.29,7.29,0.0,2025-08-29
13743,Mercearia,Grãos,Arroz Camil Agulhinha - Tipo 1 Pacote com 5kg,Camil,21.35,20.88,0.0,2025-08-29
13757,Mercearia,Grãos,Arroz Camil Integral Pacote com 1kg,Camil,5.99,5.79,0.0,2025-08-29
9742,Mercearia,Grãos,Feijão Carioca Camil Tipo 1 Pacote com 1kg,Camil,4.98,4.98,0.0,2025-08-29
10394,Limpeza,Limpeza de roupas,Amaciante para Roupas Concentrado Comfort Azul Frasco com 500ml,Comfort,9.9,8.9,0.0,2025-08-29
10340,Limpeza,Limpeza de roupas,Amaciante para Roupas Comfort Lavanda Refil com 900ml,Comfort,15.9,14.9,0.0,2025-08-29
10382,Limpeza,Limpeza de roupas,"Amaciante para Roupas Concentrado Baby Soft Inspiração Fascinante Frasco com 1,5L",Baby Soft,15.9,13.9,0.0,2025-08-29
32659,Higiene e perfumaria,Desodorantes,Desodorante Aerossol Dove Men+Care Frasco com 200ml,Dove,18.9,18.9,0.0,2025-08-29
32569,Higiene e perfumaria,Desodorantes,Desodorante Aerossol Bozzano Fresh Frasco com 150ml,Bozzano,11.45,10.95,0.0,2025-08-29
32932,Higiene e perfumaria,Desodorantes,Desodorante Aerossol Nivea Men Deep carvão Frasco com 150ml,Nivea,14.9,13.5,0.0,2025-08-29
29864,Limpeza,Limpeza de roupas,Tira Manchas em Gel Vanish Refil com 500ml,Vanish,8.9,8.9,0.0,2025-08-29
14304,Mercearia,Salgadinhos e snacks,Salgadinho Batata Pringles Creme e Cebola Tubo com 109g,Pringles,11.39,10.19,0.0,2025-08-29
5054,Frios e congelados,Margarinas e manteigas,Manteiga Aviação Com sal Pote com 200g,Aviação,13.9,12.9,0.0,2025-08-29
5057,Frios e congelados,Margarinas e manteigas,Manteiga Aviação Com sal Pote com 500g,Aviação,31.9,29.9,0.0,2025-08-29
30248,Limpeza,Limpeza de roupas,Lava Roupas Líquido Omo Lavanda Refil com 900ml,Omo,12.99,12.99,0.0,2025-08-29
25621,Higiene e perfumaria,Papel higiênico,Papel Higiênico Personal Vip Folha dupla - 30m Pacote com 24 rolos,Personal,39.76,37.77,0.0,2025-08-29
25610,Higiene e perfumaria,Papel higiênico,Papel Higiênico Personal Vip Folha dupla - 30m Pacote com 12 rolos,Personal,19.89,18.89,0.0,2025-08-29
915,Mercearia,"Cafés, chás e achocolatados",Café 3 Corações Tradicional Pacote com 500g,3 Corações,33.98,32.98,0.0,2025-08-29
924,Mercearia,"Cafés, chás e achocolatados",Café 3 Corações Tradicional - Vácuo Pacote com 500g,3 Corações,33.98,32.98,0.0,2025-08-29
2584,Mercearia,"Cafés, chás e achocolatados",Café Melitta Sabor da Fazenda Vácuo Caixeta com 500g,Melitta,32.98,32.98,0.0,2025-08-29
2588,Mercearia,"Cafés, chás e achocolatados",Café Melitta Tradicional Pouch com 500g,Melitta,28.98,28.98,0.0,2025-08-29
3148,Mercearia,"Cafés, chás e achocolatados",Café Premium 3 Corações Estrada Real Pacote com 500g,3 Corações,39.98,38.98,0.0,2025-08-29
20562,Higiene e perfumaria,Cabelo,Shampoo Clear 2 em 1 Frasco com 400ml,Clear,24.58,23.36,0.0,2025-08-29
20602,Higiene e perfumaria,Cabelo,Shampoo Clear Ice Cool Menthol Frasco com 400ml,Clear,24.58,23.36,0.0,2025-08-29
20745,Higiene e perfumaria,Cabelo,Shampoo Elseve Hidra Hialurônico Frasco com 400ml,Elseve,27.99,25.99,0.0,2025-08-29
33964,Bebidas,Vinhos,Vinho Argentino Trapiche Malbec Garrafa com 750ml,Trapiche,40.9,37.9,0.0,2025-08-29
33807,Bebidas,Vinhos,Vinho Argentino Concha Y Toro Malbec Garrafa com 750ml,Concha Y Toro,25.8,25.8,0.0,2025-08-29
37130,Bebidas,Destilados,Cachaça Salinas Bálsamo Garrafa com 1L,Salinas,54.9,53.9,0.0,2025-08-29
37139,Bebidas,Destilados,Cachaça Salinas Tradicional Garrafa com 600ml,Salinas,42.99,41.99,0.0,2025-08-29
16327,Mercearia,"Azeites, óleos e vinagres",Azeite de Oliva Andorinha Extra Virgem Vidro com 500ml,Andorinha,27.29,27.29,0.0,2025-08-29
16464,Mercearia,"Azeites, óleos e vinagres",Azeite de Oliva Gallo Extra Virgem Vidro com 500ml,Gallo,32.4,30.4,0.0,2025-08-29
39643,Mercearia,"Azeites, óleos e vinagres",Azeite de Oliva Deleyda Extra Virgem Premium Vidro com 500ml,Deleyda,69.9,65.0,0.0,2025-08-29
12638,Mercearia,Temperos e condimentos,Molho de Pimenta Knorr Vermelha Pet com 150ml,Knorr,6.6,6.3,0.0,2025-08-29
26381,Mercearia,Temperos e condimentos,Ketchup Heinz Tradicional Pet com 397g,Heinz,10.99,10.99,0.0,2025-08-29
17035,Mercearia,Temperos e condimentos,Orégano Kitano Sachê com 10g,Kitano,3.99,3.79,0.0,2025-08-29
19822,Bebidas,Destilados,Gin Seagers Garrafa com 1L,Seagers,42.89,40.79,0.0,2025-08-29
5634,Mercearia,Temperos e condimentos,Ajinomoto Refil com 100g,Ajinomoto,7.49,6.59,0.0,2025-08-29
12293,Mercearia,Temperos e condimentos,Molho de Mostarda Heinz Pet com 255g,Heinz,16.99,16.69,0.0,2025-08-29
27280,Mercearia,Confeitaria,Creme de Leite Italac TP com 200g,Italac,3.35,3.05,0.0,2025-08-29
38668,Padaria e matinais,Pães e torradas,Pullman Rap 10 Original Pacote com 297g,Pullman,11.98,11.98,0.0,2025-08-29
5666,Limpeza,Limpeza de cozinha,Esponja Scotch-Brite Pacote com 4 unidades,Scotch-Brite,7.75,6.7,0.0,2025-08-29
5658,Limpeza,Limpeza de cozinha,Esponja Scotch-Brite Não Risca Pacote com 3 unidades,Scotch-Brite,8.69,7.69,0.0,2025-08-29
16022,Mercearia,Bomboniere,Chiclete Mentos Fresh Mint Unidade com 56g,Mentos,10.9,10.9,0.0,2025-08-29
34777,Limpeza,Limpeza de casa,Limpador Perfumado Concentrado Coala Cereja e Avelã Frasco com 120ml,Coala,11.5,10.5,0.0,2025-08-29
38763,Mercearia,Massas e molhos,Molho de Tomate Salsaretti Tradicional Pouch com 300g,Salsaretti,1.85,1.75,0.0,2025-09-05
13480,Mercearia,Massas e molhos,Molho de Tomate Salsaretti Passata Rústica Vidro com 680g,Salsaretti,14.9,14.49,0.0,2025-09-05
13206,Mercearia,Massas e molhos,Molho de Tomate Pomarola Chef Passata Vidro com 700g,Pomarola,18.9,18.6,0.0,2025-09-05
36708,Limpeza,Limpeza de cozinha,Detergente Líquido Ypê Clear Frasco com 500ml,Ypê,1.99,1.99,0.0,2025-09-05
36732,Limpeza,Limpeza de cozinha,Detergente Líquido Ypê Neutro Frasco com 500ml,Ypê,1.99,1.99,0.0,2025-09-05
36410,Limpeza,Limpeza de cozinha,Detergente Líquido Limpol Neutro Frasco com 500ml,Limpol,2.35,2.25,0.0,2025-09-05
28319,Higiene e perfumaria,Higiene bucal,Creme Dental Colgate Máxima Proteção Anticáries Tubo com 90g,Colgate,4.49,4.14,0.0,2025-09-05
28697,Higiene e perfumaria,Higiene bucal,Creme Dental Oral-B 1-2-3 Tubo com 70g,Oral-B,2.9,2.9,0.0,2025-09-05
28585,Higiene e perfumaria,Higiene bucal,Creme Dental Colgate Tripla Ação Menta Original Tubo com 90g,Colgate,5.19,4.79,0.0,2025-09-05
12460,Bebidas,Cervejas,Cerveja Heineken Lata com 269ml,Heineken,4.59,4.19,0.0,2025-09-05
13164,Bebidas,Cervejas,Cerveja Puro Malte Spaten Lata com 269ml,Spaten,3.29,3.29,0.0,2025-09-05
13362,Bebidas,Cervejas,Cerveja Stella Artois Long neck com 330ml,Stella Artois,5.99,5.89,0.0,2025-09-05
12490,Bebidas,Cervejas,Cerveja Heineken Zero Lata com 269ml,Heineken,4.59,4.19,0.0,2025-09-05
13351,Bebidas,Cervejas,Cerveja Spaten Puro Malte Lata com 350ml,Spaten,4.49,4.39,0.0,2025-09-05
12498,Bebidas,Cervejas,Cerveja Heineken Zero Long neck com 330ml,Heineken,6.99,6.59,0.0,2025-09-05
12385,Bebidas,Cervejas,Cerveja Estrella Galicia Lata com 269ml,Estrella Galicia,3.99,3.79,0.0,2025-09-05
12389,Bebidas,Cervejas,Cerveja Estrella Galicia Lata com 350ml,Estrella Galicia,4.99,4.89,0.0,2025-09-05
1187,Mercearia,Massas e molhos,Macarrão com Ovos Dona Benta Espaguete Pacote com 500g,Dona Benta,3.69,3.39,0.0,2025-09-05
1061,Mercearia,Massas e molhos,Macarrão com Ovos Adria Espaguete Pacote com 500g,Adria,2.99,2.99,0.0,2025-09-05
1203,Mercearia,Massas e molhos,Macarrão com Ovos Dona Benta Penne Pacote com 500g,Dona Benta,3.69,3.39,0.0,2025-09-05
1090,Mercearia,Massas e molhos,Macarrão com Ovos Adria Pena Pacote com 500g,Adria,2.99,2.99,0.0,2025-09-05
1065,Mercearia,Massas e molhos,Macarrão com Ovos Adria Espaguetinho Nº9 Pacote com 500g,Adria,2.99,2.99,0.0,2025-09-05
1433,Mercearia,Massas e molhos,Macarrão com Ovos Renata Espaguete Pacote com 500g,Renata,3.79,3.49,0.0,2025-09-05
1442,Mercearia,Massas e molhos,Macarrão com Ovos Renata Pena Pacote com 500g,Renata,3.79,3.49,0.0,2025-09-05
13073,Mercearia,"Cafés, chás e achocolatados",Filtro de Papel para Café Melitta Nº 103 Caixeta com 30 unidades,Melitta,4.19,3.89,0.0,2025-09-05
39240,Mercearia,Grãos,Milho para Pipoca Yoki Pacote com 400g,Yoki,3.99,3.99,0.0,2025-09-05
39238,Mercearia,Grãos,Milho para Pipoca Yoki Premium Pacote com 400g,Yoki,5.99,5.99,0.0,2025-09-05
38161,Limpeza,Limpeza de banheiro,Desinfetante Pinho Bril Plus Frasco com 500ml,Pinho Bril,4.99,4.99,0.0,2025-09-05
31494,Limpeza,Limpeza de banheiro,Desinfetante Lysoform Suave Frasco com 1L,Lysoform,11.99,11.99,0.0,2025-09-05
32839,Padaria e matinais,Leites,Leite Longa Vida Piracanjuba Com tampa Integral TP com 1L,Piracanjuba,5.29,4.99,0.0,2025-09-05
32447,Padaria e matinais,Leites,Leite Longa Vida Jussara Com tampa Integral TP com 1L,Jussara,5.15,4.95,0.0,2025-09-05
30600,Mercearia,Confeitaria,Leite Condensado Moça Integral Lata com 395g,Moça,7.78,7.78,0.0,2025-09-05
32452,Padaria e matinais,Leites,Leite Longa Vida Jussara Com tampa Semidesnatado TP com 1L,Jussara,5.15,4.95,0.0,2025-09-05
32828,Padaria e matinais,Leites,Leite Longa Vida Piracanjuba A2 Semidesnatado TP com 1L,Piracanjuba,7.49,6.99,0.0,2025-09-05
3984,Bebidas,Refrigerantes,Refrigerante Coca-Cola Sem açúcar Pet com 1L,Coca-Cola,6.19,5.99,0.0,2025-09-05
64,Mercearia,Massas e molhos,Queijo Ralado Parmesão Président Pacote com 50g,Président,5.69,5.39,0.0,2025-09-05
36611,Mercearia,Massas e molhos,Queijo Parmesão Ralado Vigor Sachê com 50g,Vigor,6.29,5.99,0.0,2025-09-05
5350,Limpeza,Limpeza de banheiro,Água Sanitária Super Candida Frasco com 2L,Super Candida,6.29,5.49,0.0,2025-09-05
22295,Padaria e matinais,Pães e torradas,Pão de Forma Pullman Tradicional Pacote com 480g,Pullman,5.98,5.98,0.0,2025-09-05
17933,Mercearia,Chocolates,Chocolate Nestlé Crunch Unidade com 80g,Nestlé,8.49,7.99,0.0,2025-09-05
44028,Limpeza,Limpeza de casa,Removedor Suprema Tradicional Frasco com 1L,Suprema,8.59,7.79,0.0,2025-09-05
13743,Mercearia,Grãos,Arroz Camil Agulhinha - Tipo 1 Pacote com 5kg,Camil,21.35,20.88,0.0,2025-09-05
13757,Mercearia,Grãos,Arroz Camil Integral Pacote com 1kg,Camil,5.99,5.79,0.0,2025-09-05
9742,Mercearia,Grãos,Feijão Carioca Camil Tipo 1 Pacote com 1kg,Camil,5.85,5.59,0.0,2025-09-05
10394,Limpeza,Limpeza de roupas,Amaciante para Roupas Concentrado Comfort Azul Frasco com 500ml,Comfort,9.9,8.9,0.0,2025-09-05
10340,Limpeza,Limpeza de roupas,Amaciante para Roupas Comfort Lavanda Refil com 900ml,Comfort,15.9,14.9,0.0,2025-09-05
10382,Limpeza,Limpeza de roupas,"Amaciante para Roupas Concentrado Baby Soft Inspiração Fascinante Frasco com 1,5L",Baby Soft,15.9,13.9,0.0,2025-09-05
32659,Higiene e perfumaria,Desodorantes,Desodorante Aerossol Dove Men+Care Frasco com 200ml,Dove,20.9,18.9,0.0,2025-09-05
32569,Higiene e perfumaria,Desodorantes,Desodorante Aerossol Bozzano Fresh Frasco com 150ml,Bozzano,7.99,7.99,0.0,2025-09-05
32932,Higiene e perfumaria,Desodorantes,Desodorante Aerossol Nivea Men Deep carvão Frasco com 150ml,Nivea,14.9,13.5,0.0,2025-09-05
29864,Limpeza,Limpeza de roupas,Tira Manchas em Gel Vanish Refil com 500ml,Vanish,8.9,8.9,0.0,2025-09-05
14304,Mercearia,Salgadinhos e snacks,Salgadinho Batata Pringles Creme e Cebola Tubo com 109g,Pringles,11.39,9.9,0.0,2025-09-05
5054,Frios e congelados,Margarinas e manteigas,Manteiga Aviação Com sal Pote com 200g,Aviação,13.9,12.9,0.0,2025-09-05
5057,Frios e congelados,Margarinas e manteigas,Manteiga Aviação Com sal Pote com 500g,Aviação,31.9,29.9,0.0,2025-09-05
30248,Limpeza,Limpeza de roupas,Lava Roupas Líquido Omo Lavanda Refil com 900ml,Omo,12.99,12.99,0.0,2025-09-05
25621,Higiene e perfumaria,Papel higiênico,Papel Higiênico Personal Vip Folha dupla - 30m Pacote com 24 rolos,Personal,32.78,32.78,0.0,2025-09-05
25610,Higiene e perfumaria,Papel higiênico,Papel Higiênico Personal Vip Folha dupla - 30m Pacote com 12 rolos,Personal,16.39,16.39,0.0,2025-09-05
11516,Higiene e perfumaria,Sabonetes,Sabonete Líquido Protex Nutri protect Refil com 500ml,Protex,20.5,19.9,0.0,2025-09-05
915,Mercearia,"Cafés, chás e achocolatados",Café 3 Corações Tradicional Pacote com 500g,3 Corações,27.98,27.98,0.0,2025-09-05
924,Mercearia,"Cafés, chás e achocolatados",Café 3 Corações Tradicional - Vácuo Pacote com 500g,3 Corações,27.98,27.98,0.0,2025-09-05
2584,Mercearia,"Cafés, chás e achocolatados",Café Melitta Sabor da Fazenda Vácuo Caixeta com 500g,Melitta,34.78,33.78,0.0,2025-09-05
2588,Mercearia,"Cafés, chás e achocolatados",Café Melitta Tradicional Pouch com 500g,Melitta,33.78,32.78,0.0,2025-09-05
3148,Mercearia,"Cafés, chás e achocolatados",Café Premium 3 Corações Estrada Real Pacote com 500g,3 Corações,39.98,38.98,0.0,2025-09-05
20562,Higiene e perfumaria,Cabelo,Shampoo Clear 2 em 1 Frasco com 400ml,Clear,26.19,24.6,0.0,2025-09-05
20602,Higiene e perfumaria,Cabelo,Shampoo Clear Ice Cool Menthol Frasco com 400ml,Clear,26.19,24.6,0.0,2025-09-05
20745,Higiene e perfumaria,Cabelo,Shampoo Elseve Hidra Hialurônico Frasco com 400ml,Elseve,19.9,19.9,0.0,2025-09-05
33964,Bebidas,Vinhos,Vinho Argentino Trapiche Malbec Garrafa com 750ml,Trapiche,40.9,37.9,0.0,2025-09-05
33807,Bebidas,Vinhos,Vinho Argentino Concha Y Toro Malbec Garrafa com 750ml,Concha Y Toro,32.9,27.9,0.0,2025-09-05
37130,Bebidas,Destilados,Cachaça Salinas Bálsamo Garrafa com 1L,Salinas,54.9,53.9,0.0,2025-09-05
37139,Bebidas,Destilados,Cachaça Salinas Tradicional Garrafa com 600ml,Salinas,42.99,41.99,0.0,2025-09-05
16327,Mercearia,"Azeites, óleos e vinagres",Azeite de Oliva Andorinha Extra Virgem Vidro com 500ml,Andorinha,29.4,27.4,0.0,2025-09-05
16464,Mercearia,"Azeites, óleos e vinagres",Azeite de Oliva Gallo Extra Virgem Vidro com 500ml,Gallo,28.49,28.49,0.0,2025-09-05
39643,Mercearia,"Azeites, óleos e vinagres",Azeite de Oliva Deleyda Extra Virgem Premium Vidro com 500ml,Deleyda,69.9,65.0,0.0,2025-09-05
12638,Mercearia,Temperos e condimentos,Molho de Pimenta Knorr Vermelha Pet com 150ml,Knorr,6.6,6.3,0.0,2025-09-05
26381,Mercearia,Temperos e condimentos,Ketchup Heinz Tradicional Pet com 397g,Heinz,15.49,14.99,0.0,2025-09-05
17035,Mercearia,Temperos e condimentos,Orégano Kitano Sachê com 10g,Kitano,3.99,3.79,0.0,2025-09-05
19822,Bebidas,Destilados,Gin Seagers Garrafa com 1L,Seagers,42.89,40.79,0.0,2025-09-05
5634,Mercearia,Temperos e condimentos,Ajinomoto Refil com 100g,Ajinomoto,7.49,6.59,0.0,2025-09-05
12293,Mercearia,Temperos e condimentos,Molho de Mostarda Heinz Pet com 255g,Heinz,16.99,16.69,0.0,2025-09-05
27280,Mercearia,Confeitaria,Creme de Leite Italac TP com 200g,Italac,3.19,2.95,0.0,2025-09-05
38668,Padaria e matinais,Pães e torradas,Pullman Rap 10 Original Pacote com 297g,Pullman,11.98,11.98,0.0,2025-09-05
5666,Limpeza,Limpeza de cozinha,Esponja Scotch-Brite Pacote com 4 unidades,Scotch-Brite,5.99,5.99,0.0,2025-09-05
5658,Limpeza,Limpeza de cozinha,Esponja Scotch-Brite Não Risca Pacote com 3 unidades,Scotch-Brite,6.98,6.98,0.0,2025-09-05
16022,Mercearia,Bomboniere,Chiclete Mentos Fresh Mint Unidade com 56g,Mentos,10.9,10.9,0.0,2025-09-05
34777,Limpeza,Limpeza de casa,Limpador Perfumado Concentrado Coala Cereja e Avelã Frasco com 120ml,Coala,9.9,9.9,0.0,2025-09-05
38763,Mercearia,Massas e molhos,Molho de Tomate Salsaretti Tradicional Pouch com 300g,Salsaretti,1.85,1.75,0.0,2025-09-12
13480,Mercearia,Massas e molhos,Molho de Tomate Salsaretti Passata Rústica Vidro com 680g,Salsaretti,14.9,14.49,0.0,2025-09-12
13206,Mercearia,Massas e molhos,Molho de Tomate Pomarola Chef Passata Vidro com 700g,Pomarola,18.9,18.6,0.0,2025-09-12
36708,Limpeza,Limpeza de cozinha,Detergente Líquido Ypê Clear Frasco com 500ml,Ypê,2.35,2.25,0.0,2025-09-12
36410,Limpeza,Limpeza de cozinha,Detergente Líquido Limpol Neutro Frasco com 500ml,Limpol,2.3,2.25,0.0,2025-09-12
28697,Higiene e perfumaria,Higiene bucal,Creme Dental Oral-B 1-2-3 Tubo com 70g,Oral-B,2.9,2.9,0.0,2025-09-12
28319,Higiene e perfumaria,Higiene bucal,Creme Dental Colgate Máxima Proteção Anticáries Tubo com 90g,Colgate,4.49,4.14,0.0,2025-09-12
28585,Higiene e perfumaria,Higiene bucal,Creme Dental Colgate Tripla Ação Menta Original Tubo com 90g,Colgate,5.2,4.8,0.0,2025-09-12
12460,Bebidas,Cervejas,Cerveja Heineken Lata com 269ml,Heineken,4.59,4.19,0.0,2025-09-12
13164,Bebidas,Cervejas,Cerveja Puro Malte Spaten Lata com 269ml,Spaten,2.99,2.99,0.0,2025-09-12
13362,Bebidas,Cervejas,Cerveja Stella Artois Long neck com 330ml,Stella Artois,4.97,4.97,0.0,2025-09-12
12490,Bebidas,Cervejas,Cerveja Heineken Zero Lata com 269ml,Heineken,4.59,4.19,0.0,2025-09-12
13351,Bebidas,Cervejas,Cerveja Spaten Puro Malte Lata com 350ml,Spaten,4.49,4.39,0.0,2025-09-12
12498,Bebidas,Cervejas,Cerveja Heineken Zero Long neck com 330ml,Heineken,6.99,6.59,0.0,2025-09-12
12385,Bebidas,Cervejas,Cerveja Estrella Galicia Lata com 269ml,Estrella Galicia,3.59,3.59,0.0,2025-09-12
12389,Bebidas,Cervejas,Cerveja Estrella Galicia Lata com 350ml,Estrella Galicia,4.69,4.69,0.0,2025-09-12
1187,Mercearia,Massas e molhos,Macarrão com Ovos Dona Benta Espaguete Pacote com 500g,Dona Benta,3.59,3.39,0.0,2025-09-12
1061,Mercearia,Massas e molhos,Macarrão com Ovos Adria Espaguete Pacote com 500g,Adria,3.59,3.29,0.0,2025-09-12
1203,Mercearia,Massas e molhos,Macarrão com Ovos Dona Benta Penne Pacote com 500g,Dona Benta,3.59,3.39,0.0,2025-09-12
1090,Mercearia,Massas e molhos,Macarrão com Ovos Adria Pena Pacote com 500g,Adria,3.59,3.29,0.0,2025-09-12
1065,Mercearia,Massas e molhos,Macarrão com Ovos Adria Espaguetinho Nº9 Pacote com 500g,Adria,3.59,3.29,0.0,2025-09-12
1433,Mercearia,Massas e molhos,Macarrão com Ovos Renata Espaguete Pacote com 500g,Renata,3.79,3.49,0.0,2025-09-12
1442,Mercearia,Massas e molhos,Macarrão com Ovos Renata Pena Pacote com 500g,Renata,3.79,3.49,0.0,2025-09-12
13073,Mercearia,"Cafés, chás e achocolatados",Filtro de Papel para Café Melitta Nº 103 Caixeta com 30 unidades,Melitta,3.39,3.39,0.0,2025-09-12
39240,Mercearia,Grãos,Milho para Pipoca Yoki Pacote com 400g,Yoki,3.99,3.99,0.0,2025-09-12
39238,Mercearia,Grãos,Milho para Pipoca Yoki Premium Pacote com 400g,Yoki,8.99,8.69,0.0,2025-09-12
38161,Limpeza,Limpeza de banheiro,Desinfetante Pinho Bril Plus Frasco com 500ml,Pinho Bril,4.87,4.87,0.0,2025-09-12
31494,Limpeza,Limpeza de banheiro,Desinfetante Lysoform Suave Frasco com 1L,Lysoform,15.4,14.4,0.0,2025-09-12
32839,Padaria e matinais,Leites,Leite Longa Vida Piracanjuba Com tampa Integral TP com 1L,Piracanjuba,5.29,4.99,0.0,2025-09-12
32447,Padaria e matinais,Leites,Leite Longa Vida Jussara Com tampa Integral TP com 1L,Jussara,5.15,4.95,0.0,2025-09-12
30600,Mercearia,Confeitaria,Leite Condensado Moça Integral Lata com 395g,Moça,9.89,8.88,0.0,2025-09-12
32452,Padaria e matinais,Leites,Leite Longa Vida Jussara Com tampa Semidesnatado TP com 1L,Jussara,5.15,4.95,0.0,2025-09-12
32828,Padaria e matinais,Leites,Leite Longa Vida Piracanjuba A2 Semidesnatado TP com 1L,Piracanjuba,7.49,6.99,0.0,2025-09-12
3984,Bebidas,Refrigerantes,Refrigerante Coca-Cola Sem açúcar Pet com 1L,Coca-Cola,5.89,5.89,0.0,2025-09-12
64,Mercearia,Massas e molhos,Queijo Ralado Parmesão Président Pacote com 50g,Président,5.69,5.39,0.0,2025-09-12
36611,Mercearia,Massas e molhos,Queijo Parmesão Ralado Vigor Sachê com 50g,Vigor,6.29,5.99,0.0,2025-09-12
5350,Limpeza,Limpeza de banheiro,Água Sanitária Super Candida Frasco com 2L,Super Candida,6.29,5.49,0.0,2025-09-12
22295,Padaria e matinais,Pães e torradas,Pão de Forma Pullman Tradicional Pacote com 480g,Pullman,6.98,6.98,0.0,2025-09-12
17933,Mercearia,Chocolates,Chocolate Nestlé Crunch Unidade com 80g,Nestlé,6.99,6.99,0.0,2025-09-12
44028,Limpeza,Limpeza de casa,Removedor Suprema Tradicional Frasco com 1L,Suprema,6.89,6.89,0.0,2025-09-12
9742,Mercearia,Grãos,Feijão Carioca Camil Tipo 1 Pacote com 1kg,Camil,5.85,5.59,0.0,2025-09-12
10394,Limpeza,Limpeza de roupas,Amaciante para Roupas Concentrado Comfort Azul Frasco com 500ml,Comfort,9.9,8.9,0.0,2025-09-12
10340,Limpeza,Limpeza de roupas,Amaciante para Roupas Comfort Lavanda Refil com 900ml,Comfort,15.9,14.9,0.0,2025-09-12
10382,Limpeza,Limpeza de roupas,"Amaciante para Roupas Concentrado Baby Soft Inspiração Fascinante Frasco com 1,5L",Baby Soft,15.5,13.9,0.0,2025-09-12
32659,Higiene e perfumaria,Desodorantes,Desodorante Aerossol Dove Men+Care Frasco com 200ml,Dove,20.9,18.9,0.0,2025-09-12
32569,Higiene e perfumaria,Desodorantes,Desodorante Aerossol Bozzano Fresh Frasco com 150ml,Bozzano,10.99,10.29,0.0,2025-09-12
32932,Higiene e perfumaria,Desodorantes,Desodorante Aerossol Nivea Men Deep carvão Frasco com 150ml,Nivea,14.9,13.5,0.0,2025-09-12
29864,Limpeza,Limpeza de roupas,Tira Manchas em Gel Vanish Refil com 500ml,Vanish,12.5,11.5,0.0,2025-09-12
14304,Mercearia,Salgadinhos e snacks,Salgadinho Batata Pringles Creme e Cebola Tubo com 109g,Pringles,12.3,10.89,0.0,2025-09-12
5054,Frios e congelados,Margarinas e manteigas,Manteiga Aviação Com sal Pote com 200g,Aviação,13.9,12.9,0.0,2025-09-12
5057,Frios e congelados,Margarinas e manteigas,Manteiga Aviação Com sal Pote com 500g,Aviação,31.9,29.9,0.0,2025-09-12
30248,Limpeza,Limpeza de roupas,Lava Roupas Líquido Omo Lavanda Refil com 900ml,Omo,12.99,12.99,0.0,2025-09-12
25621,Higiene e perfumaria,Papel higiênico,Papel Higiênico Personal Vip Folha dupla - 30m Pacote com 24 rolos,Personal,39.77,37.78,0.0,2025-09-12
25610,Higiene e perfumaria,Papel higiênico,Papel Higiênico Personal Vip Folha dupla - 30m Pacote com 12 rolos,Personal,19.89,18.89,0.0,2025-09-12
915,Mercearia,"Cafés, chás e achocolatados",Café 3 Corações Tradicional Pacote com 500g,3 Corações,33.98,32.98,0.0,2025-09-12
924,Mercearia,"Cafés, chás e achocolatados",Café 3 Corações Tradicional - Vácuo Pacote com 500g,3 Corações,33.98,32.98,0.0,2025-09-12
2584,Mercearia,"Cafés, chás e achocolatados",Café Melitta Sabor da Fazenda Vácuo Caixeta com 500g,Melitta,34.78,33.78,0.0,2025-09-12
2588,Mercearia,"Cafés, chás e achocolatados",Café Melitta Tradicional Pouch com 500g,Melitta,33.78,32.78,0.0,2025-09-12
3148,Mercearia,"Cafés, chás e achocolatados",Café Premium 3 Corações Estrada Real Pacote com 500g,3 Corações,39.98,38.98,0.0,2025-09-12
20562,Higiene e perfumaria,Cabelo,Shampoo Clear 2 em 1 Frasco com 400ml,Clear,26.19,24.6,0.0,2025-09-12
20602,Higiene e perfumaria,Cabelo,Shampoo Clear Ice Cool Menthol Frasco com 400ml,Clear,26.19,24.6,0.0,2025-09-12
20745,Higiene e perfumaria,Cabelo,Shampoo Elseve Hidra Hialurônico Frasco com 400ml,Elseve,27.9,26.9,0.0,2025-09-12
33964,Bebidas,Vinhos,Vinho Argentino Trapiche Malbec Garrafa com 750ml,Trapiche,40.9,37.9,0.0,2025-09-12
33807,Bebidas,Vinhos,Vinho Argentino Concha Y Toro Malbec Garrafa com 750ml,Concha Y Toro,32.9,27.9,0.0,2025-09-12
37130,Bebidas,Destilados,Cachaça Salinas Bálsamo Garrafa com 1L,Salinas,54.9,53.9,0.0,2025-09-12
37139,Bebidas,Destilados,Cachaça Salinas Tradicional Garrafa com 600ml,Salinas,42.99,41.99,0.0,2025-09-12
16327,Mercearia,"Azeites, óleos e vinagres",Azeite de Oliva Andorinha Extra Virgem Vidro com 500ml,Andorinha,29.4,27.4,0.0,2025-09-12
16464,Mercearia,"Azeites, óleos e vinagres",Azeite de Oliva Gallo Extra Virgem Vidro com 500ml,Gallo,32.9,30.9,0.0,2025-09-12
39643,Mercearia,"Azeites, óleos e vinagres",Azeite de Oliva Deleyda Extra Virgem Premium Vidro com 500ml,Deleyda,69.9,65.0,0.0,2025-09-12
26381,Mercearia,Temperos e condimentos,Ketchup Heinz Tradicional Pet com 397g,Heinz,16.49,15.99,0.0,2025-09-12
17035,Mercearia,Temperos e condimentos,Orégano Kitano Sachê com 10g,Kitano,3.99,3.79,0.0,2025-09-12
19822,Bebidas,Destilados,Gin Seagers Garrafa com 1L,Seagers,42.89,40.79,0.0,2025-09-12
5634,Mercearia,Temperos e condimentos,Ajinomoto Refil com 100g,Ajinomoto,7.49,6.59,0.0,2025-09-12
14436,Mercearia,Temperos e condimentos,Molho Shoyu Sakura Pet com 150ml,Sakura,3.29,2.49,0.0,2025-09-12
27280,Mercearia,Confeitaria,Creme de Leite Italac TP com 200g,Italac,3.19,2.89,0.0,2025-09-12
38668,Padaria e matinais,Pães e torradas,Pullman Rap 10 Original Pacote com 297g,Pullman,11.98,11.98,0.0,2025-09-12
5666,Limpeza,Limpeza de cozinha,Esponja Scotch-Brite Pacote com 4 unidades,Scotch-Brite,7.49,6.69,0.0,2025-09-12
5658,Limpeza,Limpeza de cozinha,Esponja Scotch-Brite Não Risca Pacote com 3 unidades,Scotch-Brite,7.99,7.49,0.0,2025-09-12
16022,Mercearia,Bomboniere,Chiclete Mentos Fresh Mint Unidade com 56g,Mentos,10.9,10.9,0.0,2025-09-12
34777,Limpeza,Limpeza de casa,Limpador Perfumado Concentrado Coala Cereja e Avelã Frasco com 120ml,Coala,11.9,10.9,0.0,2025-09-12
38763,Mercearia,Massas e molhos,Molho de Tomate Salsaretti Tradicional Pouch com 300g,Salsaretti,1.85,1.75,0.0,2025-09-19
13480,Mercearia,Massas e molhos,Molho de Tomate Salsaretti Passata Rústica Vidro com 680g,Salsaretti,14.9,14.49,0.0,2025-09-19
13206,Mercearia,Massas e molhos,Molho de Tomate Pomarola Chef Passata Vidro com 700g,Pomarola,18.9,18.6,0.0,2025-09-19
36708,Limpeza,Limpeza de cozinha,Detergente Líquido Ypê Clear,Ypê,2.35,2.25,0.0,2025-09-19
36410,Limpeza,Limpeza de cozinha,Detergente Líquido Limpol Neutro,Limpol,2.3,2.25,0.0,2025-09-19
36362,Limpeza,Limpeza de cozinha,Detergente Líquido Limpol Coco,Limpol,2.3,2.25,0.0,2025-09-19
28697,Higiene e perfumaria,Higiene bucal,Creme Dental Oral-B 1-2-3 Tubo com 70g,Oral-B,2.9,2.9,0.0,2025-09-19
28319,Higiene e perfumaria,Higiene bucal,Creme Dental Colgate Máxima Proteção Anticáries,Colgate,4.49,4.14,0.0,2025-09-19
28585,Higiene e perfumaria,Higiene bucal,Creme Dental Colgate Tripla Ação Menta Original,Colgate,3.99,3.99,0.0,2025-09-19
28745,Higiene e perfumaria,Higiene bucal,Creme Dental Oral-B 4 em 1 Tubo com 70g,Oral-B,4.2,3.9,0.0,2025-09-19
12460,Bebidas,Cervejas,Cerveja Heineken Lata com 269ml,Heineken,4.59,4.19,0.0,2025-09-19
13164,Bebidas,Cervejas,Cerveja Puro Malte Spaten Lata com 269ml,Spaten,2.99,2.99,0.0,2025-09-19
13362,Bebidas,Cervejas,Cerveja Stella Artois,Stella Artois,4.97,4.97,0.0,2025-09-19
12490,Bebidas,Cervejas,Cerveja Heineken Zero Lata com 269ml,Heineken,4.59,4.19,0.0,2025-09-19
12498,Bebidas,Cervejas,Cerveja Heineken Zero Long neck com 330ml,Heineken,6.99,6.59,0.0,2025-09-19
13351,Bebidas,Cervejas,Cerveja Spaten Puro Malte Lata com 350ml,Spaten,3.99,3.99,0.0,2025-09-19
12385,Bebidas,Cervejas,Cerveja Estrella Galicia Lata com 269ml,Estrella Galicia,3.99,3.79,0.0,2025-09-19
12389,Bebidas,Cervejas,Cerveja Estrella Galicia Lata com 350ml,Estrella Galicia,4.99,4.79,0.0,2025-09-19
1187,Mercearia,Massas e molhos,Macarrão com Ovos Dona Benta Espaguete Pacote com 500g,Dona Benta,3.59,3.39,0.0,2025-09-19
1061,Mercearia,Massas e molhos,Macarrão com Ovos Adria Espaguete,Adria,2.99,2.99,0.0,2025-09-19
1203,Mercearia,Massas e molhos,Macarrão com Ovos Dona Benta Penne Pacote com 500g,Dona Benta,3.59,3.39,0.0,2025-09-19
1090,Mercearia,Massas e molhos,Macarrão com Ovos Adria Pena,Adria,2.99,2.99,0.0,2025-09-19
1065,Mercearia,Massas e molhos,Macarrão com Ovos Adria Espaguetinho Nº9 Pacote com 500g,Adria,2.99,2.99,0.0,2025-09-19
1433,Mercearia,Massas e molhos,Macarrão com Ovos Renata Espaguete,Renata,3.79,3.49,0.0,2025-09-19
1442,Mercearia,Massas e molhos,Macarrão com Ovos Renata Pena,Renata,3.79,3.49,0.0,2025-09-19
13073,Mercearia,"Cafés, chás e achocolatados",Filtro de Papel para Café Melitta Nº 103 Caixeta com 30 unidades,Melitta,4.19,3.89,0.0,2025-09-19
39240,Mercearia,Grãos,Milho para Pipoca Yoki Pacote com 400g,Yoki,3.49,3.49,0.0,2025-09-19
39238,Mercearia,Grãos,Milho para Pipoca Yoki Premium Pacote com 400g,Yoki,5.99,5.99,0.0,2025-09-19
12293,Mercearia,Temperos e condimentos,Molho de Mostarda Heinz Pet com 255g,Heinz,13.99,13.99,0.0,2025-09-19
38161,Limpeza,Limpeza de banheiro,Desinfetante Pinho Bril Plus Frasco com 500ml,Pinho Bril,4.87,4.87,0.0,2025-09-19
31494,Limpeza,Limpeza de banheiro,Desinfetante Lysoform Suave,Lysoform,15.4,14.4,0.0,2025-09-19
32839,Padaria e matinais,Leites,Leite Longa Vida Piracanjuba Com tampa Integral,Piracanjuba,5.29,4.99,0.0,2025-09-19
32447,Padaria e matinais,Leites,Leite Longa Vida Jussara Com tampa Integral,Jussara,5.15,4.95,0.0,2025-09-19
30600,Mercearia,Confeitaria,Leite Condensado Moça Integral,Moça,7.99,7.99,0.0,2025-09-19
32452,Padaria e matinais,Leites,Leite Longa Vida Jussara Com tampa Semidesnatado,Jussara,5.15,4.95,0.0,2025-09-19
32828,Padaria e matinais,Leites,Leite Longa Vida Piracanjuba A2 Semidesnatado TP com 1L,Piracanjuba,7.49,6.99,0.0,2025-09-19
3984,Bebidas,Refrigerantes,Refrigerante Coca-Cola Sem açúcar Pet com 1L,Coca-Cola,6.19,5.99,0.0,2025-09-19
64,Mercearia,Massas e molhos,Queijo Ralado Parmesão Président Pacote com 50g,Président,5.69,5.39,0.0,2025-09-19
36611,Mercearia,Massas e molhos,Queijo Parmesão Ralado Vigor,Vigor,6.29,5.99,0.0,2025-09-19
5350,Limpeza,Limpeza de banheiro,Água Sanitária Super Candida,Super Candida,4.69,4.69,0.0,2025-09-19
22295,Padaria e matinais,Pães e torradas,Pão de Forma Pullman Tradicional Pacote com 480g,Pullman,6.98,6.98,0.0,2025-09-19
38793,Padaria e matinais,Pães e torradas,Pão de Forma Visconti Tradicional Pacote com 400g,Visconti,6.98,6.39,0.0,2025-09-19
17933,Mercearia,Chocolates,Chocolate Nestlé Crunch Unidade com 80g,Nestlé,7.19,7.19,0.0,2025-09-19
44028,Limpeza,Limpeza de casa,Removedor Suprema Tradicional Frasco com 1L,Suprema,8.59,7.79,0.0,2025-09-19
13757,Mercearia,Grãos,Arroz Camil Integral Pacote com 1kg,Camil,5.99,5.79,0.0,2025-09-19
9742,Mercearia,Grãos,Feijão Carioca Camil Tipo 1,Camil,5.85,5.59,0.0,2025-09-19
10394,Limpeza,Limpeza de roupas,Amaciante para Roupas Concentrado Comfort Azul,Comfort,10.8,9.99,0.0,2025-09-19
10340,Limpeza,Limpeza de roupas,Amaciante para Roupas Comfort Lavanda Refil com 900ml,Comfort,16.99,16.99,0.0,2025-09-19
10382,Limpeza,Limpeza de roupas,"Amaciante para Roupas Concentrado Baby Soft Inspiração Fascinante Frasco com 1,5L",Baby Soft,15.5,13.9,0.0,2025-09-19
32659,Higiene e perfumaria,Desodorantes,Desodorante Aerossol Dove Men+Care Frasco com 200ml,Dove,20.9,18.9,0.0,2025-09-19
32569,Higiene e perfumaria,Desodorantes,Desodorante Aerossol Bozzano Fresh Frasco com 150ml,Bozzano,10.99,10.29,0.0,2025-09-19
32932,Higiene e perfumaria,Desodorantes,Desodorante Aerossol Nivea Men Deep carvão Frasco com 150ml,Nivea,13.9,13.5,0.0,2025-09-19
29864,Limpeza,Limpeza de roupas,Tira Manchas em Gel Vanish Refil com 500ml,Vanish,12.5,11.5,0.0,2025-09-19
14304,Mercearia,Salgadinhos e snacks,Salgadinho Batata Pringles Creme e Cebola Tubo com 109g,Pringles,11.89,10.79,0.0,2025-09-19
5054,Frios e congelados,Margarinas e manteigas,Manteiga Aviação Com sal,Aviação,13.9,12.9,0.0,2025-09-19
5057,Frios e congelados,Margarinas e manteigas,Manteiga Aviação Com sal,Aviação,31.9,29.9,0.0,2025-09-19
30248,Limpeza,Limpeza de roupas,Lava Roupas Líquido Omo Lavanda Refil com 900ml,Omo,12.99,12.99,0.0,2025-09-19
25621,Higiene e perfumaria,Papel higiênico,Papel Higiênico Personal Vip Folha dupla - 30m Pacote com 24 rolos,Personal,39.77,37.77,0.0,2025-09-19
25610,Higiene e perfumaria,Papel higiênico,Papel Higiênico Personal Vip Folha dupla - 30m Pacote com 12 rolos,Personal,19.89,18.89,0.0,2025-09-19
11516,Higiene e perfumaria,Sabonetes,Sabonete Líquido Protex Nutri protect,Protex,19.49,19.49,0.0,2025-09-19
915,Mercearia,"Cafés, chás e achocolatados",Café 3 Corações Tradicional,3 Corações,31.98,31.98,0.0,2025-09-19
924,Mercearia,"Cafés, chás e achocolatados",Café 3 Corações Tradicional - Vácuo Pacote com 500g,3 Corações,31.98,31.98,0.0,2025-09-19
2588,Mercearia,"Cafés, chás e achocolatados",Café Melitta Tradicional Pouch com 500g,Melitta,33.78,32.78,0.0,2025-09-19
3148,Mercearia,"Cafés, chás e achocolatados",Café Premium 3 Corações Estrada Real Pacote com 500g,3 Corações,39.98,38.98,0.0,2025-09-19
20562,Higiene e perfumaria,Cabelo,Shampoo Clear 2 em 1 Frasco com 400ml,Clear,26.19,24.6,0.0,2025-09-19
20602,Higiene e perfumaria,Cabelo,Shampoo Clear Ice Cool Menthol Frasco com 400ml,Clear,26.19,24.6,0.0,2025-09-19
20745,Higiene e perfumaria,Cabelo,Shampoo Elseve Hidra Hialurônico Frasco com 400ml,Elseve,27.99,26.99,0.0,2025-09-19
33964,Bebidas,Vinhos,Vinho Argentino Trapiche Malbec Garrafa com 750ml,Trapiche,39.9,37.89,0.0,2025-09-19
33807,Bebidas,Vinhos,Vinho Argentino Concha Y Toro Malbec Garrafa com 750ml,Concha Y Toro,32.9,27.9,0.0,2025-09-19
37130,Bebidas,Destilados,Cachaça Salinas Bálsamo Garrafa com 1L,Salinas,54.9,53.9,0.0,2025-09-19
16327,Mercearia,"Azeites, óleos e vinagres",Azeite de Oliva Andorinha Extra Virgem,Andorinha,29.4,27.4,0.0,2025-09-19
16464,Mercearia,"Azeites, óleos e vinagres",Azeite de Oliva Gallo Extra Virgem,Gallo,32.9,30.9,0.0,2025-09-19
39643,Mercearia,"Azeites, óleos e vinagres",Azeite de Oliva Deleyda Extra Virgem Premium Vidro com 500ml,Deleyda,69.9,65.0,0.0,2025-09-19
26381,Mercearia,Temperos e condimentos,Ketchup Heinz Tradicional Pet com 397g,Heinz,15.69,14.89,0.0,2025-09-19
17035,Mercearia,Temperos e condimentos,Orégano Kitano Sachê com 10g,Kitano,3.99,3.79,0.0,2025-09-19
19822,Bebidas,Destilados,Gin Seagers Garrafa com 1L,Seagers,42.89,40.79,0.0,2025-09-19
5634,Mercearia,Temperos e condimentos,Ajinomoto,Ajinomoto,7.49,6.59,0.0,2025-09-19
14436,Mercearia,Temperos e condimentos,Molho Shoyu Sakura Pet com 150ml,Sakura,3.39,2.89,0.0,2025-09-19
27280,Mercearia,Confeitaria,Creme de Leite Italac,Italac,3.19,2.89,0.0,2025-09-19
38668,Padaria e matinais,Pães e torradas,Pullman Rap 10 Original Pacote com 297g,Pullman,11.98,11.98,0.0,2025-09-19
5666,Limpeza,Limpeza de cozinha,Esponja Scotch-Brite Pacote com 4 unidades,Scotch-Brite,7.75,6.6,0.0,2025-09-19
5658,Limpeza,Limpeza de cozinha,Esponja Scotch-Brite Não Risca Pacote com 3 unidades,Scotch-Brite,7.99,7.59,0.0,2025-09-19
16022,Mercearia,Bomboniere,Chiclete Mentos Fresh Mint Unidade com 56g,Mentos,10.9,10.9,0.0,2025-09-19
34777,Limpeza,Limpeza de casa,Limpador Perfumado Concentrado Coala Cereja e Avelã Frasco com 120ml,Coala,11.9,10.9,0.0,2025-09-19
